kind,split,n_pairs,n_mean,n_min,n_max,m_mean,m_min,m_max,delta_length_mean,delta_length_min,delta_length_max,deleted_mean,deleted_min,deleted_max,added_mean,added_min,added_max,edited_mean,edited_min,edited_max,position_mean,position_min,position_max,matching_cost_mean,matching_cost_min,matching_cost_max,source_token_seen_fraction,predicate_seen_fraction
negation,dev,48,11.1875,10.0,13.0,11.1875,10.0,13.0,0.0,0.0,0.0,1.0,1.0,1.0,1.0,1.0,1.0,2.0,2.0,2.0,0.4491064491064491,0.38461538461538464,0.5,0.0,0.0,0.0,1.0,1.0
negation,iid,48,11.1875,10.0,13.0,11.1875,10.0,13.0,0.0,0.0,0.0,1.0,1.0,1.0,1.0,1.0,1.0,2.0,2.0,2.0,0.4491064491064491,0.38461538461538464,0.5,0.0,0.0,0.0,1.0,1.0
negation,joint,32,11.125,10.0,12.0,11.125,10.0,12.0,0.0,0.0,0.0,1.0,1.0,1.0,1.0,1.0,1.0,2.0,2.0,2.0,0.45170454545454547,0.4166666666666667,0.5,0.0,0.0,0.0,0.6629213483146067,0.0
negation,template,64,10.5625,10.0,12.0,10.5625,10.0,12.0,0.0,0.0,0.0,1.0,1.0,1.0,1.0,1.0,1.0,2.0,2.0,2.0,0.47490530303030304,0.4166666666666667,0.5,0.0,0.0,0.0,0.7100591715976331,0.0
negation,topic,96,11.208333333333334,10.0,13.0,11.208333333333334,10.0,13.0,0.0,0.0,0.0,1.0,1.0,1.0,1.0,1.0,1.0,2.0,2.0,2.0,0.4478438228438228,0.38461538461538464,0.5,0.0,0.0,0.0,0.8104089219330854,1.0
negation,train,96,11.1875,10.0,13.0,11.1875,10.0,13.0,0.0,0.0,0.0,1.0,1.0,1.0,1.0,1.0,1.0,2.0,2.0,2.0,0.4491064491064491,0.38461538461538464,0.5,0.0,0.0,0.0,1.0,1.0
time,dev,48,11.1875,10.0,13.0,11.1875,10.0,13.0,0.0,0.0,0.0,1.0,1.0,1.0,1.0,1.0,1.0,2.0,2.0,2.0,0.0,0.0,0.0,0.8982128982128982,0.7692307692307693,1.0,1.0,1.0
time,iid,48,11.1875,10.0,13.0,11.1875,10.0,13.0,0.0,0.0,0.0,1.0,1.0,1.0,1.0,1.0,1.0,2.0,2.0,2.0,0.0,0.0,0.0,0.8982128982128982,0.7692307692307693,1.0,1.0,1.0
time,joint,32,11.125,10.0,12.0,11.125,10.0,12.0,0.0,0.0,0.0,1.0,1.0,1.0,1.0,1.0,1.0,2.0,2.0,2.0,0.0,0.0,0.0,0.9034090909090909,0.8333333333333334,1.0,0.6629213483146067,0.0
time,template,64,10.5625,10.0,12.0,10.5625,10.0,12.0,0.0,0.0,0.0,1.0,1.0,1.0,1.0,1.0,1.0,2.0,2.0,2.0,0.0,0.0,0.0,0.9498106060606061,0.8333333333333334,1.0,0.7100591715976331,0.0
time,topic,96,11.208333333333334,10.0,13.0,11.208333333333334,10.0,13.0,0.0,0.0,0.0,1.0,1.0,1.0,1.0,1.0,1.0,2.0,2.0,2.0,0.0,0.0,0.0,0.8956876456876456,0.7692307692307693,1.0,0.8104089219330854,1.0
time,train,96,11.1875,10.0,13.0,11.1875,10.0,13.0,0.0,0.0,0.0,1.0,1.0,1.0,1.0,1.0,1.0,2.0,2.0,2.0,0.0,0.0,0.0,0.8982128982128982,0.7692307692307693,1.0,1.0,1.0
emphasis,dev,48,11.1875,10.0,13.0,12.1875,11.0,14.0,1.0,1.0,1.0,0.0,0.0,0.0,1.0,1.0,1.0,1.0,1.0,1.0,0.4491064491064491,0.38461538461538464,0.5,2.0,2.0,2.0,1.0,1.0
emphasis,iid,48,11.1875,10.0,13.0,12.1875,11.0,14.0,1.0,1.0,1.0,0.0,0.0,0.0,1.0,1.0,1.0,1.0,1.0,1.0,0.4491064491064491,0.38461538461538464,0.5,2.0,2.0,2.0,1.0,1.0
emphasis,joint,32,11.125,10.0,12.0,12.125,11.0,13.0,1.0,1.0,1.0,0.0,0.0,0.0,1.0,1.0,1.0,1.0,1.0,1.0,0.45170454545454547,0.4166666666666667,0.5,2.0,2.0,2.0,0.6629213483146067,0.0
emphasis,template,64,10.5625,10.0,12.0,11.5625,11.0,13.0,1.0,1.0,1.0,0.0,0.0,0.0,1.0,1.0,1.0,1.0,1.0,1.0,0.47490530303030304,0.4166666666666667,0.5,2.0,2.0,2.0,0.7100591715976331,0.0
emphasis,topic,96,11.208333333333334,10.0,13.0,12.208333333333334,11.0,14.0,1.0,1.0,1.0,0.0,0.0,0.0,1.0,1.0,1.0,1.0,1.0,1.0,0.4478438228438228,0.38461538461538464,0.5,2.0,2.0,2.0,0.8104089219330854,1.0
emphasis,train,96,11.1875,10.0,13.0,12.1875,11.0,14.0,1.0,1.0,1.0,0.0,0.0,0.0,1.0,1.0,1.0,1.0,1.0,1.0,0.4491064491064491,0.38461538461538464,0.5,2.0,2.0,2.0,1.0,1.0
