id,split,delta_energy,length_term_energy,edit_term_energy,cross_term,note
00-00,train,0.026949518734837814,0.0016506781693904436,0.031090834092031124,-0.005791993526583748,"Terms are correlated, not additive independent explained variances."
00-01,train,0.02239736932211648,0.0012116046081077354,0.02518357561454521,-0.003997810900536466,"Terms are correlated, not additive independent explained variances."
00-02,train,0.018449671299484376,0.0009207792948987719,0.020812872408715044,-0.003283980404129438,"Terms are correlated, not additive independent explained variances."
00-03,train,0.034411175803786824,0.002122861730185735,0.039349336897726885,-0.0070610228241257955,"Terms are correlated, not additive independent explained variances."
00-04,train,0.02234048289044431,0.0011734145257131113,0.025183575614545206,-0.004016507249814004,"Terms are correlated, not additive independent explained variances."
00-05,train,0.018483201175449285,0.0009329742105208994,0.020812872408715044,-0.00326264544378666,"Terms are correlated, not additive independent explained variances."
00-06,train,0.02694928439105214,0.0016118432027744261,0.031090834092031117,-0.005753392903753405,"Terms are correlated, not additive independent explained variances."
00-07,train,0.0186432810995555,0.0009335608048543866,0.020812872408715044,-0.003103152114013931,"Terms are correlated, not additive independent explained variances."
00-08,train,0.022064873211847906,0.0012596106881868146,0.02518357561454521,-0.004378313090884116,"Terms are correlated, not additive independent explained variances."
00-09,train,0.03368174347662626,0.0021135339374138743,0.039349336897726885,-0.0077811273585145,"Terms are correlated, not additive independent explained variances."
00-10,train,0.02755528791516195,0.001548665876416799,0.031090834092031117,-0.005084212053285969,"Terms are correlated, not additive independent explained variances."
00-11,train,0.018483343968600366,0.0009553561753096134,0.020812872408715044,-0.003284884615424289,"Terms are correlated, not additive independent explained variances."
00-12,train,0.03383167073306657,0.00203282261545104,0.039349336897726885,-0.007550488780111355,"Terms are correlated, not additive independent explained variances."
00-13,train,0.01872242820187437,0.0009464414494378961,0.020812872408715044,-0.0030368856562785636,"Terms are correlated, not additive independent explained variances."
00-14,train,0.022267712145907177,0.0011662021987870628,0.02518357561454521,-0.0040820656674250945,"Terms are correlated, not additive independent explained variances."
00-15,train,0.03430141206764982,0.002097607315083067,0.039349336897726885,-0.007145532145160128,"Terms are correlated, not additive independent explained variances."
00-16,train,0.02730245715548851,0.0015715565307065815,0.031090834092031124,-0.005359933467249188,"Terms are correlated, not additive independent explained variances."
00-17,train,0.03386052765055836,0.002162445349921617,0.039349336897726885,-0.0076512545970901374,"Terms are correlated, not additive independent explained variances."
00-18,train,0.022179855912780364,0.0011612485131860407,0.02518357561454521,-0.004164968214950887,"Terms are correlated, not additive independent explained variances."
00-19,train,0.01599683234679428,0.0007678952687154321,0.0174885941767675,-0.002259657098688654,"Terms are correlated, not additive independent explained variances."
00-20,train,0.02694462427362087,0.001627351063069149,0.031090834092031117,-0.0057735608814794,"Terms are correlated, not additive independent explained variances."
00-21,train,0.04364818824826236,0.002759204031923772,0.05139505227458204,-0.010506068058243462,"Terms are correlated, not additive independent explained variances."
00-22,train,0.034411061983738625,0.002114096407267584,0.039349336897726885,-0.007052371321255839,"Terms are correlated, not additive independent explained variances."
00-23,train,0.02221812200987868,0.0011608642163183599,0.02518357561454521,-0.004126317820984891,"Terms are correlated, not additive independent explained variances."
00-24,train,0.03379256566332093,0.002088178902298352,0.039349336897726885,-0.007644950136704298,"Terms are correlated, not additive independent explained variances."
00-25,train,0.018543214037195135,0.0009477322109789699,0.020812872408715044,-0.003217390582498879,"Terms are correlated, not additive independent explained variances."
00-26,train,0.027114789893706845,0.001624899224569615,0.03109083409203112,-0.005600943422893889,"Terms are correlated, not additive independent explained variances."
00-27,train,0.0270242950136909,0.0015612895942868359,0.03109083409203112,-0.005627828672627056,"Terms are correlated, not additive independent explained variances."
00-28,dev,0.027374644497370742,0.0015790723108890599,0.03109083409203112,-0.0052952619055494365,"Terms are correlated, not additive independent explained variances."
00-29,dev,0.022066000140271685,0.0012891617116038488,0.02518357561454521,-0.00440673718587737,"Terms are correlated, not additive independent explained variances."
00-30,dev,0.043347022216508935,0.002944651591882141,0.05139505227458204,-0.010992681649955247,"Terms are correlated, not additive independent explained variances."
00-31,dev,0.027479706356304964,0.001533179834739785,0.031090834092031117,-0.005144307570465939,"Terms are correlated, not additive independent explained variances."
00-32,dev,0.027082610893357777,0.0016313208470508855,0.03109083409203112,-0.0056395440457242315,"Terms are correlated, not additive independent explained variances."
00-33,dev,0.042821974399063156,0.003052941391459282,0.05139505227458205,-0.011626019266978172,"Terms are correlated, not additive independent explained variances."
00-34,dev,0.027413990717190362,0.0014928542995823325,0.031090834092031124,-0.0051696976744230886,"Terms are correlated, not additive independent explained variances."
00-35,dev,0.01859763908878166,0.0009038504610095597,0.020812872408715044,-0.0031190837809429396,"Terms are correlated, not additive independent explained variances."
00-36,iid,0.03390853998423872,0.002119643902181804,0.039349336897726885,-0.007560440815669965,"Terms are correlated, not additive independent explained variances."
00-37,iid,0.027388572708629343,0.0015192093672057498,0.03109083409203112,-0.00522147075060753,"Terms are correlated, not additive independent explained variances."
00-38,iid,0.022280764437375023,0.0011498987836932365,0.02518357561454521,-0.004052709960863425,"Terms are correlated, not additive independent explained variances."
00-39,iid,0.03352920535862364,0.0021460341452907363,0.039349336897726885,-0.007966165684393987,"Terms are correlated, not additive independent explained variances."
00-40,template,0.027379952787895727,0.0016193276668404464,0.031090834092031117,-0.005330208970975839,"Terms are correlated, not additive independent explained variances."
00-41,template,0.018800351073316,0.0010155803350846292,0.020812872408715044,-0.0030281016704836712,"Terms are correlated, not additive independent explained variances."
00-42,template,0.02237810873979879,0.001184597168002911,0.02518357561454521,-0.003990064042749332,"Terms are correlated, not additive independent explained variances."
00-43,template,0.0221048102643253,0.0013197588884941978,0.02518357561454521,-0.004398524238714107,"Terms are correlated, not additive independent explained variances."
00-44,expression,0.025544865215387833,0.01000319380625133,0.02385811847762489,-0.008316447068488383,"Terms are correlated, not additive independent explained variances."
00-45,expression,0.039486549571174576,0.01699130506125215,0.032473550150100554,-0.009978305640178127,"Terms are correlated, not additive independent explained variances."
00-46,expression,0.017347759597672034,0.006039235092063595,0.016180592462333835,-0.004872067956725399,"Terms are correlated, not additive independent explained variances."
00-47,expression,0.017526741474726274,0.005994292040777168,0.016180592462333835,-0.004648143028384727,"Terms are correlated, not additive independent explained variances."
01-00,train,0.021938887864948426,0.0012371592613373782,0.02518357561454521,-0.0044818470109341604,"Terms are correlated, not additive independent explained variances."
01-01,train,0.01851454373113086,0.0010000119701888731,0.020812872408715044,-0.0032983406477730577,"Terms are correlated, not additive independent explained variances."
01-02,train,0.02743642075079179,0.0015769116827789888,0.03109083409203112,-0.005231325024018318,"Terms are correlated, not additive independent explained variances."
01-03,train,0.0436431013508246,0.0029081959400658877,0.05139505227458204,-0.010660146863823331,"Terms are correlated, not additive independent explained variances."
01-04,train,0.018505575657204055,0.0010120804808242474,0.020812872408715044,-0.003319377232335236,"Terms are correlated, not additive independent explained variances."
01-05,train,0.022201755145023688,0.0012285301412661973,0.02518357561454521,-0.004210350610787717,"Terms are correlated, not additive independent explained variances."
01-06,train,0.043229357336951775,0.0031347404098402507,0.05139505227458205,-0.011300435347470519,"Terms are correlated, not additive independent explained variances."
01-07,train,0.02766206168768913,0.0015115768968886672,0.03109083409203112,-0.00494034930123066,"Terms are correlated, not additive independent explained variances."
01-08,train,0.01850452663329113,0.0009734004218268045,0.020812872408715044,-0.0032817461972507135,"Terms are correlated, not additive independent explained variances."
01-09,train,0.043650193073988514,0.002877397136157957,0.05139505227458204,-0.010622256336751488,"Terms are correlated, not additive independent explained variances."
01-10,train,0.018498510019738325,0.0009882155181214854,0.020812872408715044,-0.0033025779070982027,"Terms are correlated, not additive independent explained variances."
01-11,train,0.022217280866670384,0.0011949257606616236,0.02518357561454521,-0.004161220508536451,"Terms are correlated, not additive independent explained variances."
01-12,train,0.05518941143899431,0.008310351232089355,0.07507465570871044,-0.028195595501805504,"Terms are correlated, not additive independent explained variances."
01-13,train,0.018752206598647923,0.0009410832195596108,0.020812872408715044,-0.0030017490296267283,"Terms are correlated, not additive independent explained variances."
01-14,train,0.018294379885417895,0.0009763150009245393,0.020812872408715044,-0.003494807524221687,"Terms are correlated, not additive independent explained variances."
01-15,train,0.03379899162964797,0.0022709709745486863,0.039349336897726885,-0.007821316242627595,"Terms are correlated, not additive independent explained variances."
01-16,train,0.027657675744582173,0.0016252128385002879,0.031090834092031124,-0.005058371185949236,"Terms are correlated, not additive independent explained variances."
01-17,train,0.022218146330227072,0.0011567458246776329,0.02518357561454521,-0.004122175108995771,"Terms are correlated, not additive independent explained variances."
01-18,train,0.0267089602567262,0.0016089351553554053,0.03109083409203112,-0.005990808990660329,"Terms are correlated, not additive independent explained variances."
01-19,train,0.027728388262113185,0.00156319767675593,0.031090834092031117,-0.0049256435066738664,"Terms are correlated, not additive independent explained variances."
01-20,train,0.022663498764994492,0.0011901544451240827,0.025183575614545213,-0.003710231294674799,"Terms are correlated, not additive independent explained variances."
01-21,train,0.04348246163037402,0.0028854213024632406,0.05139505227458204,-0.010798011946671272,"Terms are correlated, not additive independent explained variances."
01-22,train,0.022566829502780994,0.0011358327359678954,0.02518357561454521,-0.00375257884773211,"Terms are correlated, not additive independent explained variances."
01-23,train,0.022193424640562166,0.0012018188821021469,0.02518357561454521,-0.004191969856085189,"Terms are correlated, not additive independent explained variances."
01-24,train,0.0438476093865477,0.0031544775393654925,0.05139505227458205,-0.01070192042739983,"Terms are correlated, not additive independent explained variances."
01-25,train,0.027514517121403653,0.001465886220997502,0.03109083409203112,-0.005042203191624968,"Terms are correlated, not additive independent explained variances."
01-26,train,0.02721514387666938,0.0015708434966322789,0.031090834092031117,-0.005446533711994019,"Terms are correlated, not additive independent explained variances."
01-27,train,0.04335646253306252,0.003137668644431165,0.05139505227458204,-0.011176258385950683,"Terms are correlated, not additive independent explained variances."
01-28,dev,0.015862086833019016,0.000781307884301395,0.0174885941767675,-0.00240781522804988,"Terms are correlated, not additive independent explained variances."
01-29,dev,0.022303408160448505,0.0012259720885244953,0.02518357561454521,-0.004106139542621198,"Terms are correlated, not additive independent explained variances."
01-30,dev,0.0437937114261122,0.003116274733369043,0.05139505227458205,-0.01071761558183889,"Terms are correlated, not additive independent explained variances."
01-31,dev,0.022880053547845385,0.0011816164742940631,0.02518357561454521,-0.0034851385409938843,"Terms are correlated, not additive independent explained variances."
01-32,dev,0.030861377748555914,0.0038133640957467526,0.03970890880460719,-0.012660895151798024,"Terms are correlated, not additive independent explained variances."
01-33,dev,0.026514626907962018,0.001724469813492086,0.031090834092031124,-0.006300676997561193,"Terms are correlated, not additive independent explained variances."
01-34,dev,0.022625729694865086,0.0011504807744921923,0.02518357561454521,-0.003708326694172314,"Terms are correlated, not additive independent explained variances."
01-35,dev,0.04539305017095662,0.006022964549883991,0.059318246485894684,-0.01994816086482206,"Terms are correlated, not additive independent explained variances."
01-36,iid,0.04369014279340421,0.0029689255039736084,0.05139505227458205,-0.010673834985151436,"Terms are correlated, not additive independent explained variances."
01-37,iid,0.022457225449035362,0.0012302573506748717,0.02518357561454521,-0.003956607516184717,"Terms are correlated, not additive independent explained variances."
01-38,iid,0.018281493355968494,0.0009495036573065612,0.02081287240871504,-0.003480882710053106,"Terms are correlated, not additive independent explained variances."
01-39,iid,0.0338619107163777,0.002280860337694591,0.039349336897726885,-0.007768286519043771,"Terms are correlated, not additive independent explained variances."
01-40,template,0.01849833897945978,0.0010203429284206585,0.020812872408715044,-0.0033348763576759232,"Terms are correlated, not additive independent explained variances."
01-41,template,0.015570378584946561,0.0008011126415498793,0.0174885941767675,-0.002719328233370819,"Terms are correlated, not additive independent explained variances."
01-42,template,0.02743037045217141,0.0016786098770022158,0.03109083409203112,-0.005339073516861927,"Terms are correlated, not additive independent explained variances."
01-43,template,0.027448864175011294,0.0016669892538616429,0.031090834092031117,-0.005308959170881469,"Terms are correlated, not additive independent explained variances."
01-44,expression,0.0192721660587638,0.007188485404979536,0.018266371959431555,-0.006182691305647292,"Terms are correlated, not additive independent explained variances."
01-45,expression,0.03184768176501959,0.014149005491566169,0.027669770542097506,-0.00997109426864408,"Terms are correlated, not additive independent explained variances."
01-46,expression,0.022872727608774897,0.00844785946058891,0.02078307209606435,-0.00635820394787836,"Terms are correlated, not additive independent explained variances."
01-47,expression,0.02147022380987438,0.008322748693735147,0.02078307209606435,-0.007635596979925122,"Terms are correlated, not additive independent explained variances."
02-00,train,0.026994743858196557,0.0015527624634224717,0.03109083409203112,-0.005648852697257031,"Terms are correlated, not additive independent explained variances."
02-01,train,0.02733237122057508,0.0015545947192913425,0.031090834092031117,-0.005313057590747383,"Terms are correlated, not additive independent explained variances."
02-02,train,0.022163150428465478,0.0012058807368665484,0.02518357561454521,-0.004226305922946276,"Terms are correlated, not additive independent explained variances."
02-03,train,0.043716978864633146,0.002864322769858076,0.05139505227458204,-0.010542396179806972,"Terms are correlated, not additive independent explained variances."
02-04,train,0.027337484975540914,0.0015916305213781986,0.03109083409203112,-0.005344979637868402,"Terms are correlated, not additive independent explained variances."
02-05,train,0.02225587192014563,0.0012114156506754302,0.02518357561454521,-0.00413911934507501,"Terms are correlated, not additive independent explained variances."
02-06,train,0.03371009055997567,0.0021076072525050595,0.039349336897726885,-0.007746853590256273,"Terms are correlated, not additive independent explained variances."
02-07,train,0.015595784917766198,0.0007304862680720101,0.0174885941767675,-0.002623295527073311,"Terms are correlated, not additive independent explained variances."
02-08,train,0.0221757467478958,0.0011133628722868809,0.02518357561454521,-0.004121191738936288,"Terms are correlated, not additive independent explained variances."
02-09,train,0.027169828029292534,0.0015895446298155942,0.031090834092031124,-0.005510550692554185,"Terms are correlated, not additive independent explained variances."
02-10,train,0.028325114859551165,0.0,0.028325114859551165,0.0,"Terms are correlated, not additive independent explained variances."
02-11,train,0.022395184144197236,0.0011679975876511708,0.02518357561454521,-0.003956389057999145,"Terms are correlated, not additive independent explained variances."
02-12,train,0.04362935968774623,0.0029047345574476895,0.05139505227458204,-0.010670427144283508,"Terms are correlated, not additive independent explained variances."
02-13,train,0.027729535297020737,0.0015490365805319046,0.031090834092031124,-0.004910335375542285,"Terms are correlated, not additive independent explained variances."
02-14,train,0.027098757185386183,0.0016266622014468987,0.03109083409203112,-0.005618739108091833,"Terms are correlated, not additive independent explained variances."
02-15,train,0.03446554450920257,0.0020338955700639556,0.039349336897726885,-0.00691768795858827,"Terms are correlated, not additive independent explained variances."
02-16,train,0.018545952980623344,0.0009698758438925541,0.020812872408715044,-0.0032367952719842504,"Terms are correlated, not additive independent explained variances."
02-17,train,0.027234647246741114,0.0015277649424506566,0.031090834092031117,-0.005383951787740666,"Terms are correlated, not additive independent explained variances."
02-18,train,0.03378490348275673,0.002095287991128471,0.039349336897726885,-0.0076597214060986326,"Terms are correlated, not additive independent explained variances."
02-19,train,0.018513549244850436,0.0009559503316657523,0.020812872408715044,-0.003255273495530358,"Terms are correlated, not additive independent explained variances."
02-20,train,0.022074878820923693,0.0012827203927265386,0.02518357561454521,-0.004391417186348058,"Terms are correlated, not additive independent explained variances."
02-21,train,0.04355019357767553,0.0028217144444202995,0.05139505227458205,-0.01066657314132681,"Terms are correlated, not additive independent explained variances."
02-22,train,0.027396936275388216,0.0015909863040455287,0.031090834092031117,-0.0052848841206884324,"Terms are correlated, not additive independent explained variances."
02-23,train,0.022295350456381785,0.0011700044669350883,0.02518357561454521,-0.004058229625098512,"Terms are correlated, not additive independent explained variances."
02-24,train,0.02647704445357643,0.0016896321245423946,0.03109083409203112,-0.006303421762997081,"Terms are correlated, not additive independent explained variances."
02-25,train,0.018483148567025015,0.0009731218680754847,0.020812872408715044,-0.003302845709765513,"Terms are correlated, not additive independent explained variances."
02-26,train,0.022206471364843758,0.001197171938100952,0.02518357561454521,-0.0041742761878024014,"Terms are correlated, not additive independent explained variances."
02-27,train,0.04371819831734727,0.002921274335650842,0.05139505227458204,-0.010598128292885617,"Terms are correlated, not additive independent explained variances."
02-28,dev,0.015636493533947048,0.0007602007836621623,0.0174885941767675,-0.0026123014264826175,"Terms are correlated, not additive independent explained variances."
02-29,dev,0.027165002234217157,0.0015287775949369023,0.03109083409203112,-0.0054546094527508655,"Terms are correlated, not additive independent explained variances."
02-30,dev,0.026459821281658323,0.001704330999745306,0.031090834092031124,-0.006335343810118101,"Terms are correlated, not additive independent explained variances."
02-31,dev,0.0188571390229586,0.0008924423882581369,0.020812872408715044,-0.0028481757740145813,"Terms are correlated, not additive independent explained variances."
02-32,dev,0.01846352351422059,0.0009316523254384679,0.02081287240871504,-0.0032810012199329234,"Terms are correlated, not additive independent explained variances."
02-33,dev,0.028325114859551165,0.0,0.028325114859551165,0.0,"Terms are correlated, not additive independent explained variances."
02-34,dev,0.015691988290261097,0.0007558533264028648,0.0174885941767675,-0.00255245921290927,"Terms are correlated, not additive independent explained variances."
02-35,dev,0.027187481324650136,0.00152793975080859,0.03109083409203112,-0.005431292518189577,"Terms are correlated, not additive independent explained variances."
02-36,iid,0.03380688226066999,0.0019519401783172263,0.039349336897726885,-0.007494394815374122,"Terms are correlated, not additive independent explained variances."
02-37,iid,0.015808916111081227,0.000766169197760618,0.0174885941767675,-0.0024458472634468946,"Terms are correlated, not additive independent explained variances."
02-38,iid,0.02252056377380074,0.001156195216820317,0.02518357561454521,-0.0038192070575647874,"Terms are correlated, not additive independent explained variances."
02-39,iid,0.034969277604384154,0.0,0.034969277604384154,0.0,"Terms are correlated, not additive independent explained variances."
02-40,template,0.027465607921239924,0.0016241175439879968,0.03109083409203112,-0.005249343714779194,"Terms are correlated, not additive independent explained variances."
02-41,template,0.022499353652272305,0.0012095211776121512,0.02518357561454521,-0.0038937431398850526,"Terms are correlated, not additive independent explained variances."
02-42,template,0.01841398702312847,0.0010140187278489562,0.020812872408715044,-0.003412904113435527,"Terms are correlated, not additive independent explained variances."
02-43,template,0.018430395784775032,0.0010040184043277386,0.020812872408715044,-0.0033864950282677464,"Terms are correlated, not additive independent explained variances."
02-44,expression,0.023015117986615936,0.009288910846654022,0.02078307209606435,-0.007056864956102437,"Terms are correlated, not additive independent explained variances."
02-45,expression,0.03750147824006529,0.015690121681057677,0.032473550150100554,-0.010662193591092939,"Terms are correlated, not additive independent explained variances."
02-46,expression,0.027108187991897546,0.009030367303817417,0.02385811847762489,-0.005780297789544759,"Terms are correlated, not additive independent explained variances."
02-47,expression,0.022445259642490924,0.008272737018395182,0.02078307209606435,-0.00661054947196861,"Terms are correlated, not additive independent explained variances."
03-00,train,0.026993701837111726,0.0016480455373810289,0.03109083409203112,-0.005745177792300422,"Terms are correlated, not additive independent explained variances."
03-01,train,0.022210062167548228,0.0011881127677886873,0.02518357561454521,-0.004161626214785666,"Terms are correlated, not additive independent explained variances."
03-02,train,0.018362914979812663,0.000932977518502191,0.020812872408715044,-0.003382934947404573,"Terms are correlated, not additive independent explained variances."
03-03,train,0.03329424673240877,0.002202677715374743,0.039349336897726885,-0.008257767880692853,"Terms are correlated, not additive independent explained variances."
03-04,train,0.027585676011320732,0.0015104023220660593,0.03109083409203112,-0.005015560402776446,"Terms are correlated, not additive independent explained variances."
03-05,train,0.02204957966621767,0.001185878618265128,0.02518357561454521,-0.004319874566592663,"Terms are correlated, not additive independent explained variances."
03-06,train,0.03496927760438415,0.0,0.03496927760438415,0.0,"Terms are correlated, not additive independent explained variances."
03-07,train,0.015632442153883028,0.0007978285312611505,0.0174885941767675,-0.0026539805541456224,"Terms are correlated, not additive independent explained variances."
03-08,train,0.026659233288516455,0.0015903134566401006,0.031090834092031117,-0.006021914260154768,"Terms are correlated, not additive independent explained variances."
03-09,train,0.04425799196804869,0.0,0.04425799196804869,0.0,"Terms are correlated, not additive independent explained variances."
03-10,train,0.018362675500959998,0.001050856452944789,0.020812872408715044,-0.0035010533606998325,"Terms are correlated, not additive independent explained variances."
03-11,train,0.022039888744594407,0.001266574382098065,0.02518357561454521,-0.004410261252048868,"Terms are correlated, not additive independent explained variances."
03-12,train,0.021691472667161572,0.0012235645677765722,0.02518357561454521,-0.004715667515160206,"Terms are correlated, not additive independent explained variances."
03-13,train,0.02252273194690604,0.0011989713474778564,0.02518357561454521,-0.003859815015117026,"Terms are correlated, not additive independent explained variances."
03-14,train,0.022235492360175788,0.0012509871369012196,0.02518357561454521,-0.00419907039127064,"Terms are correlated, not additive independent explained variances."
03-15,train,0.04291973135042076,0.002945837422396386,0.05139505227458204,-0.011421158346557669,"Terms are correlated, not additive independent explained variances."
03-16,train,0.013520403503143867,0.0006371096360761403,0.014901524032275269,-0.0020182301652075414,"Terms are correlated, not additive independent explained variances."
03-17,train,0.022160557412930743,0.0011935850271511549,0.02518357561454521,-0.00421660322876562,"Terms are correlated, not additive independent explained variances."
03-18,train,0.04327957363075558,0.0033373062202307086,0.05139505227458204,-0.01145278486405717,"Terms are correlated, not additive independent explained variances."
03-19,train,0.022546557092145668,0.0012484548080705941,0.025183575614545206,-0.0038854733304701343,"Terms are correlated, not additive independent explained variances."
03-20,train,0.028325114859551165,0.0,0.028325114859551165,0.0,"Terms are correlated, not additive independent explained variances."
03-21,train,0.0427970351275928,0.0029473181610882616,0.05139505227458205,-0.011545335308077501,"Terms are correlated, not additive independent explained variances."
03-22,train,0.027338390052250392,0.001554233255078225,0.031090834092031117,-0.005306677294858954,"Terms are correlated, not additive independent explained variances."
03-23,train,0.027159790794051984,0.0015103896565017024,0.03109083409203112,-0.005441432954480838,"Terms are correlated, not additive independent explained variances."
03-24,train,0.043292333680702254,0.003132090129504466,0.05139505227458204,-0.011234808723384254,"Terms are correlated, not additive independent explained variances."
03-25,train,0.027360085040908123,0.0016078992461316549,0.03109083409203112,-0.005338648297254653,"Terms are correlated, not additive independent explained variances."
03-26,train,0.018202050975115392,0.001035433546122906,0.020812872408715044,-0.003646254979722558,"Terms are correlated, not additive independent explained variances."
03-27,train,0.027461910000647932,0.0015329212886850845,0.031090834092031117,-0.005161845380068272,"Terms are correlated, not additive independent explained variances."
03-28,dev,0.027097504912118046,0.001602712528537302,0.031090834092031117,-0.005596041708450376,"Terms are correlated, not additive independent explained variances."
03-29,dev,0.02209425280269725,0.0011862996011849103,0.02518357561454521,-0.004275622413032868,"Terms are correlated, not additive independent explained variances."
03-30,dev,0.02617772328649027,0.001733390592339196,0.03109083409203112,-0.006646501397880045,"Terms are correlated, not additive independent explained variances."
03-31,dev,0.01592062277871322,0.0007461619980876138,0.0174885941767675,-0.0023141333961418944,"Terms are correlated, not additive independent explained variances."
03-32,dev,0.01836661260940081,0.0009852587142977617,0.020812872408715044,-0.003431518513611995,"Terms are correlated, not additive independent explained variances."
03-33,dev,0.02699277991517452,0.0016819682412319938,0.03109083409203112,-0.005780022418088594,"Terms are correlated, not additive independent explained variances."
03-34,dev,0.022035313724973603,0.0012264417570404707,0.02518357561454521,-0.004374703646612077,"Terms are correlated, not additive independent explained variances."
03-35,dev,0.018270800261573877,0.0009574722088819643,0.020812872408715044,-0.0034995443560231288,"Terms are correlated, not additive independent explained variances."
03-36,iid,0.03359615319225427,0.001998169047902957,0.039349336897726885,-0.007751352753375573,"Terms are correlated, not additive independent explained variances."
03-37,iid,0.018296785157112125,0.0009764278206259725,0.020812872408715044,-0.0034925150722288924,"Terms are correlated, not additive independent explained variances."
03-38,iid,0.022215486997069454,0.001205323458441779,0.02518357561454521,-0.004173412075917533,"Terms are correlated, not additive independent explained variances."
03-39,iid,0.02738599404016849,0.0015171008453856115,0.031090834092031117,-0.005221940897248243,"Terms are correlated, not additive independent explained variances."
03-40,template,0.022205143809678803,0.0011704143826585741,0.02518357561454521,-0.004148846187524978,"Terms are correlated, not additive independent explained variances."
03-41,template,0.019670218652466088,0.0,0.019670218652466088,0.0,"Terms are correlated, not additive independent explained variances."
03-42,template,0.015471753095783032,0.0008186567054614496,0.0174885941767675,-0.0028354977864459155,"Terms are correlated, not additive independent explained variances."
03-43,template,0.018259140182627528,0.0010272286614408173,0.020812872408715044,-0.0035809608875283306,"Terms are correlated, not additive independent explained variances."
03-44,expression,0.026310111235911905,0.010349742872041793,0.02385811847762489,-0.007897750113754773,"Terms are correlated, not additive independent explained variances."
03-45,expression,0.02275719185351278,0.009398533893728737,0.02078307209606435,-0.007424414136280305,"Terms are correlated, not additive independent explained variances."
03-46,expression,0.02254132597389802,0.009266975929867437,0.02078307209606435,-0.0075087220520337694,"Terms are correlated, not additive independent explained variances."
03-47,expression,0.026035479631989336,0.01141875954586676,0.02385811847762489,-0.009241398391502313,"Terms are correlated, not additive independent explained variances."
04-00,train,0.04316088764987998,0.0029540301731184933,0.05139505227458204,-0.011188194797820563,"Terms are correlated, not additive independent explained variances."
04-01,train,0.028325114859551165,0.0,0.028325114859551165,0.0,"Terms are correlated, not additive independent explained variances."
04-02,train,0.02682781119043213,0.0015805414263894441,0.03109083409203112,-0.00584356432798844,"Terms are correlated, not additive independent explained variances."
04-03,train,0.028325114859551165,0.0,0.028325114859551165,0.0,"Terms are correlated, not additive independent explained variances."
04-04,train,0.02738142704590439,0.0014675243881369679,0.031090834092031117,-0.005176931434263693,"Terms are correlated, not additive independent explained variances."
04-05,train,0.022007100581098483,0.0012171747105830803,0.02518357561454521,-0.004393649744029806,"Terms are correlated, not additive independent explained variances."
04-06,train,0.026398559640601543,0.0015716105359149229,0.031090834092031124,-0.0062638849873445,"Terms are correlated, not additive independent explained variances."
04-07,train,0.02706591685051484,0.0015129655691277124,0.03109083409203112,-0.0055378828106439895,"Terms are correlated, not additive independent explained variances."
04-08,train,0.022029018545071763,0.001172196843792593,0.02518357561454521,-0.004326753913266039,"Terms are correlated, not additive independent explained variances."
04-09,train,0.043091574490409165,0.002796756294952495,0.05139505227458204,-0.011100234079125377,"Terms are correlated, not additive independent explained variances."
04-10,train,0.018353189422128824,0.0009258332272467516,0.020812872408715044,-0.0033855162138329703,"Terms are correlated, not additive independent explained variances."
04-11,train,0.026991201984902218,0.0015951229794603737,0.031090834092031117,-0.005694755086589276,"Terms are correlated, not additive independent explained variances."
04-12,train,0.04292862045473002,0.0027579792207931796,0.05139505227458204,-0.011224411040645215,"Terms are correlated, not additive independent explained variances."
04-13,train,0.01560155256325222,0.0007371525590913483,0.0174885941767675,-0.0026241941726066293,"Terms are correlated, not additive independent explained variances."
04-14,train,0.022031525236593245,0.0011833806103633555,0.02518357561454521,-0.004335430988315321,"Terms are correlated, not additive independent explained variances."
04-15,train,0.04357351875975474,0.0030588439260602488,0.05139505227458205,-0.010880377440887557,"Terms are correlated, not additive independent explained variances."
04-16,train,0.022372082616243228,0.0012031169258346274,0.02518357561454521,-0.004014609924136606,"Terms are correlated, not additive independent explained variances."
04-17,train,0.0234091858343398,0.0,0.0234091858343398,0.0,"Terms are correlated, not additive independent explained variances."
04-18,train,0.03402411753249068,0.0019753547970382196,0.039349336897726885,-0.007300574162274413,"Terms are correlated, not additive independent explained variances."
04-19,train,0.028325114859551165,0.0,0.028325114859551165,0.0,"Terms are correlated, not additive independent explained variances."
04-20,train,0.027076526699273806,0.0015486759326794643,0.031090834092031124,-0.005562983325436779,"Terms are correlated, not additive independent explained variances."
04-21,train,0.04312515601539968,0.0028547576077086944,0.05139505227458204,-0.011124653866891052,"Terms are correlated, not additive independent explained variances."
04-22,train,0.02225548446274548,0.0011648676834179912,0.02518357561454521,-0.00409295883521772,"Terms are correlated, not additive independent explained variances."
04-23,train,0.026974809965001935,0.0014867798589389052,0.03109083409203112,-0.005602803985968086,"Terms are correlated, not additive independent explained variances."
04-24,train,0.03372187574177807,0.0019543635784429253,0.039349336897726885,-0.007581824734391739,"Terms are correlated, not additive independent explained variances."
04-25,train,0.027271202157561153,0.0014964575247341113,0.031090834092031117,-0.005316089459204075,"Terms are correlated, not additive independent explained variances."
04-26,train,0.027085392723836428,0.0015254834184277306,0.03109083409203112,-0.005530924786622425,"Terms are correlated, not additive independent explained variances."
04-27,train,0.033079114128155174,0.002140897374248541,0.039349336897726885,-0.008411120143820257,"Terms are correlated, not additive independent explained variances."
04-28,dev,0.018225328676851688,0.0009658052959863276,0.020812872408715044,-0.00355334902784968,"Terms are correlated, not additive independent explained variances."
04-29,dev,0.018140143691468068,0.0009713788459464839,0.020812872408715044,-0.0036441075631934603,"Terms are correlated, not additive independent explained variances."
04-30,dev,0.026648400755016503,0.00171505189454072,0.031090834092031124,-0.006157485231555333,"Terms are correlated, not additive independent explained variances."
04-31,dev,0.018349146930184745,0.0009730857707731703,0.020812872408715044,-0.003436811249303468,"Terms are correlated, not additive independent explained variances."
04-32,dev,0.022270961508144935,0.0011070860905492601,0.02518357561454521,-0.0040197001969495315,"Terms are correlated, not additive independent explained variances."
04-33,dev,0.033502475135251925,0.002270486064593389,0.039349336897726885,-0.008117347827068348,"Terms are correlated, not additive independent explained variances."
04-34,dev,0.02746572558166148,0.0015420125489359947,0.03109083409203112,-0.005167121059305635,"Terms are correlated, not additive independent explained variances."
04-35,dev,0.026890130309592388,0.001499872106377067,0.031090834092031117,-0.0057005758888158,"Terms are correlated, not additive independent explained variances."
04-36,iid,0.04325657498098931,0.0030763495455983173,0.05139505227458204,-0.011214826839191045,"Terms are correlated, not additive independent explained variances."
04-37,iid,0.02229662398405352,0.0011498119641916876,0.02518357561454521,-0.004036763594683374,"Terms are correlated, not additive independent explained variances."
04-38,iid,0.02223935838388552,0.0011342516860244145,0.02518357561454521,-0.004078468916684104,"Terms are correlated, not additive independent explained variances."
04-39,iid,0.02641624455179304,0.0016318640912156902,0.03109083409203112,-0.006306453631453775,"Terms are correlated, not additive independent explained variances."
04-40,template,0.027166904001593856,0.0015713800604068681,0.031090834092031124,-0.005495310150844131,"Terms are correlated, not additive independent explained variances."
04-41,template,0.02211686397807155,0.0012338169540829105,0.02518357561454521,-0.004300528590556569,"Terms are correlated, not additive independent explained variances."
04-42,template,0.018570486511816427,0.0009587905197265227,0.02081287240871504,-0.003201176416625137,"Terms are correlated, not additive independent explained variances."
04-43,template,0.015625610610347826,0.0007961297079496115,0.0174885941767675,-0.0026591132743692897,"Terms are correlated, not additive independent explained variances."
04-44,expression,0.026349384830614893,0.010268864976830824,0.02385811847762489,-0.007777598623840818,"Terms are correlated, not additive independent explained variances."
04-45,expression,0.027084696397159984,0.010500272917353403,0.02385811847762489,-0.007273694997818308,"Terms are correlated, not additive independent explained variances."
04-46,expression,0.01964526460443506,0.006663385373070678,0.018266371959431555,-0.0052844927280671725,"Terms are correlated, not additive independent explained variances."
04-47,expression,0.019532994470095332,0.007295724543246094,0.018266371959431555,-0.006029102032582315,"Terms are correlated, not additive independent explained variances."
05-00,train,0.018319786008839198,0.0009336674472503667,0.020812872408715044,-0.003426753847126207,"Terms are correlated, not additive independent explained variances."
05-01,train,0.01884822430973225,0.0008899468272346956,0.020812872408715044,-0.002854594926217489,"Terms are correlated, not additive independent explained variances."
05-02,train,0.018534737947209473,0.0008548084243138143,0.020812872408715044,-0.0031329428858193845,"Terms are correlated, not additive independent explained variances."
05-03,train,0.022404188758554183,0.0011744769783374517,0.02518357561454521,-0.0039538638343284745,"Terms are correlated, not additive independent explained variances."
05-04,train,0.015978647353566584,0.0007266114198661701,0.0174885941767675,-0.002236558243067085,"Terms are correlated, not additive independent explained variances."
05-05,train,0.015623380986229885,0.0007521478653833228,0.0174885941767675,-0.0026173610559209392,"Terms are correlated, not additive independent explained variances."
05-06,train,0.02221939577140516,0.0011746104550439714,0.02518357561454521,-0.00413879029818402,"Terms are correlated, not additive independent explained variances."
05-07,train,0.015943880655068264,0.0007193908152667846,0.0174885941767675,-0.0022641043369660226,"Terms are correlated, not additive independent explained variances."
05-08,train,0.013280117739042968,0.0005860369789679828,0.014901524032275267,-0.0022074432722002796,"Terms are correlated, not additive independent explained variances."
05-09,train,0.022699096839157523,0.001485030283005076,0.025183575614545206,-0.003969509058392759,"Terms are correlated, not additive independent explained variances."
05-10,train,0.013690581555186727,0.000571715043042214,0.014901524032275269,-0.001782657520130756,"Terms are correlated, not additive independent explained variances."
05-11,train,0.011609444768389316,0.0004853271261032486,0.012848763068645512,-0.0017246454263594453,"Terms are correlated, not additive independent explained variances."
05-12,train,0.02236420353190131,0.001207662204692319,0.02518357561454521,-0.004027034287336214,"Terms are correlated, not additive independent explained variances."
05-13,train,0.011743265321887648,0.0005817463951665505,0.012848763068645512,-0.0016872441419244133,"Terms are correlated, not additive independent explained variances."
05-14,train,0.01590541789755144,0.0008650071948258402,0.0174885941767675,-0.002448183474041901,"Terms are correlated, not additive independent explained variances."
05-15,train,0.022399609212448733,0.0011035779699799975,0.02518357561454521,-0.003887544372076479,"Terms are correlated, not additive independent explained variances."
05-16,train,0.018865192008397254,0.0008930732068373238,0.020812872408715044,-0.0028407536071551115,"Terms are correlated, not additive independent explained variances."
05-17,train,0.013518591933693928,0.0006093837456701667,0.01490152403227527,-0.001992315844251507,"Terms are correlated, not additive independent explained variances."
05-18,train,0.018438906961788327,0.0008762918964531263,0.020812872408715044,-0.0032502573433798414,"Terms are correlated, not additive independent explained variances."
05-19,train,0.018959221338653333,0.0008729488551255612,0.020812872408715044,-0.0027265999251872724,"Terms are correlated, not additive independent explained variances."
05-20,train,0.013588044008717073,0.0005738275511156723,0.014901524032275269,-0.001887307574673869,"Terms are correlated, not additive independent explained variances."
05-21,train,0.015801157221808828,0.0007574817516910102,0.0174885941767675,-0.002444918706649683,"Terms are correlated, not additive independent explained variances."
05-22,train,0.018780682546482158,0.000863179492677025,0.020812872408715044,-0.0028953693549099097,"Terms are correlated, not additive independent explained variances."
05-23,train,0.013395357799582095,0.0005977042533882262,0.014901524032275269,-0.0021038704860814,"Terms are correlated, not additive independent explained variances."
05-24,train,0.027535644595353414,0.0014693413555850626,0.031090834092031117,-0.005024530852262768,"Terms are correlated, not additive independent explained variances."
05-25,train,0.013713642165966863,0.0007214262165125425,0.014901524032275269,-0.0019093080828209456,"Terms are correlated, not additive independent explained variances."
05-26,train,0.01016448214935664,0.00041284432133940186,0.011192700273131202,-0.001441062445113963,"Terms are correlated, not additive independent explained variances."
05-27,train,0.01843850993186462,0.0009261368833869898,0.020812872408715044,-0.0033004993602374134,"Terms are correlated, not additive independent explained variances."
05-28,dev,0.011711643556167562,0.0005161508082151458,0.012848763068645512,-0.0016532703206930954,"Terms are correlated, not additive independent explained variances."
05-29,dev,0.018787045012572643,0.0008424788794183986,0.020812872408715044,-0.002868306275560799,"Terms are correlated, not additive independent explained variances."
05-30,dev,0.015525647016564337,0.0007632897136675297,0.0174885941767675,-0.002726236873870693,"Terms are correlated, not additive independent explained variances."
05-31,dev,0.018947892987656773,0.0008830440579654672,0.020812872408715044,-0.002748023479023739,"Terms are correlated, not additive independent explained variances."
05-32,dev,0.01858582119399912,0.0008651172424110382,0.020812872408715044,-0.003092168457126963,"Terms are correlated, not additive independent explained variances."
05-33,dev,0.027059250331528575,0.0015253729159328457,0.031090834092031124,-0.005556956676435392,"Terms are correlated, not additive independent explained variances."
05-34,dev,0.016027549625272818,0.0007033374329070769,0.0174885941767675,-0.00216438198440176,"Terms are correlated, not additive independent explained variances."
05-35,dev,0.013312073368781053,0.0005929695865330329,0.014901524032275269,-0.0021824202500272468,"Terms are correlated, not additive independent explained variances."
05-36,iid,0.022132026844348975,0.0011410637738617836,0.02518357561454521,-0.004192612544058016,"Terms are correlated, not additive independent explained variances."
05-37,iid,0.016000284927020443,0.0007020756026652685,0.0174885941767675,-0.0021903848524123244,"Terms are correlated, not additive independent explained variances."
05-38,iid,0.018752392305259775,0.0008413505308629557,0.020812872408715044,-0.0029018306343182206,"Terms are correlated, not additive independent explained variances."
05-39,iid,0.027121256187925456,0.001527283255149758,0.03109083409203112,-0.005496861159255422,"Terms are correlated, not additive independent explained variances."
05-40,template,0.018822304685282815,0.0008926223450327864,0.02081287240871504,-0.002883190068465013,"Terms are correlated, not additive independent explained variances."
05-41,template,0.015947320797986993,0.0007647368676026726,0.0174885941767675,-0.002306010246383179,"Terms are correlated, not additive independent explained variances."
05-42,template,0.015814745375164665,0.0007742526856520772,0.0174885941767675,-0.002448101487254916,"Terms are correlated, not additive independent explained variances."
05-43,template,0.013606597246929905,0.0006111572473478226,0.014901524032275267,-0.001906084032693185,"Terms are correlated, not additive independent explained variances."
05-44,expression,0.014829227964657202,0.0051434012511172526,0.01443268895560024,-0.004746862242060294,"Terms are correlated, not additive independent explained variances."
05-45,expression,0.023795520724053713,0.008507679230924395,0.02078307209606435,-0.005495230602935027,"Terms are correlated, not additive independent explained variances."
05-46,expression,0.01569897386525372,0.0051103616106641814,0.01443268895560024,-0.0038440767010107023,"Terms are correlated, not additive independent explained variances."
05-47,expression,0.01919325091619767,0.006703572112271705,0.018266371959431555,-0.005776693155505589,"Terms are correlated, not additive independent explained variances."
06-00,topic,0.026959533392186246,0.001373729657071715,0.031090834092031117,-0.005505030356916591,"Terms are correlated, not additive independent explained variances."
06-01,topic,0.02247908699067029,0.0010781191770931249,0.02518357561454521,-0.0037826078009680405,"Terms are correlated, not additive independent explained variances."
06-02,topic,0.013244854186628623,0.0005836997364231714,0.014901524032275267,-0.002240369582069816,"Terms are correlated, not additive independent explained variances."
06-03,topic,0.018481511266129878,0.0008958914643435189,0.020812872408715044,-0.003227252606928686,"Terms are correlated, not additive independent explained variances."
06-04,topic,0.01336961020264834,0.000579605169563869,0.014901524032275269,-0.0021115189991907975,"Terms are correlated, not additive independent explained variances."
06-05,topic,0.022186223843759227,0.0010988530909825651,0.02518357561454521,-0.004096204861768548,"Terms are correlated, not additive independent explained variances."
06-06,topic,0.018588671614792343,0.0009022934735432132,0.020812872408715044,-0.003126494267465912,"Terms are correlated, not additive independent explained variances."
06-07,topic,0.0183297099500681,0.0009206999571799206,0.020812872408715044,-0.003403862415826862,"Terms are correlated, not additive independent explained variances."
06-08,topic,0.01853938414236711,0.0009406957760863937,0.020812872408715044,-0.003214184042434326,"Terms are correlated, not additive independent explained variances."
06-09,topic,0.02705534201830309,0.0014094427660085896,0.03109083409203112,-0.005444934839736619,"Terms are correlated, not additive independent explained variances."
06-10,topic,0.018522090995431083,0.0008674118256594217,0.020812872408715044,-0.0031581932389433795,"Terms are correlated, not additive independent explained variances."
06-11,topic,0.023409185834339805,0.0,0.023409185834339805,0.0,"Terms are correlated, not additive independent explained variances."
06-12,topic,0.022149151441089712,0.0011279253717432283,0.02518357561454521,-0.004162349545198728,"Terms are correlated, not additive independent explained variances."
06-13,topic,0.022099912684073606,0.0011554534334848922,0.02518357561454521,-0.004239116363956492,"Terms are correlated, not additive independent explained variances."
06-14,topic,0.015602776173254963,0.0007090749333858446,0.0174885941767675,-0.002594892936898381,"Terms are correlated, not additive independent explained variances."
06-15,topic,0.028325114859551165,0.0,0.028325114859551165,0.0,"Terms are correlated, not additive independent explained variances."
06-16,topic,0.011647599913498423,0.0004997308485460159,0.012848763068645512,-0.001700894003693105,"Terms are correlated, not additive independent explained variances."
06-17,topic,0.023409185834339805,0.0,0.023409185834339805,0.0,"Terms are correlated, not additive independent explained variances."
06-18,topic,0.022073624058063502,0.0011456815039620801,0.02518357561454521,-0.004255633060443786,"Terms are correlated, not additive independent explained variances."
06-19,topic,0.011660957763607122,0.0004633264167159567,0.012848763068645512,-0.0016511317217543474,"Terms are correlated, not additive independent explained variances."
06-20,topic,0.018473594102875884,0.0008835544576845365,0.020812872408715044,-0.0032228327635236936,"Terms are correlated, not additive independent explained variances."
06-21,topic,0.021801754286669642,0.0011743067898543225,0.02518357561454521,-0.004556128117729889,"Terms are correlated, not additive independent explained variances."
06-22,topic,0.015660265526045634,0.0007431407322659938,0.0174885941767675,-0.002571469382987861,"Terms are correlated, not additive independent explained variances."
06-23,topic,0.02235834031292826,0.0011635056094613985,0.02518357561454521,-0.003988740911078345,"Terms are correlated, not additive independent explained variances."
06-24,topic,0.027195736540456733,0.0014125620438455156,0.031090834092031124,-0.005307659595419903,"Terms are correlated, not additive independent explained variances."
06-25,topic,0.01861392589244829,0.0008533614338623093,0.020812872408715044,-0.003052307950129063,"Terms are correlated, not additive independent explained variances."
06-26,topic,0.01575470601311273,0.0007097297252825224,0.0174885941767675,-0.0024436178889372957,"Terms are correlated, not additive independent explained variances."
06-27,topic,0.018239962749070925,0.0008855334209495478,0.020812872408715044,-0.0034584430805936657,"Terms are correlated, not additive independent explained variances."
06-28,topic,0.018728480587748543,0.0008587203493871736,0.020812872408715044,-0.0029431121703536755,"Terms are correlated, not additive independent explained variances."
06-29,topic,0.0157718410580293,0.0006747153364468628,0.0174885941767675,-0.0023914684551850666,"Terms are correlated, not additive independent explained variances."
06-30,topic,0.022016864021872123,0.001188807743514415,0.02518357561454521,-0.004355519336187502,"Terms are correlated, not additive independent explained variances."
06-31,topic,0.016760422993817255,0.0,0.016760422993817255,0.0,"Terms are correlated, not additive independent explained variances."
06-32,topic,0.021836961585913015,0.0012060993961248013,0.02518357561454521,-0.004552713424756999,"Terms are correlated, not additive independent explained variances."
06-33,topic,0.018037073709458774,0.0009348704209007813,0.020812872408715044,-0.0037106691201570534,"Terms are correlated, not additive independent explained variances."
06-34,topic,0.01862819661352605,0.0008733468001920742,0.020812872408715044,-0.003058022595381067,"Terms are correlated, not additive independent explained variances."
06-35,topic,0.01543420886867593,0.0007723911758470771,0.0174885941767675,-0.0028267764839386483,"Terms are correlated, not additive independent explained variances."
06-36,topic,0.02710953973997097,0.001386460760539725,0.03109083409203112,-0.005367755112599874,"Terms are correlated, not additive independent explained variances."
06-37,topic,0.02251127608248315,0.0010913486253353697,0.02518357561454521,-0.0037636481573974302,"Terms are correlated, not additive independent explained variances."
06-38,topic,0.01571172318504859,0.0006927497652289495,0.0174885941767675,-0.0024696207569478595,"Terms are correlated, not additive independent explained variances."
06-39,topic,0.027021909284703997,0.0014255116222722077,0.031090834092031124,-0.005494436429599335,"Terms are correlated, not additive independent explained variances."
06-40,topic,0.015644405255251372,0.0007286740279809242,0.0174885941767675,-0.002572862949497055,"Terms are correlated, not additive independent explained variances."
06-41,topic,0.013221079446512922,0.0006027372626604319,0.014901524032275269,-0.0022831818484227787,"Terms are correlated, not additive independent explained variances."
06-42,topic,0.02690954907798892,0.0015974663370332406,0.031090834092031117,-0.005778751351075438,"Terms are correlated, not additive independent explained variances."
06-43,topic,0.0153596369215381,0.0007479033650077882,0.0174885941767675,-0.002876860620237189,"Terms are correlated, not additive independent explained variances."
06-44,topic,0.015808082150822068,0.0006849535612290702,0.0174885941767675,-0.002365465587174503,"Terms are correlated, not additive independent explained variances."
06-45,topic,0.033784413579653796,0.0020764106523134167,0.039349336897726885,-0.007641333970386503,"Terms are correlated, not additive independent explained variances."
06-46,topic,0.018570330256132493,0.0008821267276034096,0.020812872408715044,-0.0031246688801859577,"Terms are correlated, not additive independent explained variances."
06-47,topic,0.022148523156260536,0.0011630819654580968,0.02518357561454521,-0.004198134423742772,"Terms are correlated, not additive independent explained variances."
07-00,topic,0.02733283356433256,0.0015170072154415317,0.031090834092031117,-0.005275007743140092,"Terms are correlated, not additive independent explained variances."
07-01,topic,0.027540022205932775,0.001567784100244429,0.031090834092031117,-0.005118595986342774,"Terms are correlated, not additive independent explained variances."
07-02,topic,0.018647019345831357,0.000919786190958178,0.020812872408715044,-0.003085639253841867,"Terms are correlated, not additive independent explained variances."
07-03,topic,0.022030390888001496,0.0011700524731137235,0.02518357561454521,-0.004323237199657434,"Terms are correlated, not additive independent explained variances."
07-04,topic,0.018655945426518432,0.0009910996745457986,0.020812872408715044,-0.0031480266567424087,"Terms are correlated, not additive independent explained variances."
07-05,topic,0.022444655099114495,0.0011243934282653793,0.02518357561454521,-0.0038633139436960937,"Terms are correlated, not additive independent explained variances."
07-06,topic,0.043645736973234546,0.0030772102239179783,0.05139505227458204,-0.010826525525265472,"Terms are correlated, not additive independent explained variances."
07-07,topic,0.028325114859551165,0.0,0.028325114859551165,0.0,"Terms are correlated, not additive independent explained variances."
07-08,topic,0.027240753948638476,0.001595367014765767,0.03109083409203112,-0.005445447158158412,"Terms are correlated, not additive independent explained variances."
07-09,topic,0.04377181872952195,0.003079115018685538,0.05139505227458204,-0.010702348563745634,"Terms are correlated, not additive independent explained variances."
07-10,topic,0.018529953850195117,0.0009795388174980157,0.020812872408715044,-0.003262457376017938,"Terms are correlated, not additive independent explained variances."
07-11,topic,0.01833181434478935,0.0009839565868468522,0.020812872408715044,-0.003465014650772545,"Terms are correlated, not additive independent explained variances."
07-12,topic,0.043712906557416595,0.003017529535216925,0.05139505227458204,-0.010699675252382374,"Terms are correlated, not additive independent explained variances."
07-13,topic,0.027693613470033636,0.0015591164511459307,0.03109083409203112,-0.004956337073143413,"Terms are correlated, not additive independent explained variances."
07-14,topic,0.018308888992525682,0.000956377314025314,0.020812872408715044,-0.0034603607302146765,"Terms are correlated, not additive independent explained variances."
07-15,topic,0.026673975590785763,0.001664593635254182,0.03109083409203112,-0.006081452136499538,"Terms are correlated, not additive independent explained variances."
07-16,topic,0.0224425848727743,0.0012176311760064271,0.02518357561454521,-0.003958621917777339,"Terms are correlated, not additive independent explained variances."
07-17,topic,0.018389959267465082,0.0009584966474578574,0.020812872408715044,-0.0033814097887078145,"Terms are correlated, not additive independent explained variances."
07-18,topic,0.04372423312305553,0.0028754220966397655,0.05139505227458204,-0.010546241248166282,"Terms are correlated, not additive independent explained variances."
07-19,topic,0.022504415489884102,0.0012720067814394665,0.02518357561454521,-0.0039511669061005755,"Terms are correlated, not additive independent explained variances."
07-20,topic,0.01832010368967194,0.0010090149654778436,0.020812872408715044,-0.0035017836845209487,"Terms are correlated, not additive independent explained variances."
07-21,topic,0.043700601382071054,0.0029932058188333528,0.05139505227458204,-0.010687656711344345,"Terms are correlated, not additive independent explained variances."
07-22,topic,0.023409185834339805,0.0,0.023409185834339805,0.0,"Terms are correlated, not additive independent explained variances."
07-23,topic,0.0221418814391366,0.0012507807103467623,0.025183575614545213,-0.004292474885755371,"Terms are correlated, not additive independent explained variances."
07-24,topic,0.04365183363505194,0.0029800495998390996,0.05139505227458205,-0.010723268239369206,"Terms are correlated, not additive independent explained variances."
07-25,topic,0.027809708618796745,0.0015226677792435075,0.031090834092031124,-0.004803793252477882,"Terms are correlated, not additive independent explained variances."
07-26,topic,0.02229611121411986,0.001173201199484053,0.02518357561454521,-0.004060665599909404,"Terms are correlated, not additive independent explained variances."
07-27,topic,0.03443565141410915,0.0020192590381096923,0.039349336897726885,-0.006932944521727422,"Terms are correlated, not additive independent explained variances."
07-28,topic,0.02250541712278307,0.0012235206188319964,0.02518357561454521,-0.003901679110594138,"Terms are correlated, not additive independent explained variances."
07-29,topic,0.027227290962491674,0.0015076495475662408,0.031090834092031124,-0.005371192677105685,"Terms are correlated, not additive independent explained variances."
07-30,topic,0.04338216916001046,0.0030155796036925946,0.05139505227458205,-0.01102846271826418,"Terms are correlated, not additive independent explained variances."
07-31,topic,0.028325114859551165,0.0,0.028325114859551165,0.0,"Terms are correlated, not additive independent explained variances."
07-32,topic,0.027193653267830055,0.001559684174573198,0.031090834092031117,-0.00545686499877426,"Terms are correlated, not additive independent explained variances."
07-33,topic,0.0338051851517126,0.0022139196338180544,0.039349336897726885,-0.007758071379832333,"Terms are correlated, not additive independent explained variances."
07-34,topic,0.02275620167858328,0.0011304771056059237,0.02518357561454521,-0.003557851041567851,"Terms are correlated, not additive independent explained variances."
07-35,topic,0.015458533639864751,0.0008066322819317467,0.0174885941767675,-0.0028366928188344933,"Terms are correlated, not additive independent explained variances."
07-36,topic,0.04367631713649679,0.002974447683006771,0.05139505227458205,-0.01069318282109203,"Terms are correlated, not additive independent explained variances."
07-37,topic,0.022444859845393624,0.0011568201663061692,0.02518357561454521,-0.0038955359354577515,"Terms are correlated, not additive independent explained variances."
07-38,topic,0.02225937953383946,0.0012465619884999765,0.02518357561454521,-0.004170758069205724,"Terms are correlated, not additive independent explained variances."
07-39,topic,0.034292034705728815,0.00194461766718818,0.039349336897726885,-0.0070019198591862505,"Terms are correlated, not additive independent explained variances."
07-40,topic,0.022483134425914694,0.0012032072265282527,0.02518357561454521,-0.003903648415158768,"Terms are correlated, not additive independent explained variances."
07-41,topic,0.018313103642110605,0.0010027366383396484,0.020812872408715044,-0.0035025054049440886,"Terms are correlated, not additive independent explained variances."
07-42,topic,0.028325114859551165,0.0,0.028325114859551165,0.0,"Terms are correlated, not additive independent explained variances."
07-43,topic,0.01580345019409206,0.0007653976078911928,0.0174885941767675,-0.0024505415905666343,"Terms are correlated, not additive independent explained variances."
07-44,topic,0.027347451887361124,0.0015760575387742688,0.031090834092031117,-0.005319439743444265,"Terms are correlated, not additive independent explained variances."
07-45,topic,0.03377209644802474,0.0021895181030103,0.039349336897726885,-0.007766758552712446,"Terms are correlated, not additive independent explained variances."
07-46,topic,0.018417554038772002,0.0009576553419505739,0.020812872408715044,-0.0033529737118936148,"Terms are correlated, not additive independent explained variances."
07-47,topic,0.02737759317031992,0.0015164248824710734,0.031090834092031124,-0.005229665804182273,"Terms are correlated, not additive independent explained variances."
08-00,joint,0.016892185060139127,0.006231924496129133,0.016180592462333835,-0.005520331898323845,"Terms are correlated, not additive independent explained variances."
08-01,joint,0.019488058513706573,0.0069393707412335436,0.018266371959431555,-0.005717684186958524,"Terms are correlated, not additive independent explained variances."
08-02,joint,0.022021550858294218,0.007930957486816454,0.02078307209606435,-0.006692478724586585,"Terms are correlated, not additive independent explained variances."
08-03,joint,0.02267901549429478,0.008407745479084985,0.020783072096064354,-0.006511802080854555,"Terms are correlated, not additive independent explained variances."
08-04,joint,0.019214272360558532,0.006839403634320758,0.018266371959431555,-0.00589150323319378,"Terms are correlated, not additive independent explained variances."
08-05,joint,0.022557413428949277,0.008497744863372406,0.02078307209606435,-0.006723403530487477,"Terms are correlated, not additive independent explained variances."
08-06,joint,0.022540957830640296,0.007361844484482005,0.02078307209606435,-0.0056039587499060566,"Terms are correlated, not additive independent explained variances."
08-07,joint,0.01974594575055148,0.0073638915177354405,0.018266371959431555,-0.005884317726615519,"Terms are correlated, not additive independent explained variances."
08-08,joint,0.01712707712963155,0.006247983703582348,0.016180592462333835,-0.005301499036284637,"Terms are correlated, not additive independent explained variances."
08-09,joint,0.015004991605345018,0.005384157286796234,0.01443268895560024,-0.004811854637051459,"Terms are correlated, not additive independent explained variances."
08-10,joint,0.019492540659843488,0.006922726201937744,0.018266371959431555,-0.005696557501525812,"Terms are correlated, not additive independent explained variances."
08-11,joint,0.019352911718462,0.006636418829571478,0.018266371959431555,-0.005549879070541034,"Terms are correlated, not additive independent explained variances."
08-12,joint,0.01696604675102801,0.006202832840342551,0.016180592462333835,-0.00541737855164838,"Terms are correlated, not additive independent explained variances."
08-13,joint,0.016853470803497375,0.006189240760907365,0.016180592462333835,-0.005516362419743827,"Terms are correlated, not additive independent explained variances."
08-14,joint,0.019745404684496808,0.006490215170652418,0.018266371959431555,-0.005011182445587163,"Terms are correlated, not additive independent explained variances."
08-15,joint,0.014925620179218222,0.00497409009620769,0.01443268895560024,-0.0044811588725897095,"Terms are correlated, not additive independent explained variances."
08-16,joint,0.017193323431456072,0.0062163789518971495,0.016180592462333835,-0.005203647982774918,"Terms are correlated, not additive independent explained variances."
08-17,joint,0.016821138198423298,0.0060988449681453945,0.016180592462333835,-0.00545829923205593,"Terms are correlated, not additive independent explained variances."
08-18,joint,0.022389125914346178,0.008355875428636483,0.02078307209606435,-0.006749821610354653,"Terms are correlated, not additive independent explained variances."
08-19,joint,0.017157789536323655,0.00590151584526267,0.016180592462333835,-0.0049243187712728525,"Terms are correlated, not additive independent explained variances."
08-20,joint,0.022244448328760744,0.008422799292683967,0.02078307209606435,-0.006961423059987577,"Terms are correlated, not additive independent explained variances."
08-21,joint,0.019545181948531193,0.007284183182002463,0.018266371959431555,-0.006005373192902823,"Terms are correlated, not additive independent explained variances."
08-22,joint,0.02225871436946729,0.008525204079307055,0.02078307209606435,-0.007049561805904115,"Terms are correlated, not additive independent explained variances."
08-23,joint,0.022429562646496055,0.007462050749970687,0.02078307209606435,-0.00581556019953898,"Terms are correlated, not additive independent explained variances."
08-24,joint,0.02249218613353947,0.008553099982039293,0.02078307209606435,-0.006843985944564172,"Terms are correlated, not additive independent explained variances."
08-25,joint,0.022624996279563485,0.008064294549450658,0.02078307209606435,-0.006222370365951523,"Terms are correlated, not additive independent explained variances."
08-26,joint,0.019514379247363524,0.006774085105915631,0.018266371959431555,-0.005526077817983662,"Terms are correlated, not additive independent explained variances."
08-27,joint,0.019691185559586922,0.007435041393001267,0.018266371959431555,-0.0060102277928458965,"Terms are correlated, not additive independent explained variances."
08-28,joint,0.019468008460041174,0.006581035887608506,0.018266371959431555,-0.005379399386998884,"Terms are correlated, not additive independent explained variances."
08-29,joint,0.019476050615696613,0.007077371007976996,0.018266371959431555,-0.0058676923517119355,"Terms are correlated, not additive independent explained variances."
08-30,joint,0.022305088549821467,0.008577603847954215,0.02078307209606435,-0.007055587394197095,"Terms are correlated, not additive independent explained variances."
08-31,joint,0.015094221019733043,0.005242028710087866,0.01443268895560024,-0.004580496645955063,"Terms are correlated, not additive independent explained variances."
08-32,joint,0.0148230737358267,0.005218365305265623,0.01443268895560024,-0.004827980525039163,"Terms are correlated, not additive independent explained variances."
08-33,joint,0.01957721555878373,0.007245206572156222,0.018266371959431555,-0.005934362972804049,"Terms are correlated, not additive independent explained variances."
08-34,joint,0.016826751008182737,0.005349597362783649,0.016180592462333835,-0.004703438816934748,"Terms are correlated, not additive independent explained variances."
08-35,joint,0.01674282399523592,0.005843358225666701,0.016180592462333835,-0.005281126692764617,"Terms are correlated, not additive independent explained variances."
08-36,joint,0.01712067551550569,0.00574446673262005,0.016180592462333835,-0.004804383679448195,"Terms are correlated, not additive independent explained variances."
08-37,joint,0.019877720564314312,0.0073539477965954185,0.018266371959431555,-0.005742599191712661,"Terms are correlated, not additive independent explained variances."
08-38,joint,0.019764369723386924,0.007007412224422912,0.018266371959431555,-0.005509414460467542,"Terms are correlated, not additive independent explained variances."
08-39,joint,0.022409446810625254,0.008525681008370232,0.02078307209606435,-0.0068993062938093284,"Terms are correlated, not additive independent explained variances."
08-40,joint,0.022429331211770518,0.008484219471977361,0.02078307209606435,-0.006837960356271192,"Terms are correlated, not additive independent explained variances."
08-41,joint,0.01700745578924332,0.0059376933468552875,0.016180592462333835,-0.005110830019945803,"Terms are correlated, not additive independent explained variances."
08-42,joint,0.022478317107536686,0.008129216827056779,0.020783072096064354,-0.006433971815584448,"Terms are correlated, not additive independent explained variances."
08-43,joint,0.017133520648492134,0.006176045699918638,0.016180592462333835,-0.005223117513760339,"Terms are correlated, not additive independent explained variances."
08-44,joint,0.022597515470175293,0.008502148218287348,0.02078307209606435,-0.006687704844176403,"Terms are correlated, not additive independent explained variances."
08-45,joint,0.022186171987449405,0.007883977166338714,0.02078307209606435,-0.006480877274953662,"Terms are correlated, not additive independent explained variances."
08-46,joint,0.019395378550854044,0.007167178626676576,0.018266371959431555,-0.006038172035254084,"Terms are correlated, not additive independent explained variances."
08-47,joint,0.019091345037932167,0.006886955995236542,0.018266371959431555,-0.00606198291673593,"Terms are correlated, not additive independent explained variances."
09-00,joint,0.01928130828758698,0.007976948041753688,0.01826637195943156,-0.006962011713598264,"Terms are correlated, not additive independent explained variances."
09-01,joint,0.02637742151564957,0.011207092845487635,0.02385811847762489,-0.008687789807462952,"Terms are correlated, not additive independent explained variances."
09-02,joint,0.022367813986685352,0.008460314816200923,0.02078307209606435,-0.006875572925579921,"Terms are correlated, not additive independent explained variances."
09-03,joint,0.023586315166321647,0.009618933111855438,0.02078307209606435,-0.00681569004159814,"Terms are correlated, not additive independent explained variances."
09-04,joint,0.017321619606797463,0.00672334615894087,0.016180592462333835,-0.005582319014477246,"Terms are correlated, not additive independent explained variances."
09-05,joint,0.020453961217608892,0.008175020058887515,0.018266371959431555,-0.005987430800710178,"Terms are correlated, not additive independent explained variances."
09-06,joint,0.016950419236127424,0.006310967236933505,0.016180592462333835,-0.005541140463139917,"Terms are correlated, not additive independent explained variances."
09-07,joint,0.0226012043907147,0.009314141421702345,0.02078307209606435,-0.007496009127051995,"Terms are correlated, not additive independent explained variances."
09-08,joint,0.02264287365829635,0.009009484146484979,0.020783072096064354,-0.007149682584252984,"Terms are correlated, not additive independent explained variances."
09-09,joint,0.01950212536724755,0.007271429696109151,0.018266371959431555,-0.006035676288293157,"Terms are correlated, not additive independent explained variances."
09-10,joint,0.019507122483233042,0.00822906111654016,0.018266371959431555,-0.00698831059273867,"Terms are correlated, not additive independent explained variances."
09-11,joint,0.02027509441754808,0.00816223246958233,0.018266371959431555,-0.0061535100114658015,"Terms are correlated, not additive independent explained variances."
09-12,joint,0.019330194568672895,0.007948221262397533,0.018266371959431555,-0.0068843986531561905,"Terms are correlated, not additive independent explained variances."
09-13,joint,0.02226334322847877,0.008225612793963092,0.020783072096064354,-0.006745341661548675,"Terms are correlated, not additive independent explained variances."
09-14,joint,0.02341106582592395,0.009655285221090666,0.02078307209606435,-0.007027291491231063,"Terms are correlated, not additive independent explained variances."
09-15,joint,0.02263808895647406,0.009609207962839263,0.02078307209606435,-0.007754191102429551,"Terms are correlated, not additive independent explained variances."
09-16,joint,0.0171701423172725,0.006542678995663467,0.016180592462333835,-0.005553129140724804,"Terms are correlated, not additive independent explained variances."
09-17,joint,0.019425512525197183,0.007939443219357342,0.018266371959431555,-0.006780302653591715,"Terms are correlated, not additive independent explained variances."
09-18,joint,0.016697691387353723,0.005972446899877307,0.016180592462333835,-0.00545534797485742,"Terms are correlated, not additive independent explained variances."
09-19,joint,0.0173041832783487,0.006761080812715162,0.016180592462333835,-0.005637489996700301,"Terms are correlated, not additive independent explained variances."
09-20,joint,0.022885273831548317,0.009217299173953208,0.02078307209606435,-0.007115097438469241,"Terms are correlated, not additive independent explained variances."
09-21,joint,0.022064326189178377,0.008238197204295625,0.020783072096064354,-0.006956943111181597,"Terms are correlated, not additive independent explained variances."
09-22,joint,0.02231699046213186,0.008621092741280355,0.020783072096064354,-0.007087174375212845,"Terms are correlated, not additive independent explained variances."
09-23,joint,0.022628701308683486,0.008951002158210333,0.02078307209606435,-0.0071053729455911995,"Terms are correlated, not additive independent explained variances."
09-24,joint,0.025837894625182878,0.011097921311400307,0.02385811847762489,-0.00911814516384232,"Terms are correlated, not additive independent explained variances."
09-25,joint,0.019685822655662582,0.0073502043352802575,0.018266371959431555,-0.005930753639049232,"Terms are correlated, not additive independent explained variances."
09-26,joint,0.026275422871791736,0.011431114808292786,0.02385811847762489,-0.009013810414125937,"Terms are correlated, not additive independent explained variances."
09-27,joint,0.02275311591779363,0.008863815317687554,0.02078307209606435,-0.006893771495958275,"Terms are correlated, not additive independent explained variances."
09-28,joint,0.022878168215150492,0.009328527139788427,0.020783072096064354,-0.0072334310207022865,"Terms are correlated, not additive independent explained variances."
09-29,joint,0.01989746222476322,0.007717127171259703,0.018266371959431555,-0.006086036905928034,"Terms are correlated, not additive independent explained variances."
09-30,joint,0.026086318646863286,0.01150921139348754,0.02385811847762489,-0.009281011224249142,"Terms are correlated, not additive independent explained variances."
09-31,joint,0.022409291458033637,0.008746313622635116,0.02078307209606435,-0.007120094260665825,"Terms are correlated, not additive independent explained variances."
09-32,joint,0.022789384379958345,0.00894439341851406,0.020783072096064354,-0.006938081134620061,"Terms are correlated, not additive independent explained variances."
09-33,joint,0.026066536982538482,0.011181009451325587,0.023858118477624885,-0.008972590946411993,"Terms are correlated, not additive independent explained variances."
09-34,joint,0.01974627193079485,0.0075302381937991675,0.018266371959431555,-0.006050338222435874,"Terms are correlated, not additive independent explained variances."
09-35,joint,0.022484583848805986,0.009326726096222752,0.02078307209606435,-0.007625214343481117,"Terms are correlated, not additive independent explained variances."
09-36,joint,0.022188912319602003,0.008737535933836407,0.02078307209606435,-0.0073316957102987496,"Terms are correlated, not additive independent explained variances."
09-37,joint,0.017266545736674202,0.0066454886221115235,0.016180592462333835,-0.00555953534777116,"Terms are correlated, not additive independent explained variances."
09-38,joint,0.025763654751737475,0.011145328030647786,0.02385811847762489,-0.0092397917565352,"Terms are correlated, not additive independent explained variances."
09-39,joint,0.022978060309402783,0.009098484202174757,0.020783072096064354,-0.006903495988836319,"Terms are correlated, not additive independent explained variances."
09-40,joint,0.022621378140643723,0.00955985465944556,0.02078307209606435,-0.007721548614866185,"Terms are correlated, not additive independent explained variances."
09-41,joint,0.019531550918461718,0.007497857299516556,0.018266371959431555,-0.006232678340486389,"Terms are correlated, not additive independent explained variances."
09-42,joint,0.026194191125407905,0.011291063265369175,0.02385811847762489,-0.008954990617586162,"Terms are correlated, not additive independent explained variances."
09-43,joint,0.026090125746019627,0.01108295162211385,0.02385811847762489,-0.008850944353719114,"Terms are correlated, not additive independent explained variances."
09-44,joint,0.023097497713951656,0.009336255188956671,0.02078307209606435,-0.007021829571069363,"Terms are correlated, not additive independent explained variances."
09-45,joint,0.01691772317177932,0.006439354564743399,0.016180592462333835,-0.005702223855297917,"Terms are correlated, not additive independent explained variances."
09-46,joint,0.017627390617616666,0.006948489553249761,0.016180592462333835,-0.005501691397966931,"Terms are correlated, not additive independent explained variances."
09-47,joint,0.020021037587873724,0.007812838525315918,0.018266371959431555,-0.0060581728968737494,"Terms are correlated, not additive independent explained variances."
