branch,geometry,method,correct_neg_cos,correct_neg_cos_sd,source_pos_cos,source_pos_cos_sd,other_pos_cos,other_pos_cos_sd,other_neg_cos,other_neg_cos_sd,scope_cos,scope_cos_sd,correct_neg_change_vs_identity,correct_neg_change_vs_identity_sd,source_pos_change_vs_identity,source_pos_change_vs_identity_sd,other_pos_change_vs_identity,other_pos_change_vs_identity_sd,other_neg_change_vs_identity,other_neg_change_vs_identity_sd,scope_change_vs_identity,scope_change_vs_identity_sd
phase1_reproduction,raw,identity,0.8523290313535339,0.05464135995447716,1.0,5.501377123628521e-16,0.9042838866042834,0.04291693587960223,0.8292051012009208,0.05167986650767151,0.8609189698116698,0.04484333096016191,0.0,0.0,0.0,0.0,0.0,0.0,0.0,0.0,0.0,0.0
new_matched_confirmation,raw,identity,0.8694464428754467,0.0422532877834561,1.0,6.072460849782818e-16,0.892780694426551,0.039614755399834514,0.8390042449282422,0.046827881358342316,0.870436169292194,0.043802796883275257,0.0,0.0,0.0,0.0,0.0,0.0,0.0,0.0,0.0,0.0
new_matched_confirmation,train_centered,identity,0.5415392517867786,0.21335951357635793,1.0,3.0815105059495983e-16,0.640252699569263,0.13064320407718846,0.4522465943015184,0.23610345054150128,0.5629092669758937,0.1947198952572152,0.0,0.0,0.0,0.0,0.0,0.0,0.0,0.0,0.0,0.0
new_matched_confirmation,train_pc1_removed,identity,0.5619010013421443,0.12238620334263754,1.0,2.8535694572059084e-16,0.6326951195955094,0.10228831583549472,0.4645141199561367,0.1432504667808013,0.5673587307874093,0.14606492594492404,0.0,0.0,0.0,0.0,0.0,0.0,0.0,0.0,0.0,0.0
phase1_reproduction,raw,shift,0.8756010443181433,0.04820710662026246,0.9783563482422326,0.0016891047069185268,0.8854899133557829,0.04575769337727477,0.851382618052341,0.04682913503086786,0.8638330337909115,0.03964453215256487,0.023272012964609328,0.009757048968885774,-0.02164365175776746,0.0016891047069184904,-0.01879397324850061,0.013559673254343294,0.022177516851420203,0.008188918680980787,0.0029140639792416137,0.008059052913173123
new_matched_confirmation,raw,shift,0.8898952756047023,0.036262586481686475,0.9788044231889003,0.0016025960277175474,0.8756953537044683,0.034849549359913676,0.859521517151618,0.04346701194992023,0.8652999435518967,0.03896985667583163,0.02044883272925561,0.007930876954454652,-0.02119557681109983,0.0016025960277175292,-0.017085340722082874,0.011847071175171489,0.02051727222337584,0.00674117875975719,-0.005136225740297387,0.00962412743732938
new_matched_confirmation,train_centered,shift,0.608123006856335,0.1834153259244367,0.9161770112333174,0.027830253713901857,0.5622020607244081,0.16416360000291116,0.5133059781522172,0.2183099134827637,0.5421230717672554,0.17764629516057817,0.06658375506955647,0.034062596558397835,-0.08382298876668252,0.027830253713901854,-0.07805063884485487,0.05528900029148686,0.06105938385069884,0.022192414506945042,-0.02078619520863852,0.029438874911858714
new_matched_confirmation,train_pc1_removed,shift,0.6132570266243567,0.10594583784614521,0.9065815975165914,0.026953330650678342,0.5436468448965864,0.1305636587892961,0.5105568127830461,0.14207917449077423,0.5185733348257732,0.12777547778869658,0.051356025282212475,0.025065523154721155,-0.09341840248340852,0.026953330650678304,-0.0890482746989229,0.046637715837563404,0.04604269282690935,0.015074313526776016,-0.04878539596163613,0.03650077489208212
phase1_reproduction,raw,rank1,0.8849956739564259,0.03515320604954095,0.9735686612177662,0.005072906668771858,0.8862135435233294,0.036071329955494266,0.8599639160427106,0.03552636235205326,0.8716493950938748,0.03219947230337458,0.03266664260289192,0.023628235565661404,-0.026431338782233804,0.00507290666877187,-0.018070343080954048,0.021059906626840635,0.030758814841789876,0.02110389277763075,0.01073042528220495,0.018402477885527915
new_matched_confirmation,raw,rank1,0.8926493720997833,0.029051000113145434,0.9749881478132134,0.003687883257951764,0.8735675751726482,0.031646538491284106,0.8628199632840265,0.03614363383849855,0.8647342880412849,0.03283402978441207,0.023202929224336824,0.016872085753445575,-0.025011852186786518,0.0036878832579517163,-0.019213119253902653,0.014113527590780113,0.02381571835578443,0.016231872742458787,-0.005701881250908992,0.018291983828763656
new_matched_confirmation,train_centered,rank1,0.6149847346893277,0.15120170154074744,0.9015133600094547,0.03675670998509146,0.5544103626085563,0.14638546840715064,0.5197484090374088,0.18631489388679134,0.536869581950719,0.15564515663267725,0.07344548290254914,0.07133770774113002,-0.09848663999054522,0.03675670998509145,-0.08584233696070676,0.05139130233814541,0.06750181473589051,0.06289246713465874,-0.02603968502517488,0.05259104528546539
new_matched_confirmation,train_pc1_removed,rank1,0.6144031433945086,0.10375559330651717,0.9012244085543859,0.025095096489481064,0.537756359349982,0.12232802061461182,0.510825783387975,0.13792551100299588,0.5150831483822238,0.12543617884832234,0.05250214205236451,0.02779917472472898,-0.09877559144561404,0.025095096489481022,-0.09493876024552733,0.03923437238805047,0.046311663431838325,0.018033819087160303,-0.05227558240518557,0.03943114245682547
phase1_reproduction,raw,lowrank,0.8962264856898128,0.02615173018218119,0.9477351433776432,0.01825419948625028,0.871379526390049,0.03751903494389627,0.8717209998419762,0.026945046278570108,0.8706578450798117,0.02702766368063108,0.043897454336278736,0.0360032859306492,-0.05226485662235665,0.0182541994862503,-0.03290436021423447,0.029726568498370617,0.04251589864105539,0.03382972596849938,0.009738875268141857,0.03210792166079012
new_matched_confirmation,raw,lowrank,0.8957923474446934,0.023673167182873562,0.9463871469154029,0.022286152619308507,0.8584958448720142,0.033114447371735495,0.8670168087939352,0.031118258467151143,0.8565904384483222,0.030416074555912217,0.0263459045692467,0.030530025005100637,-0.053612853084597,0.022286152619308545,-0.03428484955453673,0.027236575654320597,0.028012563865692983,0.027245748064223717,-0.013845730843871897,0.03682217730225272
new_matched_confirmation,train_centered,lowrank,0.6288938693805493,0.11757510377936638,0.7992762273386064,0.07038426179569403,0.5035258957901824,0.1309016470457055,0.5354147255428153,0.15436706898820182,0.5140456719260366,0.1156225821106594,0.08735461759377078,0.12617603567315208,-0.20072377266139355,0.07038426179569399,-0.13672680377908067,0.07820094445357342,0.08316813124129695,0.11467656829718557,-0.04886359504985714,0.11460485646010002
new_matched_confirmation,train_pc1_removed,lowrank,0.6326482462413543,0.07010244538889371,0.7930315954360717,0.06303537518498038,0.48393779038736845,0.09900087449172588,0.5307397004533881,0.10593764469668947,0.48611584775969885,0.09144956052420135,0.07074724489921005,0.07567803980057199,-0.2069684045639282,0.06303537518498036,-0.14875732920814094,0.06021554723537948,0.06622558049725136,0.06454005539789578,-0.08124288302771047,0.10536651658043913
phase1_reproduction,raw,full_delta,0.895458181907079,0.02398503978835236,0.9353762037360198,0.016800527829180418,0.8636093329883396,0.03647576893545782,0.8721270506127232,0.025915196616987813,0.8674760665898928,0.027118340563864685,0.04312915055354501,0.038976908349561606,-0.06462379626398,0.016800527829180446,-0.040674553615943694,0.030108676145312558,0.04292194941180253,0.03611998034913776,0.006557096778223065,0.03428348875327409
new_matched_confirmation,raw,full_delta,0.8927393409363837,0.022358791573799056,0.9333670211122472,0.021460988335738198,0.8499362377950386,0.031281916852372735,0.8637808746850205,0.02931274067905158,0.8517511908343863,0.02915251808633481,0.023292898060936967,0.033531010070854905,-0.0666329788877529,0.021460988335738247,-0.04284445663151239,0.028358255578203116,0.024776629756778315,0.02997314023741483,-0.01868497845780772,0.03846700483082304
new_matched_confirmation,train_centered,full_delta,0.619437660258417,0.11077601742351025,0.75097695755948,0.062453396872775645,0.472292213617,0.12784437993424116,0.5251275620630482,0.14820669606253933,0.4982916251846552,0.10925633228779491,0.0778984084716385,0.13636563213979222,-0.24902304244051987,0.06245339687277559,-0.167960485952263,0.0818558507048854,0.07288096776152984,0.12412432915954569,-0.06461764179123872,0.11947878057332804
new_matched_confirmation,train_pc1_removed,full_delta,0.6193768717383152,0.062145842325407076,0.738478997397463,0.05535839471111047,0.4473938643489712,0.0886352852185786,0.516747146532253,0.09874991229980558,0.4634268317388246,0.0862182336624643,0.05747587039617108,0.08749588338145935,-0.26152100260253686,0.05535839471111042,-0.1853012552465381,0.06225183067367319,0.05223302657611606,0.07561356605732111,-0.10393189904858474,0.11577859504396028
phase1_reproduction,raw,full_affine,0.8895969983074506,0.021955386715099907,0.8909418535653045,0.02264253310546358,0.864077955474127,0.03094386377146381,0.880263371243633,0.024547790385359113,0.8689893110606255,0.028143577680884095,0.03726796695391683,0.046517941340318336,-0.10905814643469533,0.022642533105463613,-0.04020593113015642,0.031376455177913286,0.051058270042712114,0.04142041457922447,0.00807034124895565,0.0411698832133425
new_matched_confirmation,raw,full_affine,0.8808773989465863,0.023783456522705256,0.879884402303095,0.033187129105843836,0.8339412711091243,0.036807531684401255,0.862586171852782,0.025628898647420545,0.8430068707714171,0.03367268226450045,0.011430956071139548,0.04274142115944658,-0.12011559769690525,0.033187129105843885,-0.05883942331742675,0.03672739916425469,0.02358192692453984,0.03655365952878612,-0.027429298520776933,0.05067912120200793
new_matched_confirmation,train_centered,full_affine,0.5377765969433923,0.11912848758511593,0.46313264478037985,0.1155866802551271,0.32124198861479314,0.15079080117715277,0.4680053119042282,0.14868197790913007,0.39997738136284877,0.11703000585229512,-0.0037626548433862153,0.1660064941392146,-0.5368673552196201,0.11558668025512704,-0.3190107109544698,0.11693751200553863,0.015758717602709846,0.14753282777683627,-0.16293188561304506,0.14896187588988366
new_matched_confirmation,train_pc1_removed,full_affine,0.5092983939337665,0.07947311553643327,0.3917960007316106,0.09586112869979307,0.2585482328874449,0.08089164694350835,0.4384163115737493,0.09312741715016085,0.3195930252134203,0.11742240970241519,-0.05260260740837756,0.1432318509471528,-0.6082039992683893,0.09586112869979306,-0.3741468867080645,0.09781234568240409,-0.026097808382387518,0.12013116312284679,-0.24776570557398894,0.18708433451001227
