method,split,mode,recall1,recall1_sd,mrr,mrr_sd,margin,margin_sd
identity,train,seen,0.0,0.0,0.18265790814649174,0.10656051477957978,-0.0646163861899087,0.02572829835736498
identity,dev,seen,0.0,0.0,0.2821064063251563,0.1303346248057429,-0.0654183105440887,0.026360997290178774
identity,iid,seen,0.0,0.0,0.28252773404427817,0.15366668382090426,-0.06780423492204905,0.02777696854230855
identity,template,seen,0.0,0.0,0.16361698801714283,0.08617926273563882,-0.06031973564301809,0.03590727180625848
identity,topic,seen,0.0,0.0,0.159162572551035,0.14012976813388126,-0.0704869581170137,0.029215736674249954
identity,joint,seen,0.0,0.0,0.1573098776223776,0.06655875613847083,-0.060076508238194715,0.02840802920212096
identity,train,unseen,0.0,0.0,0.1977428006135114,0.10857187779861317,-0.0599896665518643,0.024450681873093745
identity,dev,unseen,0.0,0.0,0.29989929052429054,0.14366984955150205,-0.06344707590599079,0.027097349556599645
identity,iid,unseen,0.0,0.0,0.3119449507607402,0.14820156793453554,-0.06144504970766948,0.025180252542816913
identity,template,unseen,0.0,0.0,0.14990065145740697,0.06932147479003554,-0.061484964664485275,0.030254972659223868
identity,topic,unseen,0.0,0.0,0.14128610786787452,0.1231749433807537,-0.06863488137991253,0.02578268150168526
identity,joint,unseen,0.0,0.0,0.14784306405400152,0.07500943511769657,-0.06382641294092305,0.02254478931595393
identity,train,all,0.0,0.0,0.20534424730574596,0.11005875770786054,-0.057291232303429335,0.023682618173484313
identity,dev,all,0.0,0.0,0.32354659229659233,0.1390887916928563,-0.059395814359202666,0.024771892202108427
identity,iid,all,0.0,0.0,0.3343312840708674,0.14942702413636516,-0.058360510138779596,0.024084503638634354
identity,template,all,0.0,0.0,0.1686996406415764,0.08272285609806743,-0.05431717551755041,0.030452260105328928
identity,topic,all,0.0,0.0,0.17066241848337443,0.14103106355577072,-0.06338767533154414,0.024616536433678737
identity,joint,all,0.0,0.0,0.16282187864219114,0.07477380313310356,-0.05583809493876188,0.023296726719964272
shift,train,seen,0.0,0.0,0.2945824861634894,0.13256421905965476,-0.03718924290079961,0.025238703099914876
shift,dev,seen,0.0,0.0,0.41301734814296087,0.12393868160595797,-0.03777660571301469,0.02574030577410044
shift,iid,seen,0.0,0.0,0.3975265855611251,0.1374712542211815,-0.039214937843372454,0.025212309485358814
shift,template,seen,0.005208333333333333,0.07207450694790886,0.22897736145970474,0.14275628837927445,-0.04439914084408928,0.03991280955122367
shift,topic,seen,0.0,0.0,0.2703089762546132,0.17379294150941701,-0.04020226791003431,0.02423409509015633
shift,joint,seen,0.0,0.0,0.19826952561327563,0.09771847313481047,-0.04171644088336029,0.03402368186019036
shift,train,unseen,0.0,0.0,0.30247140206520867,0.12509226282181135,-0.03502233850236851,0.02333516535147012
shift,dev,unseen,0.0,0.0,0.40398929773929776,0.12257474248309136,-0.03790255458568711,0.025475032812609464
shift,iid,unseen,0.0,0.0,0.425333298524088,0.11973503602292485,-0.035951656421086484,0.02368740327560687
shift,template,unseen,0.0,0.0,0.19839496717368962,0.09613670726793896,-0.0439334503942345,0.032627186226836136
shift,topic,unseen,0.001736111111111111,0.04166666666666667,0.25628015414062094,0.17039608032472775,-0.03924221533358932,0.02172825882315733
shift,joint,unseen,0.0,0.0,0.20535635516104267,0.11768915029798933,-0.04369005553082195,0.026310436454068904
shift,train,all,0.0,0.0,0.32056162191522247,0.13023676407368015,-0.03186968813636862,0.023013655105014942
shift,dev,all,0.0,0.0,0.43226686507936507,0.11017089943311385,-0.03329978173854155,0.023662373151515488
shift,iid,all,0.0,0.0,0.44262657995296883,0.10545692688366078,-0.03260732194569054,0.022353640607122503
shift,template,all,0.005208333333333333,0.07207450694790886,0.24252352883623443,0.13829407018782894,-0.03802178682905916,0.03341546029067694
shift,topic,all,0.001736111111111111,0.04166666666666667,0.2889820414317832,0.17616551675830736,-0.034655476597621,0.020717756989210283
shift,joint,all,0.0,0.0,0.22072213056418222,0.11904248902376333,-0.03642921885314554,0.027919085773250724
rank1,train,seen,0.036458333333333336,0.18759055784155113,0.329366840297439,0.17941467745654888,-0.03481829585283503,0.03015706264196917
rank1,dev,seen,0.03125,0.17429549581279252,0.4389921290809771,0.15497503263293586,-0.035493248845324996,0.03173062281874473
rank1,iid,seen,0.034722222222222224,0.18339403493027298,0.4194339248857437,0.17329077411729285,-0.03646483769365148,0.029777204874431015
rank1,template,seen,0.07552083333333333,0.26457461712032965,0.2727122502773141,0.24141445086290084,-0.04678565511053062,0.04752447017442036
rank1,topic,seen,0.022569444444444444,0.14865540673547942,0.2906003428346527,0.20074483499740944,-0.03607401462246053,0.02798550626763224
rank1,joint,seen,0.026041666666666668,0.15967558187937372,0.23402738754301255,0.1746845762067671,-0.043447293208554894,0.04319585305256183
rank1,train,unseen,0.041666666666666664,0.20000000000000004,0.33802850280422647,0.18133770581904982,-0.03172865198997467,0.028299770802374516
rank1,dev,unseen,0.027777777777777776,0.16462159944159824,0.43686906265031267,0.14877683790498789,-0.03422781834357447,0.03070345884451206
rank1,iid,unseen,0.010416666666666666,0.10170583392830651,0.4385871362433862,0.13051791441728916,-0.03250828639979582,0.028566639268933325
rank1,template,unseen,0.046875,0.21164684364047695,0.2585265264153532,0.204184659836702,-0.042515377951702044,0.04015608386688553
rank1,topic,unseen,0.024305555555555556,0.1541299407880993,0.2973159849190472,0.19439373098120755,-0.0334163755545032,0.026213106532183384
rank1,joint,unseen,0.010416666666666666,0.10179454378723674,0.22619024409006028,0.1394563487391532,-0.03975464803986881,0.0344945987858715
rank1,train,all,0.05555555555555555,0.22926052096562535,0.3627737964937518,0.19826420695186944,-0.02902727743942097,0.02802198601304067
rank1,dev,all,0.052083333333333336,0.2225818566883412,0.46695075757575766,0.16309770912336433,-0.030700915922902694,0.029423225363405685
rank1,iid,all,0.04513888888888889,0.20797006656467282,0.4683821097883598,0.15602189191353302,-0.029690197093205653,0.02723676540786316
rank1,template,all,0.109375,0.3125163181118098,0.3198953641890566,0.2680810941510308,-0.03858334151861691,0.04028513920032663
rank1,topic,all,0.036458333333333336,0.1875905578415511,0.3257706169431917,0.2101035174906931,-0.02987233191691321,0.02529178360924513
rank1,joint,all,0.036458333333333336,0.18791765583685355,0.2686227325663467,0.18931748126043768,-0.035647351393806606,0.03536227521448502
lowrank,train,seen,0.21354166666666666,0.41016301107263914,0.45814333045775946,0.31069250868292103,-0.011844249785625423,0.03534238599979535
lowrank,dev,seen,0.2986111111111111,0.4584455041705955,0.5740906084656086,0.29763359798880856,-0.011896704553060345,0.037050572380873815
lowrank,iid,seen,0.3298611111111111,0.47098086708309395,0.583734981261023,0.31535515016937526,-0.011798809381944634,0.03542210421009208
lowrank,template,seen,0.08854166666666667,0.2844516658723948,0.27442951072419414,0.26273149557461545,-0.03698810649993015,0.0522667276016449
lowrank,topic,seen,0.22395833333333334,0.4172568284277265,0.4219982491191685,0.3429836174148129,-0.007371661096511596,0.037787163309919235
lowrank,joint,seen,0.109375,0.31292510352934,0.291334529781221,0.2763529428068571,-0.030570070073032463,0.05061671936674765
lowrank,train,unseen,0.28125,0.45,0.5089775324725037,0.33134057509471376,-0.009232306764131061,0.034052277998995635
lowrank,dev,unseen,0.3055555555555556,0.4614441469295919,0.5782393628747795,0.2986205880442516,-0.011091774241859345,0.03683350161164423
lowrank,iid,unseen,0.3506944444444444,0.47801805219768423,0.60557728825958,0.31074679960267354,-0.009313773484188655,0.03474764366748147
lowrank,template,unseen,0.109375,0.3125163181118098,0.3097829047428931,0.2734917189207876,-0.028946385702178664,0.047480538919792564
lowrank,topic,unseen,0.2621527777777778,0.44018756981354834,0.4809370516611657,0.3411181779785594,-0.0020505880584926034,0.03779502300555141
lowrank,joint,unseen,0.13020833333333334,0.33741232459533943,0.3566777912481038,0.2818735477440604,-0.020457551067954854,0.0460783584599711
lowrank,train,all,0.2829861111111111,0.45084126945250463,0.5232206900914405,0.3243445425033984,-0.0060837184261650305,0.03353178509622758
lowrank,dev,all,0.3576388888888889,0.48013933243598284,0.6220375881834215,0.29792167904776284,-0.007663742440155453,0.03535556759300667
lowrank,iid,all,0.3854166666666667,0.4875407603794363,0.6370605860189192,0.3060456415348849,-0.006436133801945688,0.032951785567129264
lowrank,template,all,0.1171875,0.32206320228538765,0.3228279731082435,0.2821045744330406,-0.026865067004122552,0.04691266300903355
lowrank,topic,all,0.2881944444444444,0.4533157498721235,0.4924900755246532,0.3540442389672641,0.00012828588207604527,0.03698665388980677
lowrank,joint,all,0.15625,0.36404145095094764,0.3714094529391774,0.3022607509513133,-0.018656141124616357,0.04592430375781779
full_delta,train,seen,0.21875,0.41375796327552783,0.45733785146983563,0.3167708377999438,-0.005318330904283788,0.035787909675185144
full_delta,dev,seen,0.2638888888888889,0.44150693975883,0.5504794973544974,0.29049296285575843,-0.005056744739297343,0.037469447046247426
full_delta,iid,seen,0.3194444444444444,0.4670729938369545,0.5712847096961681,0.3174338229231363,-0.004864489810440296,0.03603672739844869
full_delta,template,seen,0.0625,0.24237726026264964,0.25231127951941495,0.23621060387391518,-0.032940253953791986,0.05112006404599838
full_delta,topic,seen,0.2222222222222222,0.4161010653895968,0.41395494949657746,0.3453889471961362,0.0002890938303581645,0.03900003749538388
full_delta,joint,seen,0.08333333333333333,0.27710797663642284,0.2710834143899401,0.25161349898731405,-0.026281934430234567,0.05011356624787543
full_delta,train,unseen,0.2569444444444444,0.43732829618873625,0.49425811139101467,0.32466136197127154,-0.0030847086908313507,0.034558479734720725
full_delta,dev,unseen,0.3125,0.46431921615928573,0.5808380180776014,0.3010595243613377,-0.0044720252133194855,0.037451928155937536
full_delta,iid,unseen,0.3472222222222222,0.4769158238708998,0.6008326068221902,0.3126068663463651,-0.002866529255549236,0.03526873465477713
full_delta,template,unseen,0.0859375,0.28063738764112767,0.2932280042036176,0.252021689002011,-0.024073076223423594,0.04717786331149233
full_delta,topic,unseen,0.2899305555555556,0.4541242833567696,0.48545601109431463,0.35670376438689555,0.005764881127296084,0.03915573130340342
full_delta,joint,unseen,0.125,0.3315835399700317,0.3548357097185222,0.27967400187143626,-0.014959343601734808,0.04667898362557289
full_delta,train,all,0.2795138888888889,0.44915043260706217,0.5191924312036024,0.32555503211325815,0.00034979477713406864,0.03402386820033856
full_delta,dev,all,0.3541666666666667,0.4790924928703628,0.6158399470899472,0.30031897225843474,-0.0008009421735517919,0.03599498366637316
full_delta,iid,all,0.3888888888888889,0.48834658268881975,0.6336903258778259,0.31212516080698666,0.00022796359757256627,0.0335390505702325
full_delta,template,all,0.09895833333333333,0.2989956352595546,0.30312709029258905,0.267097034542889,-0.022348840453943305,0.04641624040663273
full_delta,topic,all,0.3020833333333333,0.45956028132761106,0.4872490892974308,0.3663273376620665,0.007864679815785886,0.038226851932841886
full_delta,joint,all,0.140625,0.3485431534873866,0.359720764023926,0.2922690072608589,-0.013550416581351891,0.04625183202038076
full_affine,train,seen,0.078125,0.2686014503505794,0.28027918453660927,0.25783025010101646,0.02229213434653485,0.025967488838761543
full_affine,dev,seen,0.1423611111111111,0.35002834352355133,0.38286048406501194,0.2875252349445192,0.0234650178961842,0.027065424572320994
full_affine,iid,seen,0.18055555555555555,0.38531905016750717,0.4006842461958884,0.31645934012253807,0.020673297795453308,0.02465789335265402
full_affine,template,seen,0.0026041666666666665,0.05103103630798288,0.15928893773848962,0.12988394652689988,-0.007153286069120193,0.03160474613868889
full_affine,topic,seen,0.0625,0.24227185592617448,0.23870916315749538,0.25231237621991826,0.027145028397086608,0.029625832200632533
full_affine,joint,seen,0.005208333333333333,0.07216878364870323,0.17930502596839326,0.13491036260746891,0.001710986450612446,0.030264885433385753
full_affine,train,unseen,0.10416666666666667,0.30574214768259417,0.31601708380374494,0.27864483798750667,0.02429841542205346,0.02431802812843982
full_affine,dev,unseen,0.14583333333333334,0.3535533905932738,0.40390086861441027,0.2827306236158239,0.025076277905347808,0.026082261996298463
full_affine,iid,unseen,0.18055555555555555,0.38531905016750717,0.405948934512531,0.3114478424713606,0.02351854906770763,0.024852286231769636
full_affine,template,unseen,0.0026041666666666665,0.051031036307982884,0.19294197888675088,0.1368320863411793,0.005546614373050029,0.02792242637315783
full_affine,topic,unseen,0.11805555555555555,0.3229543573141761,0.28773439290570874,0.2989372780757794,0.034880693939235145,0.028717847225712235
full_affine,joint,unseen,0.046875,0.2119236872429783,0.2771854319728624,0.21330484777339437,0.01964177291425688,0.02920278751565972
full_affine,train,all,0.125,0.33100637062042226,0.3221581192131189,0.3007182460097664,0.028877814084216875,0.024326708130413145
full_affine,dev,all,0.1875,0.39099177032250987,0.43025352555750396,0.3107494759132353,0.029087587741605605,0.026619590463570722
full_affine,iid,all,0.2152777777777778,0.41173034110952583,0.4175966612677546,0.33853946918685907,0.026764273528552082,0.02367442747097615
full_affine,template,all,0.005208333333333333,0.07207450694790885,0.186696455738926,0.14656878005919172,0.006366302918594746,0.027543703702073243
full_affine,topic,all,0.13194444444444445,0.3387245186237752,0.28827225369215587,0.317936428347527,0.03665958343983202,0.028347814065560858
full_affine,joint,all,0.046875,0.2119236872429783,0.27386714727505257,0.21636390690501506,0.020156046531953565,0.02906070949588185
