branch,geometry,seed,method,n,mse,recall1,mrr,margin,pred_norm,source_norm,target_norm,chance
phase1_reproduction,raw,17,identity,96,7.200607636850641,0.0,0.3001736111111111,-0.14767096864646598,289.9894912627188,289.9894912627188,299.8860380680639,0.19999999999999998
new_matched_confirmation,raw,17,identity,96,6.445873065558273,0.0,0.3282986111111111,-0.13055355712455335,293.007839790196,293.007839790196,300.3355508319898,0.19999999999999998
new_matched_confirmation,train_centered,17,identity,96,6.445873065558273,0.0,0.3116319444444445,-0.4584607482132214,293.007839790196,293.007839790196,300.3355508319898,0.19999999999999998
new_matched_confirmation,train_pc1_removed,17,identity,96,6.445873065558273,0.0,0.3137152777777778,-0.4380989986578558,293.007839790196,293.007839790196,300.3355508319898,0.19999999999999998
phase1_reproduction,raw,17,shift,96,6.229516338130176,0.0,0.34861111111111115,-0.10377294005665359,296.87779899096716,289.9894912627188,299.8860380680639,0.19999999999999998
new_matched_confirmation,raw,17,shift,96,5.588511986173349,0.0,0.41006944444444443,-0.08987556130181244,299.9276741643702,293.007839790196,300.3355508319898,0.19999999999999998
new_matched_confirmation,train_centered,17,shift,96,5.588511986173349,0.0,0.4069444444444444,-0.31179869167037294,299.9276741643702,293.007839790196,300.3355508319898,0.19999999999999998
new_matched_confirmation,train_pc1_removed,17,shift,96,5.588511986173349,0.0,0.4289930555555556,-0.2986293189814796,299.9276741643702,293.007839790196,300.3355508319898,0.19999999999999998
phase1_reproduction,raw,17,rank1,96,5.754690458326231,0.0,0.3597222222222222,-0.0905044577930139,291.60006601983986,289.9894912627188,299.8860380680639,0.19999999999999998
new_matched_confirmation,raw,17,rank1,96,5.43651590918491,0.0,0.41753472222222227,-0.084719548849313,292.39483506780067,293.007839790196,300.3355508319898,0.19999999999999998
new_matched_confirmation,train_centered,17,rank1,96,5.43651590918491,0.0,0.42430555555555555,-0.2966691335564851,292.39483506780067,293.007839790196,300.3355508319898,0.19999999999999998
new_matched_confirmation,train_pc1_removed,17,rank1,96,5.43651590918491,0.0,0.4378472222222222,-0.29097152383629904,292.39483506780067,293.007839790196,300.3355508319898,0.19999999999999998
phase1_reproduction,raw,17,lowrank,96,5.034887163527809,0.0,0.4305555555555555,-0.04894355393747688,292.77166994889535,289.9894912627188,299.8860380680639,0.19999999999999998
new_matched_confirmation,raw,17,lowrank,96,5.304723722682173,0.0,0.4461805555555555,-0.05232163884016394,294.0334091131148,293.007839790196,300.3355508319898,0.19999999999999998
new_matched_confirmation,train_centered,17,lowrank,96,5.304723722682173,0.0,0.46527777777777785,-0.1791435198258816,294.0334091131148,293.007839790196,300.3355508319898,0.19999999999999998
new_matched_confirmation,train_pc1_removed,17,lowrank,96,5.304723722682173,0.0,0.4895833333333333,-0.1633173520596495,294.0334091131148,293.007839790196,300.3355508319898,0.19999999999999998
phase1_reproduction,raw,17,full_delta,96,5.12195079141739,0.020833333333333332,0.4427083333333333,-0.044419382651340704,292.19791838195033,289.9894912627188,299.8860380680639,0.19999999999999998
new_matched_confirmation,raw,17,full_delta,96,5.4658304373968605,0.0,0.44965277777777785,-0.04822603173140577,293.70112388202597,293.007839790196,300.3355508319898,0.19999999999999998
new_matched_confirmation,train_centered,17,full_delta,96,5.4658304373968605,0.0,0.47309027777777785,-0.16265693896550534,293.70112388202597,293.007839790196,300.3355508319898,0.19999999999999998
new_matched_confirmation,train_pc1_removed,17,full_delta,96,5.4658304373968605,0.0,0.4895833333333333,-0.14468958868230866,293.70112388202597,293.007839790196,300.3355508319898,0.19999999999999998
phase1_reproduction,raw,17,full_affine,96,5.33954797605594,0.3645833333333333,0.5909722222222222,-0.00540099662522702,283.13500572926614,289.9894912627188,299.8860380680639,0.19999999999999998
new_matched_confirmation,raw,17,full_affine,96,5.939927718573839,0.3854166666666667,0.6409722222222222,-0.006452371458209522,284.13653521716907,293.007839790196,300.3355508319898,0.19999999999999998
new_matched_confirmation,train_centered,17,full_affine,96,5.939927718573839,0.6458333333333334,0.8020833333333334,0.04139192213363413,284.13653521716907,293.007839790196,300.3355508319898,0.19999999999999998
new_matched_confirmation,train_pc1_removed,17,full_affine,96,5.939927718573839,0.78125,0.8871527777777777,0.09057139429655219,284.13653521716907,293.007839790196,300.3355508319898,0.19999999999999998
phase1_reproduction,raw,29,identity,96,7.200607636850641,0.0,0.3001736111111111,-0.14767096864646598,289.9894912627188,289.9894912627188,299.8860380680639,0.19999999999999998
new_matched_confirmation,raw,29,identity,96,6.445873065558273,0.0,0.3282986111111111,-0.13055355712455335,293.007839790196,293.007839790196,300.3355508319898,0.19999999999999998
new_matched_confirmation,train_centered,29,identity,96,6.445873065558273,0.0,0.3116319444444445,-0.4584607482132214,293.007839790196,293.007839790196,300.3355508319898,0.19999999999999998
new_matched_confirmation,train_pc1_removed,29,identity,96,6.445873065558273,0.0,0.3137152777777778,-0.4380989986578558,293.007839790196,293.007839790196,300.3355508319898,0.19999999999999998
phase1_reproduction,raw,29,shift,96,6.200199362104733,0.0,0.35642361111111115,-0.10174414743363924,296.6902296221475,289.9894912627188,299.8860380680639,0.19999999999999998
new_matched_confirmation,raw,29,shift,96,5.5691997979599845,0.0,0.4152777777777778,-0.08807094371893366,299.7963966296727,293.007839790196,300.3355508319898,0.19999999999999998
new_matched_confirmation,train_centered,29,shift,96,5.5691997979599845,0.0,0.41128472222222223,-0.3044222022669673,299.7963966296727,293.007839790196,300.3355508319898,0.19999999999999998
new_matched_confirmation,train_pc1_removed,29,shift,96,5.5691997979599845,0.0,0.43159722222222224,-0.2904058886264936,299.7963966296727,293.007839790196,300.3355508319898,0.19999999999999998
phase1_reproduction,raw,29,rank1,96,5.687750963875523,0.0,0.36059027777777786,-0.08844031033636358,293.2472268086147,289.9894912627188,299.8860380680639,0.19999999999999998
new_matched_confirmation,raw,29,rank1,96,5.329187020352545,0.0,0.41840277777777773,-0.08226749491198405,295.3224487097841,293.007839790196,300.3355508319898,0.19999999999999998
new_matched_confirmation,train_centered,29,rank1,96,5.329187020352545,0.0,0.42690972222222223,-0.28560087771882536,295.3224487097841,293.007839790196,300.3355508319898,0.19999999999999998
new_matched_confirmation,train_pc1_removed,29,rank1,96,5.329187020352545,0.0,0.43420138888888893,-0.2862258132252453,295.3224487097841,293.007839790196,300.3355508319898,0.19999999999999998
phase1_reproduction,raw,29,lowrank,96,5.101653816480198,0.0,0.3958333333333333,-0.06599493833094044,289.1687192231397,289.9894912627188,299.8860380680639,0.19999999999999998
new_matched_confirmation,raw,29,lowrank,96,4.851223450690406,0.0,0.4453125,-0.06119545811321425,291.1401894928373,293.007839790196,300.3355508319898,0.19999999999999998
new_matched_confirmation,train_centered,29,lowrank,96,4.851223450690406,0.0,0.45746527777777785,-0.20944554799387474,291.1401894928373,293.007839790196,300.3355508319898,0.19999999999999998
new_matched_confirmation,train_pc1_removed,29,lowrank,96,4.851223450690406,0.0,0.4791666666666667,-0.19753059549946703,291.1401894928373,293.007839790196,300.3355508319898,0.19999999999999998
phase1_reproduction,raw,29,full_delta,96,5.127542114700337,0.03125,0.4527777777777777,-0.038292430051953374,294.37150131700156,289.9894912627188,299.8860380680639,0.19999999999999998
new_matched_confirmation,raw,29,full_delta,96,5.103188103698083,0.010416666666666666,0.47309027777777785,-0.03775071690676072,295.813546975044,293.007839790196,300.3355508319898,0.19999999999999998
new_matched_confirmation,train_centered,29,full_delta,96,5.103188103698083,0.07291666666666667,0.5199652777777778,-0.11864130169408965,295.813546975044,293.007839790196,300.3355508319898,0.19999999999999998
new_matched_confirmation,train_pc1_removed,29,full_delta,96,5.103188103698083,0.052083333333333336,0.5190972222222222,-0.1026313772906063,295.813546975044,293.007839790196,300.3355508319898,0.19999999999999998
phase1_reproduction,raw,29,full_affine,96,5.247432932782494,0.5104166666666666,0.6901041666666666,0.0006261482550697813,286.246290095194,289.9894912627188,299.8860380680639,0.19999999999999998
new_matched_confirmation,raw,29,full_affine,96,5.498238230271703,0.5104166666666666,0.7248263888888888,0.00436798605059914,287.1389611898973,293.007839790196,300.3355508319898,0.19999999999999998
new_matched_confirmation,train_centered,29,full_affine,96,5.498238230271703,0.75,0.8628472222222223,0.08740179971270186,287.1389611898973,293.007839790196,300.3355508319898,0.19999999999999998
new_matched_confirmation,train_pc1_removed,29,full_affine,96,5.498238230271703,0.8854166666666666,0.9427083333333334,0.14225040880124887,287.1389611898973,293.007839790196,300.3355508319898,0.19999999999999998
phase1_reproduction,raw,43,identity,96,7.200607636850641,0.0,0.3001736111111111,-0.14767096864646598,289.9894912627188,289.9894912627188,299.8860380680639,0.19999999999999998
new_matched_confirmation,raw,43,identity,96,6.445873065558273,0.0,0.3282986111111111,-0.13055355712455335,293.007839790196,293.007839790196,300.3355508319898,0.19999999999999998
new_matched_confirmation,train_centered,43,identity,96,6.445873065558273,0.0,0.3116319444444445,-0.4584607482132214,293.007839790196,293.007839790196,300.3355508319898,0.19999999999999998
new_matched_confirmation,train_pc1_removed,43,identity,96,6.445873065558273,0.0,0.3137152777777778,-0.4380989986578558,293.007839790196,293.007839790196,300.3355508319898,0.19999999999999998
phase1_reproduction,raw,43,shift,96,6.109370630310302,0.0,0.36076388888888894,-0.10274882428197472,294.2065889752412,289.9894912627188,299.8860380680639,0.19999999999999998
new_matched_confirmation,raw,43,shift,96,5.46835604604582,0.0,0.4152777777777778,-0.08878093773184763,297.2620894244655,293.007839790196,300.3355508319898,0.19999999999999998
new_matched_confirmation,train_centered,43,shift,96,5.46835604604582,0.0,0.40868055555555555,-0.307941119193607,297.2620894244655,293.007839790196,300.3355508319898,0.19999999999999998
new_matched_confirmation,train_pc1_removed,43,shift,96,5.46835604604582,0.0,0.43159722222222224,-0.29093850506873137,297.2620894244655,293.007839790196,300.3355508319898,0.19999999999999998
phase1_reproduction,raw,43,rank1,96,5.542214174132103,0.0,0.37013888888888896,-0.0867741936546433,289.4391636633214,289.9894912627188,299.8860380680639,0.19999999999999998
new_matched_confirmation,raw,43,rank1,96,5.173715759316063,0.0,0.42621527777777773,-0.08002928337899291,290.19647997648025,293.007839790196,300.3355508319898,0.19999999999999998
new_matched_confirmation,train_centered,43,rank1,96,5.173715759316063,0.0,0.43350694444444454,-0.27731586468507075,290.19647997648025,293.007839790196,300.3355508319898,0.19999999999999998
new_matched_confirmation,train_pc1_removed,43,rank1,96,5.173715759316063,0.0,0.4355902777777778,-0.28326645841808745,290.19647997648025,293.007839790196,300.3355508319898,0.19999999999999998
phase1_reproduction,raw,43,lowrank,96,5.2317885919722436,0.07291666666666667,0.47881944444444446,-0.03958748079507445,292.3132322774695,289.9894912627188,299.8860380680639,0.19999999999999998
new_matched_confirmation,raw,43,lowrank,96,5.357954596870388,0.07291666666666667,0.5086805555555555,-0.03826730145875072,293.4634832709783,293.007839790196,300.3355508319898,0.19999999999999998
new_matched_confirmation,train_centered,43,lowrank,96,5.357954596870388,0.07291666666666667,0.521701388888889,-0.12255800605441496,293.4634832709783,293.007839790196,300.3355508319898,0.19999999999999998
new_matched_confirmation,train_pc1_removed,43,lowrank,96,5.357954596870388,0.041666666666666664,0.5086805555555556,-0.12030210002503615,293.4634832709783,293.007839790196,300.3355508319898,0.19999999999999998
phase1_reproduction,raw,43,full_delta,96,5.355357709516035,0.08333333333333333,0.48576388888888883,-0.03704225278352886,293.5233343718891,289.9894912627188,299.8860380680639,0.19999999999999998
new_matched_confirmation,raw,43,full_delta,96,5.538316011278123,0.10416666666666667,0.5295138888888888,-0.03590629188942396,295.2560864112645,293.007839790196,300.3355508319898,0.19999999999999998
new_matched_confirmation,train_centered,43,full_delta,96,5.538316011278123,0.08333333333333333,0.5269097222222222,-0.11331965124359415,295.2560864112645,293.007839790196,300.3355508319898,0.19999999999999998
new_matched_confirmation,train_pc1_removed,43,full_delta,96,5.538316011278123,0.052083333333333336,0.515625,-0.10998541100452867,295.2560864112645,293.007839790196,300.3355508319898,0.19999999999999998
phase1_reproduction,raw,43,full_affine,96,5.531066331388544,0.4583333333333333,0.6618055555555555,0.0007402825965957816,286.3893565389283,289.9894912627188,299.8860380680639,0.19999999999999998
new_matched_confirmation,raw,43,full_affine,96,6.009681668886853,0.46875,0.7022569444444443,0.005063375338084743,287.9015905155013,293.007839790196,300.3355508319898,0.19999999999999998
new_matched_confirmation,train_centered,43,full_affine,96,6.009681668886853,0.75,0.8645833333333334,0.09513813464270161,287.9015905155013,293.007839790196,300.3355508319898,0.19999999999999998
new_matched_confirmation,train_pc1_removed,43,full_affine,96,6.009681668886853,0.7708333333333334,0.8836805555555555,0.11968537650866702,287.9015905155013,293.007839790196,300.3355508319898,0.19999999999999998
