branch,geometry,method,mse,mse_sd,recall1,recall1_sd,mrr,mrr_sd,margin,margin_sd,pred_norm,pred_norm_sd
phase1_reproduction,raw,identity,7.200607636850641,0.0,0.0,0.0,0.3001736111111111,0.0,-0.14767096864646598,0.0,289.9894912627188,0.0
new_matched_confirmation,raw,identity,6.445873065558273,0.0,0.0,0.0,0.3282986111111111,0.0,-0.13055355712455335,0.0,293.007839790196,0.0
new_matched_confirmation,train_centered,identity,6.445873065558273,0.0,0.0,0.0,0.3116319444444445,0.0,-0.4584607482132214,0.0,293.007839790196,0.0
new_matched_confirmation,train_pc1_removed,identity,6.445873065558273,0.0,0.0,0.0,0.3137152777777778,0.0,-0.4380989986578558,0.0,293.007839790196,0.0
phase1_reproduction,raw,shift,6.17969544351507,0.06264228432164065,0.0,0.0,0.35526620370370376,0.006158505976213189,-0.1027553039240892,0.001014411832600946,295.92487252945193,1.4910296263097065
new_matched_confirmation,raw,shift,5.542022610059718,0.06452373318095757,0.0,0.0,0.4135416666666667,0.0030070326520293222,-0.08890914758419792,0.0009091146681187004,298.99538673950286,1.5025139382101294
new_matched_confirmation,train_centered,shift,5.542022610059718,0.06452373318095757,0.0,0.0,0.40896990740740735,0.0021845585750205044,-0.30805400437698244,0.003689540117427666,298.99538673950286,1.5025139382101294
new_matched_confirmation,train_pc1_removed,shift,5.542022610059718,0.06452373318095757,0.0,0.0,0.43072916666666666,0.001503516326014629,-0.2933245708922349,0.004601758825318301,298.99538673950286,1.5025139382101294
phase1_reproduction,raw,rank1,5.661551865444618,0.10863396064389873,0.0,0.0,0.3634837962962964,0.005779798713957829,-0.08857298726134026,0.0018686679775496223,291.428818830592,1.9097985311294705
new_matched_confirmation,raw,rank1,5.313139562951172,0.13213296469677316,0.0,0.0,0.42071759259259256,0.004780877211185824,-0.08233877571343,0.0023459450675602594,292.637921251355,2.5716156464717788
new_matched_confirmation,train_centered,rank1,5.313139562951172,0.13213296469677316,0.0,0.0,0.42824074074074076,0.004742899650384977,-0.2865286253201271,0.00970993258015239,292.637921251355,2.5716156464717788
new_matched_confirmation,train_pc1_removed,rank1,5.313139562951172,0.13213296469677316,0.0,0.0,0.4358796296296297,0.0018400593860630164,-0.2868212651598773,0.0038868921427758613,292.637921251355,2.5716156464717788
phase1_reproduction,raw,lowrank,5.122776523993417,0.10013575640290238,0.024305555555555556,0.04209845712841022,0.43506944444444445,0.041676792751030485,-0.05150865768783059,0.013389296893963492,291.4178738165015,1.961265806380161
new_matched_confirmation,raw,lowrank,5.171300590080989,0.2784697701045024,0.024305555555555556,0.04209845712841022,0.46672453703703703,0.036337570055750584,-0.05059479947070964,0.011561209822022437,292.8790272923101,1.532602863118964
new_matched_confirmation,train_centered,lowrank,5.171300590080989,0.2784697701045024,0.024305555555555556,0.04209845712841022,0.48148148148148157,0.03504981459234583,-0.1703823579580571,0.04410135716762027,292.8790272923101,1.532602863118964
new_matched_confirmation,train_pc1_removed,lowrank,5.171300590080989,0.2784697701045024,0.013888888888888888,0.024056261216234408,0.49247685185185186,0.014968191153214778,-0.16038334919471756,0.038697757143271484,292.8790272923101,1.532602863118964
phase1_reproduction,raw,full_delta,5.2016168718779205,0.13317281851889046,0.04513888888888889,0.03348489847566998,0.46041666666666664,0.022521316205807655,-0.039918021828940976,0.003948091024874895,293.364251356947,1.0954890451842885
new_matched_confirmation,raw,full_delta,5.369111517457689,0.23313083471389162,0.03819444444444445,0.057370526534230235,0.4840856481481482,0.041050248405600634,-0.04062768017586348,0.006644673481996943,294.9235857561115,1.094760405402415
new_matched_confirmation,train_centered,full_delta,5.369111517457689,0.23313083471389162,0.052083333333333336,0.04540519732854868,0.5066550925925926,0.0292746293285688,-0.13153929730106304,0.02707971026334645,294.9235857561115,1.094760405402415
new_matched_confirmation,train_pc1_removed,full_delta,5.369111517457689,0.23313083471389162,0.034722222222222224,0.03007032652029301,0.5081018518518519,0.016131203547183285,-0.11910212565914789,0.022462394149724823,294.9235857561115,1.094760405402415
phase1_reproduction,raw,full_affine,5.3726824134089926,0.14469068527459605,0.4444444444444444,0.0739020717145582,0.6476273148148147,0.051064199643301014,-0.001344855257853819,0.0035131849874531227,285.25688412112953,1.8389923692672436
new_matched_confirmation,raw,full_affine,5.815949205910798,0.27734743811188706,0.4548611111111111,0.06364688465216442,0.6893518518518517,0.04339108638831042,0.0009929966434914538,0.006457245635149497,286.39236230752255,1.9904692331828049
new_matched_confirmation,train_centered,full_affine,5.815949205910798,0.27734743811188706,0.7152777777777778,0.060140653040585995,0.8431712962962964,0.035593806283985625,0.07464395216301252,0.029055736874897802,286.39236230752255,1.9904692331828049
new_matched_confirmation,train_pc1_removed,full_affine,5.815949205910798,0.27734743811188706,0.8125,0.06336210969060642,0.9045138888888888,0.033122888938088464,0.11750239320215601,0.02590857381508179,286.39236230752255,1.9904692331828049
