experiment,representation,seed,method,rank,alpha,selected_name
B_shared,l0_mean,17,rank1,1,0.01,
B_shared,l0_mean,17,lowrank,32,0.01,
B_shared,l0_mean,17,full_delta,0,0.01,
B_shared,l0_mean,17,full_affine,0,1,
B_shared,l0_mean,17,length_shift,0,0.1,
B_shared,l0_mean,17,source_token_ridge,0,0.01,
B_shared,l0_mean,17,shuffled,2,1,
B_shared,l0_mean,17,random_subspace,32,0.01,
B_shared,l0_mean,17,surface_selected,0,-1,source_token_ridge
B_conditional_f0,l0_mean,17,rank1,1,0.01,
B_conditional_f0,l0_mean,17,lowrank,8,0.01,
B_conditional_f0,l0_mean,17,full_delta,0,0.01,
B_conditional_f0,l0_mean,17,full_affine,0,0.01,
B_conditional_f0,l0_mean,17,length_shift,0,0.01,
B_conditional_f0,l0_mean,17,source_token_ridge,0,0.01,
B_conditional_f0,l0_mean,17,shuffled,2,10,
B_conditional_f0,l0_mean,17,random_subspace,8,0.01,
B_conditional_f1,l0_mean,17,rank1,1,0.01,
B_conditional_f1,l0_mean,17,lowrank,32,0.01,
B_conditional_f1,l0_mean,17,full_delta,0,0.01,
B_conditional_f1,l0_mean,17,full_affine,0,0.01,
B_conditional_f1,l0_mean,17,length_shift,0,0.01,
B_conditional_f1,l0_mean,17,source_token_ridge,0,0.01,
B_conditional_f1,l0_mean,17,shuffled,2,10,
B_conditional_f1,l0_mean,17,random_subspace,32,0.01,
B_conditional_f2,l0_mean,17,rank1,1,0.01,
B_conditional_f2,l0_mean,17,lowrank,32,0.01,
B_conditional_f2,l0_mean,17,full_delta,0,0.01,
B_conditional_f2,l0_mean,17,full_affine,0,0.01,
B_conditional_f2,l0_mean,17,length_shift,0,0.1,
B_conditional_f2,l0_mean,17,source_token_ridge,0,0.01,
B_conditional_f2,l0_mean,17,shuffled,32,10,
B_conditional_f2,l0_mean,17,random_subspace,32,0.01,
B_shared,l0_mean,29,rank1,1,0.01,
B_shared,l0_mean,29,lowrank,32,0.01,
B_shared,l0_mean,29,full_delta,0,0.01,
B_shared,l0_mean,29,full_affine,0,0.01,
B_shared,l0_mean,29,length_shift,0,0.1,
B_shared,l0_mean,29,source_token_ridge,0,0.01,
B_shared,l0_mean,29,shuffled,32,10,
B_shared,l0_mean,29,random_subspace,32,0.01,
B_shared,l0_mean,29,surface_selected,0,-1,source_token_ridge
B_conditional_f0,l0_mean,29,rank1,1,0.01,
B_conditional_f0,l0_mean,29,lowrank,4,0.01,
B_conditional_f0,l0_mean,29,full_delta,0,0.01,
B_conditional_f0,l0_mean,29,full_affine,0,0.01,
B_conditional_f0,l0_mean,29,length_shift,0,0.01,
B_conditional_f0,l0_mean,29,source_token_ridge,0,0.01,
B_conditional_f0,l0_mean,29,shuffled,1,10,
B_conditional_f0,l0_mean,29,random_subspace,4,0.01,
B_conditional_f1,l0_mean,29,rank1,1,0.01,
B_conditional_f1,l0_mean,29,lowrank,32,0.01,
B_conditional_f1,l0_mean,29,full_delta,0,0.01,
B_conditional_f1,l0_mean,29,full_affine,0,0.01,
B_conditional_f1,l0_mean,29,length_shift,0,0.01,
B_conditional_f1,l0_mean,29,source_token_ridge,0,0.01,
B_conditional_f1,l0_mean,29,shuffled,1,10,
B_conditional_f1,l0_mean,29,random_subspace,32,0.01,
B_conditional_f2,l0_mean,29,rank1,1,0.01,
B_conditional_f2,l0_mean,29,lowrank,32,0.01,
B_conditional_f2,l0_mean,29,full_delta,0,0.01,
B_conditional_f2,l0_mean,29,full_affine,0,0.01,
B_conditional_f2,l0_mean,29,length_shift,0,10,
B_conditional_f2,l0_mean,29,source_token_ridge,0,0.01,
B_conditional_f2,l0_mean,29,shuffled,32,10,
B_conditional_f2,l0_mean,29,random_subspace,32,0.01,
B_shared,l0_mean,43,rank1,1,0.01,
B_shared,l0_mean,43,lowrank,32,0.01,
B_shared,l0_mean,43,full_delta,0,0.01,
B_shared,l0_mean,43,full_affine,0,0.01,
B_shared,l0_mean,43,length_shift,0,0.1,
B_shared,l0_mean,43,source_token_ridge,0,0.01,
B_shared,l0_mean,43,shuffled,4,1,
B_shared,l0_mean,43,random_subspace,32,0.01,
B_shared,l0_mean,43,surface_selected,0,-1,source_token_ridge
B_conditional_f0,l0_mean,43,rank1,1,0.01,
B_conditional_f0,l0_mean,43,lowrank,4,0.01,
B_conditional_f0,l0_mean,43,full_delta,0,0.01,
B_conditional_f0,l0_mean,43,full_affine,0,0.01,
B_conditional_f0,l0_mean,43,length_shift,0,0.1,
B_conditional_f0,l0_mean,43,source_token_ridge,0,0.01,
B_conditional_f0,l0_mean,43,shuffled,1,10,
B_conditional_f0,l0_mean,43,random_subspace,4,0.1,
B_conditional_f1,l0_mean,43,rank1,1,0.01,
B_conditional_f1,l0_mean,43,lowrank,32,0.01,
B_conditional_f1,l0_mean,43,full_delta,0,0.01,
B_conditional_f1,l0_mean,43,full_affine,0,0.01,
B_conditional_f1,l0_mean,43,length_shift,0,0.1,
B_conditional_f1,l0_mean,43,source_token_ridge,0,0.01,
B_conditional_f1,l0_mean,43,shuffled,1,10,
B_conditional_f1,l0_mean,43,random_subspace,32,0.01,
B_conditional_f2,l0_mean,43,rank1,1,0.01,
B_conditional_f2,l0_mean,43,lowrank,32,0.01,
B_conditional_f2,l0_mean,43,full_delta,0,0.01,
B_conditional_f2,l0_mean,43,full_affine,0,0.01,
B_conditional_f2,l0_mean,43,length_shift,0,10,
B_conditional_f2,l0_mean,43,source_token_ridge,0,0.01,
B_conditional_f2,l0_mean,43,shuffled,32,10,
B_conditional_f2,l0_mean,43,random_subspace,32,0.01,
A_negation,l0_mean,17,rank1,1,0.01,
A_negation,l0_mean,17,lowrank,1,0.01,
A_negation,l0_mean,17,full_delta,0,0.01,
A_negation,l0_mean,17,full_affine,0,0.01,
A_negation,l0_mean,17,length_shift,0,0.01,
A_negation,l0_mean,17,source_token_ridge,0,0.01,
A_negation,l0_mean,17,shuffled,1,10,
A_negation,l0_mean,17,random_subspace,1,0.01,
A_negation,l0_mean,29,rank1,1,0.01,
A_negation,l0_mean,29,lowrank,1,0.01,
A_negation,l0_mean,29,full_delta,0,0.01,
A_negation,l0_mean,29,full_affine,0,0.01,
A_negation,l0_mean,29,length_shift,0,0.01,
A_negation,l0_mean,29,source_token_ridge,0,0.01,
A_negation,l0_mean,29,shuffled,1,10,
A_negation,l0_mean,29,random_subspace,1,0.01,
A_negation,l0_mean,43,rank1,1,0.01,
A_negation,l0_mean,43,lowrank,1,0.01,
A_negation,l0_mean,43,full_delta,0,0.01,
A_negation,l0_mean,43,full_affine,0,0.01,
A_negation,l0_mean,43,length_shift,0,0.01,
A_negation,l0_mean,43,source_token_ridge,0,0.01,
A_negation,l0_mean,43,shuffled,1,10,
A_negation,l0_mean,43,random_subspace,1,0.01,
A_time,l0_mean,17,rank1,1,0.01,
A_time,l0_mean,17,lowrank,1,0.01,
A_time,l0_mean,17,full_delta,0,0.01,
A_time,l0_mean,17,full_affine,0,0.01,
A_time,l0_mean,17,length_shift,0,0.01,
A_time,l0_mean,17,source_token_ridge,0,0.01,
A_time,l0_mean,17,shuffled,1,10,
A_time,l0_mean,17,random_subspace,1,0.01,
A_time,l0_mean,29,rank1,1,0.01,
A_time,l0_mean,29,lowrank,1,0.01,
A_time,l0_mean,29,full_delta,0,0.01,
A_time,l0_mean,29,full_affine,0,0.01,
A_time,l0_mean,29,length_shift,0,0.01,
A_time,l0_mean,29,source_token_ridge,0,0.01,
A_time,l0_mean,29,shuffled,1,10,
A_time,l0_mean,29,random_subspace,1,0.01,
A_time,l0_mean,43,rank1,1,0.01,
A_time,l0_mean,43,lowrank,1,0.01,
A_time,l0_mean,43,full_delta,0,0.01,
A_time,l0_mean,43,full_affine,0,0.01,
A_time,l0_mean,43,length_shift,0,0.01,
A_time,l0_mean,43,source_token_ridge,0,0.01,
A_time,l0_mean,43,shuffled,1,10,
A_time,l0_mean,43,random_subspace,1,0.01,
A_emphasis,l0_mean,17,rank1,1,0.01,
A_emphasis,l0_mean,17,lowrank,32,0.01,
A_emphasis,l0_mean,17,full_delta,0,0.01,
A_emphasis,l0_mean,17,full_affine,0,0.01,
A_emphasis,l0_mean,17,length_shift,0,0.1,
A_emphasis,l0_mean,17,source_token_ridge,0,0.01,
A_emphasis,l0_mean,17,shuffled,1,10,
A_emphasis,l0_mean,17,random_subspace,32,0.01,
A_emphasis,l0_mean,29,rank1,1,0.01,
A_emphasis,l0_mean,29,lowrank,32,0.01,
A_emphasis,l0_mean,29,full_delta,0,0.01,
A_emphasis,l0_mean,29,full_affine,0,0.01,
A_emphasis,l0_mean,29,length_shift,0,10,
A_emphasis,l0_mean,29,source_token_ridge,0,0.01,
A_emphasis,l0_mean,29,shuffled,1,10,
A_emphasis,l0_mean,29,random_subspace,32,0.01,
A_emphasis,l0_mean,43,rank1,1,0.01,
A_emphasis,l0_mean,43,lowrank,32,0.01,
A_emphasis,l0_mean,43,full_delta,0,0.01,
A_emphasis,l0_mean,43,full_affine,0,0.01,
A_emphasis,l0_mean,43,length_shift,0,10,
A_emphasis,l0_mean,43,source_token_ridge,0,0.01,
A_emphasis,l0_mean,43,shuffled,1,10,
A_emphasis,l0_mean,43,random_subspace,32,0.01,
B_shared,l14_mean,17,rank1,1,0.01,
B_shared,l14_mean,17,lowrank,32,0.01,
B_shared,l14_mean,17,full_delta,0,0.01,
B_shared,l14_mean,17,full_affine,0,0.01,
B_shared,l14_mean,17,length_shift,0,0.01,
B_shared,l14_mean,17,source_token_ridge,0,0.1,
B_shared,l14_mean,17,shuffled,8,0.01,
B_shared,l14_mean,17,random_subspace,32,0.01,
B_shared,l14_mean,17,surface_selected,0,-1,source_token_ridge
B_conditional_f0,l14_mean,17,rank1,1,0.01,
B_conditional_f0,l14_mean,17,lowrank,32,0.01,
B_conditional_f0,l14_mean,17,full_delta,0,0.01,
B_conditional_f0,l14_mean,17,full_affine,0,0.01,
B_conditional_f0,l14_mean,17,length_shift,0,0.01,
B_conditional_f0,l14_mean,17,source_token_ridge,0,0.1,
B_conditional_f0,l14_mean,17,shuffled,32,0.1,
B_conditional_f0,l14_mean,17,random_subspace,32,0.01,
B_conditional_f1,l14_mean,17,rank1,1,0.01,
B_conditional_f1,l14_mean,17,lowrank,32,0.01,
B_conditional_f1,l14_mean,17,full_delta,0,0.01,
B_conditional_f1,l14_mean,17,full_affine,0,0.01,
B_conditional_f1,l14_mean,17,length_shift,0,0.01,
B_conditional_f1,l14_mean,17,source_token_ridge,0,0.1,
B_conditional_f1,l14_mean,17,shuffled,32,0.1,
B_conditional_f1,l14_mean,17,random_subspace,32,0.01,
B_conditional_f2,l14_mean,17,rank1,1,0.01,
B_conditional_f2,l14_mean,17,lowrank,32,0.01,
B_conditional_f2,l14_mean,17,full_delta,0,0.01,
B_conditional_f2,l14_mean,17,full_affine,0,0.01,
B_conditional_f2,l14_mean,17,length_shift,0,0.01,
B_conditional_f2,l14_mean,17,source_token_ridge,0,0.1,
B_conditional_f2,l14_mean,17,shuffled,32,0.1,
B_conditional_f2,l14_mean,17,random_subspace,32,0.01,
B_shared,l14_mean,29,rank1,1,0.01,
B_shared,l14_mean,29,lowrank,32,0.01,
B_shared,l14_mean,29,full_delta,0,0.01,
B_shared,l14_mean,29,full_affine,0,0.01,
B_shared,l14_mean,29,length_shift,0,0.01,
B_shared,l14_mean,29,source_token_ridge,0,0.01,
B_shared,l14_mean,29,shuffled,32,0.1,
B_shared,l14_mean,29,random_subspace,32,0.01,
B_shared,l14_mean,29,surface_selected,0,-1,source_token_ridge
B_conditional_f0,l14_mean,29,rank1,1,0.01,
B_conditional_f0,l14_mean,29,lowrank,32,0.01,
B_conditional_f0,l14_mean,29,full_delta,0,0.01,
B_conditional_f0,l14_mean,29,full_affine,0,0.01,
B_conditional_f0,l14_mean,29,length_shift,0,0.01,
B_conditional_f0,l14_mean,29,source_token_ridge,0,0.01,
B_conditional_f0,l14_mean,29,shuffled,32,10,
B_conditional_f0,l14_mean,29,random_subspace,32,0.01,
B_conditional_f1,l14_mean,29,rank1,1,0.01,
B_conditional_f1,l14_mean,29,lowrank,32,0.01,
B_conditional_f1,l14_mean,29,full_delta,0,0.01,
B_conditional_f1,l14_mean,29,full_affine,0,0.01,
B_conditional_f1,l14_mean,29,length_shift,0,0.01,
B_conditional_f1,l14_mean,29,source_token_ridge,0,0.01,
B_conditional_f1,l14_mean,29,shuffled,32,10,
B_conditional_f1,l14_mean,29,random_subspace,32,0.01,
B_conditional_f2,l14_mean,29,rank1,1,0.01,
B_conditional_f2,l14_mean,29,lowrank,32,0.01,
B_conditional_f2,l14_mean,29,full_delta,0,0.01,
B_conditional_f2,l14_mean,29,full_affine,0,0.01,
B_conditional_f2,l14_mean,29,length_shift,0,0.01,
B_conditional_f2,l14_mean,29,source_token_ridge,0,0.01,
B_conditional_f2,l14_mean,29,shuffled,32,0.1,
B_conditional_f2,l14_mean,29,random_subspace,32,0.01,
B_shared,l14_mean,43,rank1,1,0.01,
B_shared,l14_mean,43,lowrank,32,0.01,
B_shared,l14_mean,43,full_delta,0,0.01,
B_shared,l14_mean,43,full_affine,0,0.01,
B_shared,l14_mean,43,length_shift,0,0.1,
B_shared,l14_mean,43,source_token_ridge,0,1,
B_shared,l14_mean,43,shuffled,32,0.1,
B_shared,l14_mean,43,random_subspace,32,1,
B_shared,l14_mean,43,surface_selected,0,-1,source_token_ridge
B_conditional_f0,l14_mean,43,rank1,1,0.01,
B_conditional_f0,l14_mean,43,lowrank,32,0.01,
B_conditional_f0,l14_mean,43,full_delta,0,0.01,
B_conditional_f0,l14_mean,43,full_affine,0,0.01,
B_conditional_f0,l14_mean,43,length_shift,0,0.1,
B_conditional_f0,l14_mean,43,source_token_ridge,0,0.01,
B_conditional_f0,l14_mean,43,shuffled,32,10,
B_conditional_f0,l14_mean,43,random_subspace,32,0.01,
B_conditional_f1,l14_mean,43,rank1,1,0.01,
B_conditional_f1,l14_mean,43,lowrank,32,0.01,
B_conditional_f1,l14_mean,43,full_delta,0,0.01,
B_conditional_f1,l14_mean,43,full_affine,0,0.01,
B_conditional_f1,l14_mean,43,length_shift,0,0.1,
B_conditional_f1,l14_mean,43,source_token_ridge,0,0.01,
B_conditional_f1,l14_mean,43,shuffled,32,10,
B_conditional_f1,l14_mean,43,random_subspace,32,0.01,
B_conditional_f2,l14_mean,43,rank1,1,0.01,
B_conditional_f2,l14_mean,43,lowrank,32,0.01,
B_conditional_f2,l14_mean,43,full_delta,0,0.01,
B_conditional_f2,l14_mean,43,full_affine,0,0.01,
B_conditional_f2,l14_mean,43,length_shift,0,0.1,
B_conditional_f2,l14_mean,43,source_token_ridge,0,0.01,
B_conditional_f2,l14_mean,43,shuffled,32,10,
B_conditional_f2,l14_mean,43,random_subspace,32,0.01,
A_negation,l14_mean,17,rank1,1,0.01,
A_negation,l14_mean,17,lowrank,32,0.01,
A_negation,l14_mean,17,full_delta,0,0.01,
A_negation,l14_mean,17,full_affine,0,0.01,
A_negation,l14_mean,17,length_shift,0,0.1,
A_negation,l14_mean,17,source_token_ridge,0,0.1,
A_negation,l14_mean,17,shuffled,32,10,
A_negation,l14_mean,17,random_subspace,32,0.01,
A_negation,l14_mean,29,rank1,1,0.01,
A_negation,l14_mean,29,lowrank,32,0.01,
A_negation,l14_mean,29,full_delta,0,0.01,
A_negation,l14_mean,29,full_affine,0,0.01,
A_negation,l14_mean,29,length_shift,0,10,
A_negation,l14_mean,29,source_token_ridge,0,0.1,
A_negation,l14_mean,29,shuffled,32,10,
A_negation,l14_mean,29,random_subspace,32,0.01,
A_negation,l14_mean,43,rank1,1,0.01,
A_negation,l14_mean,43,lowrank,32,0.01,
A_negation,l14_mean,43,full_delta,0,0.01,
A_negation,l14_mean,43,full_affine,0,0.01,
A_negation,l14_mean,43,length_shift,0,10,
A_negation,l14_mean,43,source_token_ridge,0,0.1,
A_negation,l14_mean,43,shuffled,32,10,
A_negation,l14_mean,43,random_subspace,32,0.01,
A_time,l14_mean,17,rank1,1,0.01,
A_time,l14_mean,17,lowrank,32,0.01,
A_time,l14_mean,17,full_delta,0,0.01,
A_time,l14_mean,17,full_affine,0,0.01,
A_time,l14_mean,17,length_shift,0,0.01,
A_time,l14_mean,17,source_token_ridge,0,0.01,
A_time,l14_mean,17,shuffled,32,10,
A_time,l14_mean,17,random_subspace,32,0.01,
A_time,l14_mean,29,rank1,1,0.01,
A_time,l14_mean,29,lowrank,32,0.01,
A_time,l14_mean,29,full_delta,0,0.01,
A_time,l14_mean,29,full_affine,0,0.01,
A_time,l14_mean,29,length_shift,0,0.1,
A_time,l14_mean,29,source_token_ridge,0,0.01,
A_time,l14_mean,29,shuffled,32,10,
A_time,l14_mean,29,random_subspace,32,0.01,
A_time,l14_mean,43,rank1,1,0.01,
A_time,l14_mean,43,lowrank,32,0.01,
A_time,l14_mean,43,full_delta,0,0.01,
A_time,l14_mean,43,full_affine,0,0.01,
A_time,l14_mean,43,length_shift,0,0.01,
A_time,l14_mean,43,source_token_ridge,0,0.01,
A_time,l14_mean,43,shuffled,32,10,
A_time,l14_mean,43,random_subspace,32,0.01,
A_emphasis,l14_mean,17,rank1,1,0.01,
A_emphasis,l14_mean,17,lowrank,32,0.01,
A_emphasis,l14_mean,17,full_delta,0,0.01,
A_emphasis,l14_mean,17,full_affine,0,0.01,
A_emphasis,l14_mean,17,length_shift,0,0.01,
A_emphasis,l14_mean,17,source_token_ridge,0,0.1,
A_emphasis,l14_mean,17,shuffled,32,10,
A_emphasis,l14_mean,17,random_subspace,32,0.01,
A_emphasis,l14_mean,29,rank1,1,0.01,
A_emphasis,l14_mean,29,lowrank,32,0.01,
A_emphasis,l14_mean,29,full_delta,0,0.01,
A_emphasis,l14_mean,29,full_affine,0,0.01,
A_emphasis,l14_mean,29,length_shift,0,0.1,
A_emphasis,l14_mean,29,source_token_ridge,0,0.1,
A_emphasis,l14_mean,29,shuffled,32,10,
A_emphasis,l14_mean,29,random_subspace,32,0.01,
A_emphasis,l14_mean,43,rank1,1,0.01,
A_emphasis,l14_mean,43,lowrank,32,0.01,
A_emphasis,l14_mean,43,full_delta,0,0.01,
A_emphasis,l14_mean,43,full_affine,0,0.01,
A_emphasis,l14_mean,43,length_shift,0,0.1,
A_emphasis,l14_mean,43,source_token_ridge,0,0.1,
A_emphasis,l14_mean,43,shuffled,32,10,
A_emphasis,l14_mean,43,random_subspace,32,0.01,
B_shared,l14_last,17,rank1,1,1,
B_shared,l14_last,17,lowrank,32,0.01,
B_shared,l14_last,17,full_delta,0,0.01,
B_shared,l14_last,17,full_affine,0,0.01,
B_shared,l14_last,17,length_shift,0,0.01,
B_shared,l14_last,17,source_token_ridge,0,0.1,
B_shared,l14_last,17,shuffled,32,10,
B_shared,l14_last,17,random_subspace,32,0.01,
B_shared,l14_last,17,surface_selected,0,-1,source_token_ridge
B_conditional_f0,l14_last,17,rank1,1,0.01,
B_conditional_f0,l14_last,17,lowrank,32,0.1,
B_conditional_f0,l14_last,17,full_delta,0,0.01,
B_conditional_f0,l14_last,17,full_affine,0,0.01,
B_conditional_f0,l14_last,17,length_shift,0,10,
B_conditional_f0,l14_last,17,source_token_ridge,0,0.1,
B_conditional_f0,l14_last,17,shuffled,32,10,
B_conditional_f0,l14_last,17,random_subspace,32,0.01,
B_conditional_f1,l14_last,17,rank1,1,0.1,
B_conditional_f1,l14_last,17,lowrank,32,0.1,
B_conditional_f1,l14_last,17,full_delta,0,0.01,
B_conditional_f1,l14_last,17,full_affine,0,0.01,
B_conditional_f1,l14_last,17,length_shift,0,0.1,
B_conditional_f1,l14_last,17,source_token_ridge,0,0.1,
B_conditional_f1,l14_last,17,shuffled,32,10,
B_conditional_f1,l14_last,17,random_subspace,32,0.01,
B_conditional_f2,l14_last,17,rank1,1,0.01,
B_conditional_f2,l14_last,17,lowrank,32,0.01,
B_conditional_f2,l14_last,17,full_delta,0,0.01,
B_conditional_f2,l14_last,17,full_affine,0,0.01,
B_conditional_f2,l14_last,17,length_shift,0,0.1,
B_conditional_f2,l14_last,17,source_token_ridge,0,0.1,
B_conditional_f2,l14_last,17,shuffled,32,1,
B_conditional_f2,l14_last,17,random_subspace,32,0.01,
B_shared,l14_last,29,rank1,1,0.01,
B_shared,l14_last,29,lowrank,32,0.01,
B_shared,l14_last,29,full_delta,0,0.01,
B_shared,l14_last,29,full_affine,0,0.01,
B_shared,l14_last,29,length_shift,0,0.01,
B_shared,l14_last,29,source_token_ridge,0,0.1,
B_shared,l14_last,29,shuffled,32,10,
B_shared,l14_last,29,random_subspace,32,0.01,
B_shared,l14_last,29,surface_selected,0,-1,source_token_ridge
B_conditional_f0,l14_last,29,rank1,1,0.01,
B_conditional_f0,l14_last,29,lowrank,32,0.1,
B_conditional_f0,l14_last,29,full_delta,0,0.01,
B_conditional_f0,l14_last,29,full_affine,0,0.01,
B_conditional_f0,l14_last,29,length_shift,0,10,
B_conditional_f0,l14_last,29,source_token_ridge,0,0.1,
B_conditional_f0,l14_last,29,shuffled,32,10,
B_conditional_f0,l14_last,29,random_subspace,32,0.01,
B_conditional_f1,l14_last,29,rank1,1,0.1,
B_conditional_f1,l14_last,29,lowrank,32,0.1,
B_conditional_f1,l14_last,29,full_delta,0,0.01,
B_conditional_f1,l14_last,29,full_affine,0,0.01,
B_conditional_f1,l14_last,29,length_shift,0,10,
B_conditional_f1,l14_last,29,source_token_ridge,0,0.1,
B_conditional_f1,l14_last,29,shuffled,32,10,
B_conditional_f1,l14_last,29,random_subspace,32,0.1,
B_conditional_f2,l14_last,29,rank1,1,0.01,
B_conditional_f2,l14_last,29,lowrank,32,0.01,
B_conditional_f2,l14_last,29,full_delta,0,0.01,
B_conditional_f2,l14_last,29,full_affine,0,0.01,
B_conditional_f2,l14_last,29,length_shift,0,10,
B_conditional_f2,l14_last,29,source_token_ridge,0,0.1,
B_conditional_f2,l14_last,29,shuffled,32,1,
B_conditional_f2,l14_last,29,random_subspace,32,0.01,
B_shared,l14_last,43,rank1,1,0.1,
B_shared,l14_last,43,lowrank,32,0.01,
B_shared,l14_last,43,full_delta,0,0.01,
B_shared,l14_last,43,full_affine,0,0.01,
B_shared,l14_last,43,length_shift,0,0.01,
B_shared,l14_last,43,source_token_ridge,0,0.1,
B_shared,l14_last,43,shuffled,32,10,
B_shared,l14_last,43,random_subspace,32,0.01,
B_shared,l14_last,43,surface_selected,0,-1,source_token_ridge
B_conditional_f0,l14_last,43,rank1,1,0.01,
B_conditional_f0,l14_last,43,lowrank,32,0.1,
B_conditional_f0,l14_last,43,full_delta,0,0.01,
B_conditional_f0,l14_last,43,full_affine,0,0.01,
B_conditional_f0,l14_last,43,length_shift,0,10,
B_conditional_f0,l14_last,43,source_token_ridge,0,0.1,
B_conditional_f0,l14_last,43,shuffled,32,10,
B_conditional_f0,l14_last,43,random_subspace,32,0.01,
B_conditional_f1,l14_last,43,rank1,1,0.1,
B_conditional_f1,l14_last,43,lowrank,32,0.01,
B_conditional_f1,l14_last,43,full_delta,0,0.01,
B_conditional_f1,l14_last,43,full_affine,0,0.01,
B_conditional_f1,l14_last,43,length_shift,0,10,
B_conditional_f1,l14_last,43,source_token_ridge,0,0.1,
B_conditional_f1,l14_last,43,shuffled,32,10,
B_conditional_f1,l14_last,43,random_subspace,32,0.01,
B_conditional_f2,l14_last,43,rank1,1,0.01,
B_conditional_f2,l14_last,43,lowrank,32,0.01,
B_conditional_f2,l14_last,43,full_delta,0,0.01,
B_conditional_f2,l14_last,43,full_affine,0,0.01,
B_conditional_f2,l14_last,43,length_shift,0,10,
B_conditional_f2,l14_last,43,source_token_ridge,0,0.1,
B_conditional_f2,l14_last,43,shuffled,32,1,
B_conditional_f2,l14_last,43,random_subspace,32,0.01,
A_negation,l14_last,17,rank1,1,0.01,
A_negation,l14_last,17,lowrank,32,0.01,
A_negation,l14_last,17,full_delta,0,0.01,
A_negation,l14_last,17,full_affine,0,0.01,
A_negation,l14_last,17,length_shift,0,0.1,
A_negation,l14_last,17,source_token_ridge,0,0.1,
A_negation,l14_last,17,shuffled,32,10,
A_negation,l14_last,17,random_subspace,32,0.01,
A_negation,l14_last,29,rank1,1,0.01,
A_negation,l14_last,29,lowrank,32,0.01,
A_negation,l14_last,29,full_delta,0,0.01,
A_negation,l14_last,29,full_affine,0,0.01,
A_negation,l14_last,29,length_shift,0,0.1,
A_negation,l14_last,29,source_token_ridge,0,0.1,
A_negation,l14_last,29,shuffled,32,10,
A_negation,l14_last,29,random_subspace,32,0.01,
A_negation,l14_last,43,rank1,1,0.01,
A_negation,l14_last,43,lowrank,32,0.1,
A_negation,l14_last,43,full_delta,0,0.01,
A_negation,l14_last,43,full_affine,0,0.01,
A_negation,l14_last,43,length_shift,0,10,
A_negation,l14_last,43,source_token_ridge,0,0.1,
A_negation,l14_last,43,shuffled,32,10,
A_negation,l14_last,43,random_subspace,32,0.01,
A_time,l14_last,17,rank1,1,1,
A_time,l14_last,17,lowrank,32,0.1,
A_time,l14_last,17,full_delta,0,0.1,
A_time,l14_last,17,full_affine,0,0.01,
A_time,l14_last,17,length_shift,0,0.1,
A_time,l14_last,17,source_token_ridge,0,1,
A_time,l14_last,17,shuffled,1,10,
A_time,l14_last,17,random_subspace,32,0.01,
A_time,l14_last,29,rank1,1,1,
A_time,l14_last,29,lowrank,32,0.1,
A_time,l14_last,29,full_delta,0,0.1,
A_time,l14_last,29,full_affine,0,0.01,
A_time,l14_last,29,length_shift,0,0.1,
A_time,l14_last,29,source_token_ridge,0,1,
A_time,l14_last,29,shuffled,1,10,
A_time,l14_last,29,random_subspace,32,0.1,
A_time,l14_last,43,rank1,1,1,
A_time,l14_last,43,lowrank,32,0.1,
A_time,l14_last,43,full_delta,0,0.1,
A_time,l14_last,43,full_affine,0,0.01,
A_time,l14_last,43,length_shift,0,0.1,
A_time,l14_last,43,source_token_ridge,0,1,
A_time,l14_last,43,shuffled,1,10,
A_time,l14_last,43,random_subspace,32,0.1,
A_emphasis,l14_last,17,rank1,1,1,
A_emphasis,l14_last,17,lowrank,32,0.01,
A_emphasis,l14_last,17,full_delta,0,0.01,
A_emphasis,l14_last,17,full_affine,0,0.01,
A_emphasis,l14_last,17,length_shift,0,0.1,
A_emphasis,l14_last,17,source_token_ridge,0,0.1,
A_emphasis,l14_last,17,shuffled,32,10,
A_emphasis,l14_last,17,random_subspace,32,0.1,
A_emphasis,l14_last,29,rank1,1,1,
A_emphasis,l14_last,29,lowrank,32,0.1,
A_emphasis,l14_last,29,full_delta,0,0.01,
A_emphasis,l14_last,29,full_affine,0,0.01,
A_emphasis,l14_last,29,length_shift,0,10,
A_emphasis,l14_last,29,source_token_ridge,0,0.1,
A_emphasis,l14_last,29,shuffled,1,10,
A_emphasis,l14_last,29,random_subspace,32,0.1,
A_emphasis,l14_last,43,rank1,1,0.1,
A_emphasis,l14_last,43,lowrank,32,0.1,
A_emphasis,l14_last,43,full_delta,0,0.1,
A_emphasis,l14_last,43,full_affine,0,0.01,
A_emphasis,l14_last,43,length_shift,0,10,
A_emphasis,l14_last,43,source_token_ridge,0,1,
A_emphasis,l14_last,43,shuffled,1,10,
A_emphasis,l14_last,43,random_subspace,32,0.01,
B_shared,l28_last,17,rank1,1,0.1,
B_shared,l28_last,17,lowrank,32,0.01,
B_shared,l28_last,17,full_delta,0,0.01,
B_shared,l28_last,17,full_affine,0,0.1,
B_shared,l28_last,17,length_shift,0,0.1,
B_shared,l28_last,17,source_token_ridge,0,0.1,
B_shared,l28_last,17,shuffled,8,10,
B_shared,l28_last,17,random_subspace,32,1,
B_shared,l28_last,17,surface_selected,0,-1,source_token_ridge
B_conditional_f0,l28_last,17,rank1,1,0.01,
B_conditional_f0,l28_last,17,lowrank,32,0.01,
B_conditional_f0,l28_last,17,full_delta,0,0.01,
B_conditional_f0,l28_last,17,full_affine,0,0.01,
B_conditional_f0,l28_last,17,length_shift,0,10,
B_conditional_f0,l28_last,17,source_token_ridge,0,1,
B_conditional_f0,l28_last,17,shuffled,32,10,
B_conditional_f0,l28_last,17,random_subspace,32,0.01,
B_conditional_f1,l28_last,17,rank1,1,0.01,
B_conditional_f1,l28_last,17,lowrank,32,0.1,
B_conditional_f1,l28_last,17,full_delta,0,0.01,
B_conditional_f1,l28_last,17,full_affine,0,0.01,
B_conditional_f1,l28_last,17,length_shift,0,10,
B_conditional_f1,l28_last,17,source_token_ridge,0,1,
B_conditional_f1,l28_last,17,shuffled,32,10,
B_conditional_f1,l28_last,17,random_subspace,32,0.01,
B_conditional_f2,l28_last,17,rank1,1,0.1,
B_conditional_f2,l28_last,17,lowrank,32,0.01,
B_conditional_f2,l28_last,17,full_delta,0,0.01,
B_conditional_f2,l28_last,17,full_affine,0,0.01,
B_conditional_f2,l28_last,17,length_shift,0,10,
B_conditional_f2,l28_last,17,source_token_ridge,0,1,
B_conditional_f2,l28_last,17,shuffled,32,10,
B_conditional_f2,l28_last,17,random_subspace,32,0.01,
B_shared,l28_last,29,rank1,1,1,
B_shared,l28_last,29,lowrank,32,0.1,
B_shared,l28_last,29,full_delta,0,0.01,
B_shared,l28_last,29,full_affine,0,0.01,
B_shared,l28_last,29,length_shift,0,0.01,
B_shared,l28_last,29,source_token_ridge,0,0.1,
B_shared,l28_last,29,shuffled,32,10,
B_shared,l28_last,29,random_subspace,32,0.01,
B_shared,l28_last,29,surface_selected,0,-1,source_token_ridge
B_conditional_f0,l28_last,29,rank1,1,0.1,
B_conditional_f0,l28_last,29,lowrank,32,0.1,
B_conditional_f0,l28_last,29,full_delta,0,0.1,
B_conditional_f0,l28_last,29,full_affine,0,0.01,
B_conditional_f0,l28_last,29,length_shift,0,10,
B_conditional_f0,l28_last,29,source_token_ridge,0,1,
B_conditional_f0,l28_last,29,shuffled,32,10,
B_conditional_f0,l28_last,29,random_subspace,32,0.01,
B_conditional_f1,l28_last,29,rank1,1,0.01,
B_conditional_f1,l28_last,29,lowrank,32,0.01,
B_conditional_f1,l28_last,29,full_delta,0,0.01,
B_conditional_f1,l28_last,29,full_affine,0,0.01,
B_conditional_f1,l28_last,29,length_shift,0,10,
B_conditional_f1,l28_last,29,source_token_ridge,0,1,
B_conditional_f1,l28_last,29,shuffled,32,10,
B_conditional_f1,l28_last,29,random_subspace,32,0.01,
B_conditional_f2,l28_last,29,rank1,1,0.01,
B_conditional_f2,l28_last,29,lowrank,32,0.01,
B_conditional_f2,l28_last,29,full_delta,0,0.01,
B_conditional_f2,l28_last,29,full_affine,0,0.01,
B_conditional_f2,l28_last,29,length_shift,0,10,
B_conditional_f2,l28_last,29,source_token_ridge,0,1,
B_conditional_f2,l28_last,29,shuffled,32,10,
B_conditional_f2,l28_last,29,random_subspace,32,0.01,
B_shared,l28_last,43,rank1,1,0.1,
B_shared,l28_last,43,lowrank,32,0.01,
B_shared,l28_last,43,full_delta,0,0.01,
B_shared,l28_last,43,full_affine,0,0.01,
B_shared,l28_last,43,length_shift,0,0.01,
B_shared,l28_last,43,source_token_ridge,0,0.01,
B_shared,l28_last,43,shuffled,16,10,
B_shared,l28_last,43,random_subspace,32,0.01,
B_shared,l28_last,43,surface_selected,0,-1,source_token_ridge
B_conditional_f0,l28_last,43,rank1,1,0.01,
B_conditional_f0,l28_last,43,lowrank,32,0.1,
B_conditional_f0,l28_last,43,full_delta,0,0.1,
B_conditional_f0,l28_last,43,full_affine,0,0.1,
B_conditional_f0,l28_last,43,length_shift,0,10,
B_conditional_f0,l28_last,43,source_token_ridge,0,1,
B_conditional_f0,l28_last,43,shuffled,32,10,
B_conditional_f0,l28_last,43,random_subspace,32,0.1,
B_conditional_f1,l28_last,43,rank1,1,0.01,
B_conditional_f1,l28_last,43,lowrank,32,0.01,
B_conditional_f1,l28_last,43,full_delta,0,0.01,
B_conditional_f1,l28_last,43,full_affine,0,0.01,
B_conditional_f1,l28_last,43,length_shift,0,10,
B_conditional_f1,l28_last,43,source_token_ridge,0,1,
B_conditional_f1,l28_last,43,shuffled,32,10,
B_conditional_f1,l28_last,43,random_subspace,32,0.1,
B_conditional_f2,l28_last,43,rank1,1,0.1,
B_conditional_f2,l28_last,43,lowrank,32,0.01,
B_conditional_f2,l28_last,43,full_delta,0,0.01,
B_conditional_f2,l28_last,43,full_affine,0,0.01,
B_conditional_f2,l28_last,43,length_shift,0,10,
B_conditional_f2,l28_last,43,source_token_ridge,0,1,
B_conditional_f2,l28_last,43,shuffled,32,10,
B_conditional_f2,l28_last,43,random_subspace,32,0.01,
A_negation,l28_last,17,rank1,1,0.01,
A_negation,l28_last,17,lowrank,32,0.1,
A_negation,l28_last,17,full_delta,0,0.1,
A_negation,l28_last,17,full_affine,0,0.01,
A_negation,l28_last,17,length_shift,0,10,
A_negation,l28_last,17,source_token_ridge,0,1,
A_negation,l28_last,17,shuffled,1,10,
A_negation,l28_last,17,random_subspace,32,0.01,
A_negation,l28_last,29,rank1,1,0.1,
A_negation,l28_last,29,lowrank,32,0.1,
A_negation,l28_last,29,full_delta,0,0.1,
A_negation,l28_last,29,full_affine,0,0.01,
A_negation,l28_last,29,length_shift,0,10,
A_negation,l28_last,29,source_token_ridge,0,1,
A_negation,l28_last,29,shuffled,1,10,
A_negation,l28_last,29,random_subspace,32,0.1,
A_negation,l28_last,43,rank1,1,1,
A_negation,l28_last,43,lowrank,32,0.1,
A_negation,l28_last,43,full_delta,0,0.1,
A_negation,l28_last,43,full_affine,0,0.1,
A_negation,l28_last,43,length_shift,0,10,
A_negation,l28_last,43,source_token_ridge,0,1,
A_negation,l28_last,43,shuffled,1,10,
A_negation,l28_last,43,random_subspace,32,0.1,
A_time,l28_last,17,rank1,1,1,
A_time,l28_last,17,lowrank,32,0.1,
A_time,l28_last,17,full_delta,0,0.1,
A_time,l28_last,17,full_affine,0,0.01,
A_time,l28_last,17,length_shift,0,10,
A_time,l28_last,17,source_token_ridge,0,1,
A_time,l28_last,17,shuffled,1,10,
A_time,l28_last,17,random_subspace,32,0.1,
A_time,l28_last,29,rank1,1,0.1,
A_time,l28_last,29,lowrank,32,0.1,
A_time,l28_last,29,full_delta,0,0.1,
A_time,l28_last,29,full_affine,0,0.1,
A_time,l28_last,29,length_shift,0,10,
A_time,l28_last,29,source_token_ridge,0,1,
A_time,l28_last,29,shuffled,1,10,
A_time,l28_last,29,random_subspace,32,0.1,
A_time,l28_last,43,rank1,1,1,
A_time,l28_last,43,lowrank,32,0.1,
A_time,l28_last,43,full_delta,0,0.1,
A_time,l28_last,43,full_affine,0,0.01,
A_time,l28_last,43,length_shift,0,10,
A_time,l28_last,43,source_token_ridge,0,1,
A_time,l28_last,43,shuffled,1,10,
A_time,l28_last,43,random_subspace,32,0.1,
A_emphasis,l28_last,17,rank1,1,0.01,
A_emphasis,l28_last,17,lowrank,32,0.01,
A_emphasis,l28_last,17,full_delta,0,0.01,
A_emphasis,l28_last,17,full_affine,0,0.01,
A_emphasis,l28_last,17,length_shift,0,10,
A_emphasis,l28_last,17,source_token_ridge,0,1,
A_emphasis,l28_last,17,shuffled,1,10,
A_emphasis,l28_last,17,random_subspace,32,0.01,
A_emphasis,l28_last,29,rank1,1,0.1,
A_emphasis,l28_last,29,lowrank,32,0.01,
A_emphasis,l28_last,29,full_delta,0,0.01,
A_emphasis,l28_last,29,full_affine,0,0.01,
A_emphasis,l28_last,29,length_shift,0,10,
A_emphasis,l28_last,29,source_token_ridge,0,1,
A_emphasis,l28_last,29,shuffled,1,10,
A_emphasis,l28_last,29,random_subspace,32,0.1,
A_emphasis,l28_last,43,rank1,1,0.1,
A_emphasis,l28_last,43,lowrank,32,0.01,
A_emphasis,l28_last,43,full_delta,0,0.1,
A_emphasis,l28_last,43,full_affine,0,0.01,
A_emphasis,l28_last,43,length_shift,0,10,
A_emphasis,l28_last,43,source_token_ridge,0,1,
A_emphasis,l28_last,43,shuffled,1,10,
A_emphasis,l28_last,43,random_subspace,32,0.1,
