representation,centered,component,singular_value,cumulative
l0_mean,False,1,1.2100523765148632,0.9999999999999906
l0_mean,False,2,4.9026511372726366e-08,0.9999999999999922
l0_mean,False,3,2.1331455629675218e-08,0.9999999999999926
l0_mean,False,4,1.929514882927139e-08,0.9999999999999929
l0_mean,False,5,1.8536026809562416e-08,0.9999999999999932
l0_mean,False,6,1.6556295969835973e-08,0.9999999999999933
l0_mean,False,7,1.6218060595139863e-08,0.9999999999999934
l0_mean,False,8,1.441822344052019e-08,0.9999999999999937
l0_mean,False,9,1.382325754778998e-08,0.9999999999999938
l0_mean,False,10,1.3636628519759226e-08,0.9999999999999939
l0_mean,False,11,1.3053355348690882e-08,0.9999999999999941
l0_mean,False,12,1.2932808080933934e-08,0.9999999999999942
l0_mean,False,13,1.271079955248402e-08,0.9999999999999943
l0_mean,False,14,1.2489339195989558e-08,0.9999999999999946
l0_mean,False,15,1.2400656650415333e-08,0.9999999999999947
l0_mean,False,16,1.234754963338097e-08,0.9999999999999946
l0_mean,False,17,1.2153147735667013e-08,0.9999999999999947
l0_mean,False,18,1.208829030998679e-08,0.9999999999999949
l0_mean,False,19,1.1997358385566704e-08,0.999999999999995
l0_mean,False,20,1.1921031401120522e-08,0.9999999999999951
l0_mean,False,21,1.1774207377997313e-08,0.9999999999999953
l0_mean,False,22,1.1728781573380006e-08,0.9999999999999954
l0_mean,False,23,1.1698945454194715e-08,0.9999999999999956
l0_mean,False,24,1.1654154450822072e-08,0.9999999999999953
l0_mean,False,25,1.1532706994411681e-08,0.9999999999999954
l0_mean,False,26,1.1528697128967127e-08,0.9999999999999956
l0_mean,False,27,1.1482404347074167e-08,0.9999999999999958
l0_mean,False,28,1.143503548752509e-08,0.9999999999999959
l0_mean,False,29,1.1364065567236247e-08,0.999999999999996
l0_mean,False,30,1.1316991503546362e-08,0.9999999999999962
l0_mean,False,31,1.1272019088802866e-08,0.9999999999999963
l0_mean,False,32,1.1213603079413858e-08,0.999999999999996
l0_mean,False,33,1.1161362786167144e-08,0.9999999999999962
l0_mean,False,34,1.1155617255997793e-08,0.9999999999999963
l0_mean,False,35,1.1095803870410091e-08,0.9999999999999966
l0_mean,False,36,1.098644398222079e-08,0.9999999999999967
l0_mean,False,37,1.0958505922276082e-08,0.9999999999999968
l0_mean,False,38,1.0927538740797741e-08,0.999999999999997
l0_mean,False,39,1.0836025349277505e-08,0.9999999999999971
l0_mean,False,40,1.0819927196927706e-08,0.9999999999999968
l0_mean,False,41,1.0777849429068093e-08,0.999999999999997
l0_mean,False,42,1.0758951555461075e-08,0.9999999999999971
l0_mean,False,43,1.0676952944118166e-08,0.9999999999999972
l0_mean,False,44,1.0635059934905273e-08,0.9999999999999974
l0_mean,False,45,1.0573846652098793e-08,0.9999999999999976
l0_mean,False,46,1.0530762780681287e-08,0.9999999999999976
l0_mean,False,47,1.0475517114729182e-08,0.9999999999999976
l0_mean,False,48,1.0439277783274968e-08,0.9999999999999976
l0_mean,False,49,1.0419453477038036e-08,0.9999999999999976
l0_mean,False,50,1.035370752607214e-08,0.9999999999999976
l0_mean,False,51,1.0277243178622691e-08,0.9999999999999976
l0_mean,False,52,1.0261353559548863e-08,0.9999999999999976
l0_mean,False,53,1.0227136855736628e-08,0.9999999999999976
l0_mean,False,54,1.0197039587778456e-08,0.9999999999999976
l0_mean,False,55,1.0171751329943424e-08,0.9999999999999976
l0_mean,False,56,1.0108969323231923e-08,0.9999999999999979
l0_mean,False,57,1.0076104408634664e-08,0.9999999999999979
l0_mean,False,58,1.0024816424694023e-08,0.9999999999999979
l0_mean,False,59,1.0001996950318287e-08,0.9999999999999979
l0_mean,False,60,9.951603633930727e-09,0.9999999999999979
l0_mean,False,61,9.908471958920786e-09,0.9999999999999979
l0_mean,False,62,9.88317942530125e-09,0.9999999999999979
l0_mean,False,63,9.858445561235922e-09,0.9999999999999979
l0_mean,False,64,9.837255906516307e-09,0.9999999999999984
l0_mean,False,65,9.793989786207456e-09,0.9999999999999984
l0_mean,False,66,9.75342709229314e-09,0.9999999999999984
l0_mean,False,67,9.713966359273067e-09,0.9999999999999984
l0_mean,False,68,9.676137388589913e-09,0.9999999999999984
l0_mean,False,69,9.659038653346376e-09,0.9999999999999984
l0_mean,False,70,9.621203707491016e-09,0.9999999999999984
l0_mean,False,71,9.541416016562114e-09,0.9999999999999984
l0_mean,False,72,9.50742403119875e-09,0.9999999999999989
l0_mean,False,73,9.494475331388162e-09,0.9999999999999989
l0_mean,False,74,9.412309897569242e-09,0.9999999999999989
l0_mean,False,75,9.39465443269995e-09,0.9999999999999989
l0_mean,False,76,9.365326454648928e-09,0.9999999999999989
l0_mean,False,77,9.345839404351658e-09,0.9999999999999989
l0_mean,False,78,9.299348016363217e-09,0.9999999999999989
l0_mean,False,79,9.222417971940822e-09,0.9999999999999989
l0_mean,False,80,9.18923432517987e-09,0.9999999999999992
l0_mean,False,81,9.165418225215544e-09,0.9999999999999992
l0_mean,False,82,9.134727532802419e-09,0.9999999999999992
l0_mean,False,83,9.067696302569623e-09,0.9999999999999992
l0_mean,False,84,9.033784124635734e-09,0.9999999999999992
l0_mean,False,85,8.995496436054689e-09,0.9999999999999992
l0_mean,False,86,8.914159653140917e-09,0.9999999999999992
l0_mean,False,87,8.885493582486747e-09,0.9999999999999992
l0_mean,False,88,8.867555490411973e-09,0.9999999999999997
l0_mean,False,89,8.851115460814825e-09,0.9999999999999997
l0_mean,False,90,8.779771704678082e-09,0.9999999999999997
l0_mean,False,91,8.706613649902977e-09,0.9999999999999997
l0_mean,False,92,8.694564745552077e-09,0.9999999999999997
l0_mean,False,93,8.616186827185798e-09,0.9999999999999997
l0_mean,False,94,8.583052755395942e-09,0.9999999999999997
l0_mean,False,95,8.552658544829041e-09,0.9999999999999997
l0_mean,False,96,8.433830952575749e-09,1.0
l0_mean,True,1,0.08414493052787929,0.9999999999980459
l0_mean,True,2,4.8418812832301845e-08,0.999999999998377
l0_mean,True,3,2.1329759014760465e-08,0.9999999999984412
l0_mean,True,4,1.917887924060928e-08,0.9999999999984932
l0_mean,True,5,1.8429316031291717e-08,0.9999999999985413
l0_mean,True,6,1.6483903686704023e-08,0.9999999999985796
l0_mean,True,7,1.620750131889355e-08,0.9999999999986167
l0_mean,True,8,1.4418218713428256e-08,0.999999999998646
l0_mean,True,9,1.3792149714928584e-08,0.9999999999986728
l0_mean,True,10,1.3626924453272456e-08,0.999999999998699
l0_mean,True,11,1.3052063825984667e-08,0.999999999998723
l0_mean,True,12,1.2928820049981065e-08,0.9999999999987467
l0_mean,True,13,1.2710764060561543e-08,0.9999999999987694
l0_mean,True,14,1.2457370703605122e-08,0.9999999999987914
l0_mean,True,15,1.234992403632883e-08,0.999999999998813
l0_mean,True,16,1.2263727713972097e-08,0.9999999999988343
l0_mean,True,17,1.2146545915906073e-08,0.9999999999988551
l0_mean,True,18,1.2086788642607755e-08,0.9999999999988757
l0_mean,True,19,1.1959056625976528e-08,0.9999999999988959
l0_mean,True,20,1.1861818169030373e-08,0.9999999999989158
l0_mean,True,21,1.17724088490527e-08,0.9999999999989353
l0_mean,True,22,1.1702377448925616e-08,0.9999999999989547
l0_mean,True,23,1.1692251323018251e-08,0.999999999998974
l0_mean,True,24,1.1629795525588786e-08,0.999999999998993
l0_mean,True,25,1.1530320877644823e-08,0.9999999999990118
l0_mean,True,26,1.1524031138137398e-08,0.9999999999990306
l0_mean,True,27,1.147055996211523e-08,0.9999999999990491
l0_mean,True,28,1.1432245222001858e-08,0.9999999999990676
l0_mean,True,29,1.1361455632742776e-08,0.9999999999990858
l0_mean,True,30,1.1306557931533956e-08,0.9999999999991039
l0_mean,True,31,1.1230102518072522e-08,0.9999999999991217
l0_mean,True,32,1.1182441558825244e-08,0.9999999999991395
l0_mean,True,33,1.1158094099104486e-08,0.999999999999157
l0_mean,True,34,1.112602520510103e-08,0.9999999999991745
l0_mean,True,35,1.1083011887853775e-08,0.999999999999192
l0_mean,True,36,1.0964007491950802e-08,0.999999999999209
l0_mean,True,37,1.0929276618081957e-08,0.999999999999226
l0_mean,True,38,1.0868634553877528e-08,0.9999999999992426
l0_mean,True,39,1.0833613331358131e-08,0.9999999999992591
l0_mean,True,40,1.0803241094314326e-08,0.9999999999992754
l0_mean,True,41,1.076965030469164e-08,0.9999999999992918
l0_mean,True,42,1.0758731772758942e-08,0.9999999999993081
l0_mean,True,43,1.0652062387599709e-08,0.9999999999993242
l0_mean,True,44,1.0632841077861754e-08,0.9999999999993401
l0_mean,True,45,1.0531919665898343e-08,0.9999999999993557
l0_mean,True,46,1.0522754985220988e-08,0.9999999999993714
l0_mean,True,47,1.046437250502361e-08,0.9999999999993868
l0_mean,True,48,1.0436283453101294e-08,0.9999999999994025
l0_mean,True,49,1.0406206815808477e-08,0.9999999999994178
l0_mean,True,50,1.0324802606447959e-08,0.9999999999994328
l0_mean,True,51,1.0276901999228598e-08,0.9999999999994478
l0_mean,True,52,1.025046618646154e-08,0.9999999999994625
l0_mean,True,53,1.0222144122022612e-08,0.9999999999994773
l0_mean,True,54,1.0195456910203734e-08,0.999999999999492
l0_mean,True,55,1.016109003200847e-08,0.9999999999995065
l0_mean,True,56,1.0106689617052453e-08,0.9999999999995209
l0_mean,True,57,1.0073548696617455e-08,0.9999999999995353
l0_mean,True,58,1.0021855708825728e-08,0.9999999999995495
l0_mean,True,59,9.991453851222442e-09,0.9999999999995636
l0_mean,True,60,9.91331213413202e-09,0.9999999999995773
l0_mean,True,61,9.885527999195777e-09,0.9999999999995912
l0_mean,True,62,9.867481665413411e-09,0.999999999999605
l0_mean,True,63,9.846950519203889e-09,0.9999999999996186
l0_mean,True,64,9.798790343435719e-09,0.9999999999996321
l0_mean,True,65,9.757159605793939e-09,0.9999999999996456
l0_mean,True,66,9.73436010196659e-09,0.9999999999996589
l0_mean,True,67,9.68802524724765e-09,0.9999999999996722
l0_mean,True,68,9.659189641269463e-09,0.9999999999996854
l0_mean,True,69,9.621394021805393e-09,0.9999999999996986
l0_mean,True,70,9.578892260537345e-09,0.9999999999997115
l0_mean,True,71,9.51691698833236e-09,0.9999999999997242
l0_mean,True,72,9.505843144270852e-09,0.9999999999997372
l0_mean,True,73,9.447486834784283e-09,0.9999999999997499
l0_mean,True,74,9.399204900228045e-09,0.9999999999997623
l0_mean,True,75,9.394558147495077e-09,0.9999999999997748
l0_mean,True,76,9.355506624983274e-09,0.9999999999997872
l0_mean,True,77,9.340430895328864e-09,0.9999999999997996
l0_mean,True,78,9.223904448150934e-09,0.9999999999998116
l0_mean,True,79,9.208520813366358e-09,0.9999999999998236
l0_mean,True,80,9.186277704058548e-09,0.9999999999998351
l0_mean,True,81,9.135510281400552e-09,0.9999999999998469
l0_mean,True,82,9.070089777918617e-09,0.9999999999998586
l0_mean,True,83,9.04108454814429e-09,0.99999999999987
l0_mean,True,84,8.996585132686392e-09,0.9999999999998814
l0_mean,True,85,8.914309961598186e-09,0.9999999999998926
l0_mean,True,86,8.893495045341981e-09,0.9999999999999039
l0_mean,True,87,8.873439366118077e-09,0.999999999999915
l0_mean,True,88,8.862695357741282e-09,0.9999999999999262
l0_mean,True,89,8.780146415964622e-09,0.999999999999937
l0_mean,True,90,8.727918863367017e-09,0.9999999999999478
l0_mean,True,91,8.70494938667093e-09,0.9999999999999585
l0_mean,True,92,8.626088715739838e-09,0.999999999999969
l0_mean,True,93,8.587345138737348e-09,0.9999999999999795
l0_mean,True,94,8.552661747597035e-09,0.9999999999999897
l0_mean,True,95,8.49642874980664e-09,0.9999999999999999
l0_mean,True,96,5.36004287308891e-17,1.0
