representation,seed,method,rank,alpha,dev_mse,train_mse,selection_score
l0_mean,17,rank1,1,0.01,6.683802660977577e-10,4.350873677260809e-13,[6.683802660977577e-10]
l0_mean,17,rank1,1,0.1,7.49209179079521e-10,3.330262261786059e-11,[7.49209179079521e-10]
l0_mean,17,rank1,1,1,2.115275855482548e-09,1.0358052593947546e-09,[2.115275855482548e-09]
l0_mean,17,rank1,1,10,9.626941404665842e-09,9.08967513915857e-09,[9.626941404665842e-09]
l0_mean,17,lowrank,1,0.01,6.683802660977577e-10,4.350873677260809e-13,[6.683802660977577e-10]
l0_mean,17,lowrank,2,0.01,6.683802661008683e-10,4.3508736262564826e-13,[6.683802661008683e-10]
l0_mean,17,lowrank,4,0.01,6.683802661034257e-10,4.3508735961504016e-13,[6.683802661034257e-10]
l0_mean,17,lowrank,8,0.01,6.683802661073486e-10,4.35087355568151e-13,[6.683802661073486e-10]
l0_mean,17,lowrank,16,0.01,6.683802661133371e-10,4.3508734972255386e-13,[6.683802661133371e-10]
l0_mean,17,lowrank,32,0.01,6.683802661236106e-10,4.3508734203750086e-13,[6.683802661236106e-10]
l0_mean,17,lowrank,1,0.1,7.49209179079521e-10,3.330262261786059e-11,[7.49209179079521e-10]
l0_mean,17,lowrank,2,0.1,7.492091790814136e-10,3.3302622612884946e-11,[7.492091790814136e-10]
l0_mean,17,lowrank,4,0.1,7.492091790835879e-10,3.330262260990945e-11,[7.492091790835879e-10]
l0_mean,17,lowrank,8,0.1,7.492091790866959e-10,3.330262260591387e-11,[7.492091790866959e-10]
l0_mean,17,lowrank,16,0.1,7.492091790911773e-10,3.330262260015428e-11,[7.492091790911773e-10]
l0_mean,17,lowrank,32,0.1,7.492091790984314e-10,3.330262259260819e-11,[7.492091790984314e-10]
l0_mean,17,lowrank,1,1,2.115275855482548e-09,1.0358052593947546e-09,[2.115275855482548e-09]
l0_mean,17,lowrank,2,1,2.115275855482708e-09,1.0358052593912209e-09,[2.115275855482708e-09]
l0_mean,17,lowrank,4,1,2.1152758554839797e-09,1.0358052593888433e-09,[2.1152758554839797e-09]
l0_mean,17,lowrank,8,1,2.11527585548534e-09,1.035805259385485e-09,[2.11527585548534e-09]
l0_mean,17,lowrank,16,1,2.1152758554872698e-09,1.0358052593807717e-09,[2.1152758554872698e-09]
l0_mean,17,lowrank,32,1,2.1152758554892914e-09,1.035805259374997e-09,[2.1152758554892914e-09]
l0_mean,17,lowrank,1,10,9.626941404665842e-09,9.08967513915857e-09,[9.626941404665842e-09]
l0_mean,17,lowrank,2,10,9.626941404665646e-09,9.089675139156968e-09,[9.626941404665646e-09]
l0_mean,17,lowrank,4,10,9.62694140466598e-09,9.089675139155858e-09,[9.62694140466598e-09]
l0_mean,17,lowrank,8,10,9.626941404666186e-09,9.089675139154324e-09,[9.626941404666186e-09]
l0_mean,17,lowrank,16,10,9.626941404666285e-09,9.089675139152528e-09,[9.626941404666285e-09]
l0_mean,17,lowrank,32,10,9.626941404666331e-09,9.089675139151073e-09,[9.626941404666331e-09]
l0_mean,17,full_delta,0,0.01,6.683802661321475e-10,4.350873380705295e-13,[6.683802661321475e-10]
l0_mean,17,full_delta,0,0.1,7.492091791043883e-10,3.330262258874666e-11,[7.492091791043883e-10]
l0_mean,17,full_delta,0,1,2.1152758554901666e-09,1.0358052593728606e-09,[2.1152758554901666e-09]
l0_mean,17,full_delta,0,10,9.626941404666351e-09,9.089675139150733e-09,[9.626941404666351e-09]
l0_mean,17,full_affine,0,0.01,4.928198631178551e-07,6.541841667334997e-10,[4.928198631178551e-07]
l0_mean,17,full_affine,0,0.1,5.932568100345158e-07,4.4872253263823464e-08,[5.932568100345158e-07]
l0_mean,17,full_affine,0,1,1.9284076580800608e-06,9.822798057768122e-07,[1.9284076580800608e-06]
l0_mean,17,full_affine,0,10,6.0929789151845615e-06,5.15344016874359e-06,[6.0929789151845615e-06]
l0_mean,17,length_shift,0,0.01,2.7863202223551746e-13,2.9140643418947807e-13,[2.7863202223551746e-13]
l0_mean,17,length_shift,0,0.1,8.056683089883506e-12,8.384205490410963e-12,[8.056683089883506e-12]
l0_mean,17,length_shift,0,1,3.2119953392781576e-11,3.233950211969433e-11,[3.2119953392781576e-11]
l0_mean,17,length_shift,0,10,4.459828007045035e-10,4.653316919385781e-10,[4.459828007045035e-10]
l0_mean,17,source_token_ridge,0,0.01,6.398914800963579e-10,1.6452254682756628e-13,[6.398914800963579e-10]
l0_mean,17,source_token_ridge,0,0.1,6.767866348877555e-10,1.5169902314161874e-11,[6.767866348877555e-10]
l0_mean,17,source_token_ridge,0,1,1.6577177840597687e-09,8.962313497468056e-10,[1.6577177840597687e-09]
l0_mean,17,source_token_ridge,0,10,1.0747684242504588e-08,1.0719015920483728e-08,[1.0747684242504588e-08]
l0_mean,17,shuffled,1,0.01,2.3858941549728873e-06,2.3330683907773806e-06,[2.3858941549728873e-06]
l0_mean,17,shuffled,2,0.01,4.156439162044226e-06,4.007863934223428e-06,[4.156439162044226e-06]
l0_mean,17,shuffled,4,0.01,6.470059883270845e-06,6.568202156883777e-06,[6.470059883270845e-06]
l0_mean,17,shuffled,8,0.01,9.995973259739413e-06,9.882355230022113e-06,[9.995973259739413e-06]
l0_mean,17,shuffled,16,0.01,1.3696603180466509e-05,1.2802794378984756e-05,[1.3696603180466509e-05]
l0_mean,17,shuffled,32,0.01,1.6550590865433376e-05,1.4841816198962164e-05,[1.6550590865433376e-05]
l0_mean,17,shuffled,1,0.1,1.8502182145863942e-06,2.20770197343266e-06,[1.8502182145863942e-06]
l0_mean,17,shuffled,2,0.1,3.403443377347559e-06,3.7320292381935055e-06,[3.403443377347559e-06]
l0_mean,17,shuffled,4,0.1,5.363875240605065e-06,6.09567307348852e-06,[5.363875240605065e-06]
l0_mean,17,shuffled,8,0.1,8.387712055157971e-06,9.112922494662202e-06,[8.387712055157971e-06]
l0_mean,17,shuffled,16,0.1,1.1310407691705526e-05,1.1657232524878345e-05,[1.1310407691705526e-05]
l0_mean,17,shuffled,32,0.1,1.3513643462994472e-05,1.3297106969910617e-05,[1.3513643462994472e-05]
l0_mean,17,shuffled,1,1,1.2257662484953054e-06,1.680648848798138e-06,[1.2257662484953054e-06]
l0_mean,17,shuffled,2,1,2.120394744567846e-06,2.730551584937189e-06,[2.120394744567846e-06]
l0_mean,17,shuffled,4,1,3.4713544037906983e-06,4.3163088117477534e-06,[3.4713544037906983e-06]
l0_mean,17,shuffled,8,1,5.157431387882356e-06,6.148796798004247e-06,[5.157431387882356e-06]
l0_mean,17,shuffled,16,1,6.283723377321952e-06,7.275306444337049e-06,[6.283723377321952e-06]
l0_mean,17,shuffled,32,1,6.855083570532044e-06,7.767815587193251e-06,[6.855083570532044e-06]
l0_mean,17,shuffled,1,10,3.76982855636077e-07,5.085376320292789e-07,[3.76982855636077e-07]
l0_mean,17,shuffled,2,10,5.923746628917784e-07,7.948572068085509e-07,[5.923746628917784e-07]
l0_mean,17,shuffled,4,10,8.530147598672682e-07,1.0937985295209357e-06,[8.530147598672682e-07]
l0_mean,17,shuffled,8,10,1.1270167035858481e-06,1.3968368706921693e-06,[1.1270167035858481e-06]
l0_mean,17,shuffled,16,10,1.197591588324697e-06,1.4726451502254577e-06,[1.197591588324697e-06]
l0_mean,17,shuffled,32,10,1.2186723972407693e-06,1.4923932769836778e-06,[1.2186723972407693e-06]
l0_mean,17,random_subspace,1,0.01,2.060048060472244e-08,2.167403294123038e-08,[2.060048060472244e-08]
l0_mean,17,random_subspace,1,0.1,2.0600499418749775e-08,2.1674040591589683e-08,[2.0600499418749775e-08]
l0_mean,17,random_subspace,1,1,2.0600817389071136e-08,2.1674273937747007e-08,[2.0600817389071136e-08]
l0_mean,17,random_subspace,1,10,2.0602565830802363e-08,2.167614858542318e-08,[2.0602565830802363e-08]
l0_mean,29,rank1,1,0.01,8.462934729451113e-10,4.4985691670131935e-13,[8.462934729451113e-10]
l0_mean,29,rank1,1,0.1,9.60838880125515e-10,3.394076172780776e-11,[9.60838880125515e-10]
l0_mean,29,rank1,1,1,2.6719566682620615e-09,1.011157725046555e-09,[2.6719566682620615e-09]
l0_mean,29,rank1,1,10,1.0609734996970984e-08,8.502514738125817e-09,[1.0609734996970984e-08]
l0_mean,29,lowrank,1,0.01,8.462934729451113e-10,4.4985691670131935e-13,[8.462934729451113e-10]
l0_mean,29,lowrank,2,0.01,8.462934729514872e-10,4.4985691188175746e-13,[8.462934729514872e-10]
l0_mean,29,lowrank,4,0.01,8.462934729546258e-10,4.4985690843029734e-13,[8.462934729546258e-10]
l0_mean,29,lowrank,8,0.01,8.462934729580248e-10,4.4985690372358634e-13,[8.462934729580248e-10]
l0_mean,29,lowrank,16,0.01,8.462934729642667e-10,4.4985689761907283e-13,[8.462934729642667e-10]
l0_mean,29,lowrank,32,0.01,8.462934729764308e-10,4.4985689018836595e-13,[8.462934729764308e-10]
l0_mean,29,lowrank,1,0.1,9.60838880125515e-10,3.394076172780776e-11,[9.60838880125515e-10]
l0_mean,29,lowrank,2,0.1,9.608388801302259e-10,3.3940761723125435e-11,[9.608388801302259e-10]
l0_mean,29,lowrank,4,0.1,9.608388801326059e-10,3.3940761719703886e-11,[9.608388801326059e-10]
l0_mean,29,lowrank,8,0.1,9.608388801355064e-10,3.394076171504148e-11,[9.608388801355064e-10]
l0_mean,29,lowrank,16,0.1,9.608388801398774e-10,3.3940761709011465e-11,[9.608388801398774e-10]
l0_mean,29,lowrank,32,0.1,9.608388801484063e-10,3.3940761701833244e-11,[9.608388801484063e-10]
l0_mean,29,lowrank,1,1,2.6719566682620615e-09,1.011157725046555e-09,[2.6719566682620615e-09]
l0_mean,29,lowrank,2,1,2.6719566682639235e-09,1.0111577250429629e-09,[2.6719566682639235e-09]
l0_mean,29,lowrank,4,1,2.6719566682650716e-09,1.0111577250399275e-09,[2.6719566682650716e-09]
l0_mean,29,lowrank,8,1,2.6719566682668537e-09,1.011157725035888e-09,[2.6719566682668537e-09]
l0_mean,29,lowrank,16,1,2.6719566682689205e-09,1.0111577250308116e-09,[2.6719566682689205e-09]
l0_mean,29,lowrank,32,1,2.6719566682712295e-09,1.0111577250254035e-09,[2.6719566682712295e-09]
l0_mean,29,lowrank,1,10,1.0609734996970984e-08,8.502514738125817e-09,[1.0609734996970984e-08]
l0_mean,29,lowrank,2,10,1.0609734996971374e-08,8.502514738124008e-09,[1.0609734996971374e-08]
l0_mean,29,lowrank,4,10,1.0609734996971571e-08,8.502514738122333e-09,[1.0609734996971571e-08]
l0_mean,29,lowrank,8,10,1.060973499697193e-08,8.502514738120371e-09,[1.060973499697193e-08]
l0_mean,29,lowrank,16,10,1.0609734996972116e-08,8.502514738118479e-09,[1.0609734996972116e-08]
l0_mean,29,lowrank,32,10,1.0609734996972178e-08,8.50251473811705e-09,[1.0609734996972178e-08]
l0_mean,29,full_delta,0,0.01,8.462934729838592e-10,4.498568866367038e-13,[8.462934729838592e-10]
l0_mean,29,full_delta,0,0.1,9.608388801534512e-10,3.3940761698417123e-11,[9.608388801534512e-10]
l0_mean,29,full_delta,0,1,2.671956668271868e-09,1.0111577250237479e-09,[2.671956668271868e-09]
l0_mean,29,full_delta,0,10,1.0609734996972187e-08,8.502514738116798e-09,[1.0609734996972187e-08]
l0_mean,29,full_affine,0,0.01,6.295583907202196e-07,7.417937704033256e-10,[6.295583907202196e-07]
l0_mean,29,full_affine,0,0.1,7.354094896902368e-07,4.5085424939325187e-08,[7.354094896902368e-07]
l0_mean,29,full_affine,0,1,2.0239625559670412e-06,9.225349301628958e-07,[2.0239625559670412e-06]
l0_mean,29,full_affine,0,10,6.1501034529740185e-06,5.142354438876313e-06,[6.1501034529740185e-06]
l0_mean,29,length_shift,0,0.01,2.476320794615666e-13,2.504127008141104e-13,[2.476320794615666e-13]
l0_mean,29,length_shift,0,0.1,7.540387094424062e-12,7.591107942210722e-12,[7.540387094424062e-12]
l0_mean,29,length_shift,0,1,3.128834598371258e-11,3.03762499648381e-11,[3.128834598371258e-11]
l0_mean,29,length_shift,0,10,4.3365456839719956e-10,4.180061468415334e-10,[4.3365456839719956e-10]
l0_mean,29,source_token_ridge,0,0.01,4.974585923690822e-10,1.7155489506011438e-13,[4.974585923690822e-10]
l0_mean,29,source_token_ridge,0,0.1,5.566776149278976e-10,1.481897485457907e-11,[5.566776149278976e-10]
l0_mean,29,source_token_ridge,0,1,1.6707692788793755e-09,8.067487818153267e-10,[1.6707692788793755e-09]
l0_mean,29,source_token_ridge,0,10,1.09177787320152e-08,9.565092151897126e-09,[1.09177787320152e-08]
l0_mean,29,shuffled,1,0.01,1.6466177444383781e-06,2.177004569619596e-06,[1.6466177444383781e-06]
l0_mean,29,shuffled,2,0.01,3.958973417983449e-06,3.997184212360313e-06,[3.958973417983449e-06]
l0_mean,29,shuffled,4,0.01,7.356168215000468e-06,6.73862556594258e-06,[7.356168215000468e-06]
l0_mean,29,shuffled,8,0.01,1.0700208811737826e-05,1.0095562708131871e-05,[1.0700208811737826e-05]
l0_mean,29,shuffled,16,0.01,1.452147228698689e-05,1.3169792909877785e-05,[1.452147228698689e-05]
l0_mean,29,shuffled,32,0.01,1.7459598920039977e-05,1.5116502948918275e-05,[1.7459598920039977e-05]
l0_mean,29,shuffled,1,0.1,1.5375204359197291e-06,2.0583118250825153e-06,[1.5375204359197291e-06]
l0_mean,29,shuffled,2,0.1,3.3978673435519994e-06,3.7420306414582567e-06,[3.3978673435519994e-06]
l0_mean,29,shuffled,4,0.1,6.294615300299435e-06,6.262939414995708e-06,[6.294615300299435e-06]
l0_mean,29,shuffled,8,0.1,9.16033772864839e-06,9.285737483535918e-06,[9.16033772864839e-06]
l0_mean,29,shuffled,16,0.1,1.2188197365967325e-05,1.195813637238351e-05,[1.2188197365967325e-05]
l0_mean,29,shuffled,32,0.1,1.4360922105221264e-05,1.35305345394785e-05,[1.4360922105221264e-05]
l0_mean,29,shuffled,1,1,1.139147986950189e-06,1.5503029622399534e-06,[1.139147986950189e-06]
l0_mean,29,shuffled,2,1,2.2488294897242256e-06,2.7834292650672892e-06,[2.2488294897242256e-06]
l0_mean,29,shuffled,4,1,3.950442418316182e-06,4.503055230162115e-06,[3.950442418316182e-06]
l0_mean,29,shuffled,8,1,5.571886823201519e-06,6.297882100877769e-06,[5.571886823201519e-06]
l0_mean,29,shuffled,16,1,6.7365230445331665e-06,7.557861544668329e-06,[6.7365230445331665e-06]
l0_mean,29,shuffled,32,1,7.305554322209717e-06,8.046839098361044e-06,[7.305554322209717e-06]
l0_mean,29,shuffled,1,10,3.255118652156924e-07,4.3116978221691446e-07,[3.255118652156924e-07]
l0_mean,29,shuffled,2,10,6.022727601955656e-07,7.699011614624842e-07,[6.022727601955656e-07]
l0_mean,29,shuffled,4,10,9.336884710938486e-07,1.1534420322679733e-06,[9.336884710938486e-07]
l0_mean,29,shuffled,8,10,1.1762148466607733e-06,1.4198814874234064e-06,[1.1762148466607733e-06]
l0_mean,29,shuffled,16,10,1.2610795506076653e-06,1.525592588019906e-06,[1.2610795506076653e-06]
l0_mean,29,shuffled,32,10,1.2818232037611607e-06,1.5449882096426572e-06,[1.2818232037611607e-06]
l0_mean,29,random_subspace,1,0.01,2.057571149665346e-08,1.9564113656861033e-08,[2.057571149665346e-08]
l0_mean,29,random_subspace,1,0.1,2.0575740640064336e-08,1.9564122177842566e-08,[2.0575740640064336e-08]
l0_mean,29,random_subspace,1,1,2.0576175994655657e-08,1.9564370807927972e-08,[2.0576175994655657e-08]
l0_mean,29,random_subspace,1,10,2.0578195578555733e-08,1.956627680923897e-08,[2.0578195578555733e-08]
l0_mean,43,rank1,1,0.01,7.265559692472086e-10,3.673447042714508e-13,[7.265559692472086e-10]
l0_mean,43,rank1,1,0.1,8.098235572934558e-10,3.007317870723434e-11,[8.098235572934558e-10]
l0_mean,43,rank1,1,1,2.5822059604378235e-09,1.1148080460903873e-09,[2.5822059604378235e-09]
l0_mean,43,rank1,1,10,1.1261166373370858e-08,8.567642682940192e-09,[1.1261166373370858e-08]
l0_mean,43,lowrank,1,0.01,7.265559692472086e-10,3.673447042714508e-13,[7.265559692472086e-10]
l0_mean,43,lowrank,2,0.01,7.265559692483798e-10,3.6734469776915403e-13,[7.265559692483798e-10]
l0_mean,43,lowrank,4,0.01,7.265559692520415e-10,3.673446946921298e-13,[7.265559692520415e-10]
l0_mean,43,lowrank,8,0.01,7.265559692574252e-10,3.673446900114894e-13,[7.265559692574252e-10]
l0_mean,43,lowrank,16,0.01,7.265559692645054e-10,3.673446833917602e-13,[7.265559692645054e-10]
l0_mean,43,lowrank,32,0.01,7.265559692787714e-10,3.6734467513917455e-13,[7.265559692787714e-10]
l0_mean,43,lowrank,1,0.1,8.098235572934558e-10,3.007317870723434e-11,[8.098235572934558e-10]
l0_mean,43,lowrank,2,0.1,8.09823557293959e-10,3.007317870084262e-11,[8.09823557293959e-10]
l0_mean,43,lowrank,4,0.1,8.098235572962188e-10,3.007317869781753e-11,[8.098235572962188e-10]
l0_mean,43,lowrank,8,0.1,8.098235572996881e-10,3.007317869321892e-11,[8.098235572996881e-10]
l0_mean,43,lowrank,16,0.1,8.098235573044647e-10,3.0073178686717976e-11,[8.098235573044647e-10]
l0_mean,43,lowrank,32,0.1,8.098235573139928e-10,3.0073178678626456e-11,[8.098235573139928e-10]
l0_mean,43,lowrank,1,1,2.5822059604378235e-09,1.1148080460903873e-09,[2.5822059604378235e-09]
l0_mean,43,lowrank,2,1,2.582205960437927e-09,1.1148080460853936e-09,[2.582205960437927e-09]
l0_mean,43,lowrank,4,1,2.5822059604389634e-09,1.1148080460828351e-09,[2.5822059604389634e-09]
l0_mean,43,lowrank,8,1,2.5822059604404424e-09,1.114808046078969e-09,[2.5822059604404424e-09]
l0_mean,43,lowrank,16,1,2.5822059604428288e-09,1.1148080460735968e-09,[2.5822059604428288e-09]
l0_mean,43,lowrank,32,1,2.5822059604452628e-09,1.1148080460674293e-09,[2.5822059604452628e-09]
l0_mean,43,lowrank,1,10,1.1261166373370858e-08,8.567642682940192e-09,[1.1261166373370858e-08]
l0_mean,43,lowrank,2,10,1.126116637337106e-08,8.567642682938227e-09,[1.126116637337106e-08]
l0_mean,43,lowrank,4,10,1.1261166373371307e-08,8.567642682936743e-09,[1.1261166373371307e-08]
l0_mean,43,lowrank,8,10,1.1261166373371624e-08,8.567642682934833e-09,[1.1261166373371624e-08]
l0_mean,43,lowrank,16,10,1.1261166373371743e-08,8.567642682932809e-09,[1.1261166373371743e-08]
l0_mean,43,lowrank,32,10,1.1261166373371814e-08,8.567642682931267e-09,[1.1261166373371814e-08]
l0_mean,43,full_delta,0,0.01,7.265559692885202e-10,3.6734467143208886e-13,[7.265559692885202e-10]
l0_mean,43,full_delta,0,0.1,8.098235573201423e-10,3.007317867510382e-11,[8.098235573201423e-10]
l0_mean,43,full_delta,0,1,2.58220596044601e-09,1.114808046065688e-09,[2.58220596044601e-09]
l0_mean,43,full_delta,0,10,1.126116637337183e-08,8.567642682930994e-09,[1.126116637337183e-08]
l0_mean,43,full_affine,0,0.01,6.701326122801221e-07,7.430939556951983e-10,[6.701326122801221e-07]
l0_mean,43,full_affine,0,0.1,8.078206337564606e-07,4.541765480537139e-08,[8.078206337564606e-07]
l0_mean,43,full_affine,0,1,2.15609969341967e-06,9.290927033082134e-07,[2.15609969341967e-06]
l0_mean,43,full_affine,0,10,6.1459471474298395e-06,5.050536175556416e-06,[6.1459471474298395e-06]
l0_mean,43,length_shift,0,0.01,2.9389867515702344e-13,2.564937725582915e-13,[2.9389867515702344e-13]
l0_mean,43,length_shift,0,0.1,8.170806935516985e-12,7.194800041688302e-12,[8.170806935516985e-12]
l0_mean,43,length_shift,0,1,2.8858891379247364e-11,2.738975995939567e-11,[2.8858891379247364e-11]
l0_mean,43,length_shift,0,10,4.258705623266511e-10,4.0442055028971495e-10,[4.258705623266511e-10]
l0_mean,43,source_token_ridge,0,0.01,7.927208813382339e-10,1.8792261341239197e-13,[7.927208813382339e-10]
l0_mean,43,source_token_ridge,0,0.1,8.696612018883422e-10,1.595701655364486e-11,[8.696612018883422e-10]
l0_mean,43,source_token_ridge,0,1,2.1008966740625676e-09,8.154166131528535e-10,[2.1008966740625676e-09]
l0_mean,43,source_token_ridge,0,10,1.120471730015762e-08,9.189006916055783e-09,[1.120471730015762e-08]
l0_mean,43,shuffled,1,0.01,1.8587373800579779e-06,2.220217338353178e-06,[1.8587373800579779e-06]
l0_mean,43,shuffled,2,0.01,3.1242078148254347e-06,4.030318490256628e-06,[3.1242078148254347e-06]
l0_mean,43,shuffled,4,0.01,7.0670008826239176e-06,6.6039526209274675e-06,[7.0670008826239176e-06]
l0_mean,43,shuffled,8,0.01,1.0938731132709e-05,9.446393507087359e-06,[1.0938731132709e-05]
l0_mean,43,shuffled,16,0.01,1.4446013940743168e-05,1.1953776736016076e-05,[1.4446013940743168e-05]
l0_mean,43,shuffled,32,0.01,1.6841500004710758e-05,1.3498809488943599e-05,[1.6841500004710758e-05]
l0_mean,43,shuffled,1,0.1,1.77602183949391e-06,2.1159181644685754e-06,[1.77602183949391e-06]
l0_mean,43,shuffled,2,0.1,2.954631636472122e-06,3.7962266257945543e-06,[2.954631636472122e-06]
l0_mean,43,shuffled,4,0.1,5.737072275103762e-06,6.147405718220252e-06,[5.737072275103762e-06]
l0_mean,43,shuffled,8,0.1,8.691183669399909e-06,8.687685750259752e-06,[8.691183669399909e-06]
l0_mean,43,shuffled,16,0.1,1.132672032612222e-05,1.082907163924912e-05,[1.132672032612222e-05]
l0_mean,43,shuffled,32,0.1,1.3012189004325818e-05,1.2050916114757047e-05,[1.3012189004325818e-05]
l0_mean,43,shuffled,1,1,1.3596718955925693e-06,1.6443596603049207e-06,[1.3596718955925693e-06]
l0_mean,43,shuffled,2,1,2.3202960735038212e-06,2.8792284006363746e-06,[2.3202960735038212e-06]
l0_mean,43,shuffled,4,1,3.7749937013894685e-06,4.4984624879438e-06,[3.7749937013894685e-06]
l0_mean,43,shuffled,8,1,5.179185904147138e-06,5.974339881014109e-06,[5.179185904147138e-06]
l0_mean,43,shuffled,16,1,6.062798404039917e-06,6.866579686254242e-06,[6.062798404039917e-06]
l0_mean,43,shuffled,32,1,6.486131516290397e-06,7.24618937025783e-06,[6.486131516290397e-06]
l0_mean,43,shuffled,1,10,3.890904976063656e-07,4.986886497205864e-07,[3.890904976063656e-07]
l0_mean,43,shuffled,2,10,6.398815083787442e-07,8.33491028726987e-07,[6.398815083787442e-07]
l0_mean,43,shuffled,4,10,9.596008320923913e-07,1.210655059612222e-06,[9.596008320923913e-07]
l0_mean,43,shuffled,8,10,1.1599155699977734e-06,1.4460783786312398e-06,[1.1599155699977734e-06]
l0_mean,43,shuffled,16,10,1.2120810860984953e-06,1.5032327240278868e-06,[1.2120810860984953e-06]
l0_mean,43,shuffled,32,10,1.228314441720863e-06,1.5190982424963054e-06,[1.228314441720863e-06]
l0_mean,43,random_subspace,1,0.01,2.0674149440110883e-08,1.865372922547485e-08,[2.0674149440110883e-08]
l0_mean,43,random_subspace,1,0.1,2.067421708096277e-08,1.8653753356388626e-08,[2.067421708096277e-08]
l0_mean,43,random_subspace,1,1,2.0675656839436506e-08,1.8654634518306518e-08,[2.0675656839436506e-08]
l0_mean,43,random_subspace,1,10,2.06827070145617e-08,1.8660688673698025e-08,[2.06827070145617e-08]
l14_mean,17,rank1,1,0.01,0.008090961016783254,0.008221885485562306,[0.008090961016783254]
l14_mean,17,rank1,1,0.1,0.008155760310557428,0.00829420157030718,[0.008155760310557428]
l14_mean,17,rank1,1,1,0.008833200610980719,0.00903096314674725,[0.008833200610980719]
l14_mean,17,rank1,1,10,0.009659348767711774,0.009840116842441784,[0.009659348767711774]
l14_mean,17,lowrank,1,0.01,0.008090961016783254,0.008221885485562306,[0.008090961016783254]
l14_mean,17,lowrank,2,0.01,0.007054733059152704,0.006883347456364708,[0.007054733059152704]
l14_mean,17,lowrank,4,0.01,0.0052801719137993905,0.004900917656501066,[0.0052801719137993905]
l14_mean,17,lowrank,8,0.01,0.003930276339580617,0.0030613665561656355,[0.003930276339580617]
l14_mean,17,lowrank,16,0.01,0.0033923973342393173,0.0017327374182672522,[0.0033923973342393173]
l14_mean,17,lowrank,32,0.01,0.002825956986991498,0.0006980196293865083,[0.002825956986991498]
l14_mean,17,lowrank,1,0.1,0.008155760310557428,0.00829420157030718,[0.008155760310557428]
l14_mean,17,lowrank,2,0.1,0.007158143643783022,0.006996278882257865,[0.007158143643783022]
l14_mean,17,lowrank,4,0.1,0.00550206454163099,0.005112498034655622,[0.00550206454163099]
l14_mean,17,lowrank,8,0.1,0.004221121900883095,0.0034649259445539413,[0.004221121900883095]
l14_mean,17,lowrank,16,0.1,0.0037945892203085966,0.0025271896742388245,[0.0037945892203085966]
l14_mean,17,lowrank,32,0.1,0.0034322941995652847,0.0019482632703281676,[0.0034322941995652847]
l14_mean,17,lowrank,1,1,0.008833200610980719,0.00903096314674725,[0.008833200610980719]
l14_mean,17,lowrank,2,1,0.008282872687207045,0.008322001280766192,[0.008282872687207045]
l14_mean,17,lowrank,4,1,0.007234533158191381,0.006976250968014263,[0.007234533158191381]
l14_mean,17,lowrank,8,1,0.00660808354557352,0.006242889269692654,[0.00660808354557352]
l14_mean,17,lowrank,16,1,0.006477686978273624,0.0059989702862356595,[0.006477686978273624]
l14_mean,17,lowrank,32,1,0.006410312924782176,0.005898586165451356,[0.006410312924782176]
l14_mean,17,lowrank,1,10,0.009659348767711774,0.009840116842441784,[0.009659348767711774]
l14_mean,17,lowrank,2,10,0.009428174218178579,0.00958008086743855,[0.009428174218178579]
l14_mean,17,lowrank,4,10,0.009231475414484934,0.00932335046891264,[0.009231475414484934]
l14_mean,17,lowrank,8,10,0.009135556424820992,0.009213716671330729,[0.009135556424820992]
l14_mean,17,lowrank,16,10,0.009119614802439328,0.009184769163708336,[0.009119614802439328]
l14_mean,17,lowrank,32,10,0.009112292328585096,0.009173962169147438,[0.009112292328585096]
l14_mean,17,full_delta,0,0.01,0.0023066462914757644,0.00033896058816687227,[0.0023066462914757644]
l14_mean,17,full_delta,0,0.1,0.0032724804765413558,0.0018385903209302522,[0.0032724804765413558]
l14_mean,17,full_delta,0,1,0.006390209193537367,0.005884685222327857,[0.006390209193537367]
l14_mean,17,full_delta,0,10,0.009110228653011627,0.009172533776339324,[0.009110228653011627]
l14_mean,17,full_affine,0,0.01,0.00549084757951845,0.0008168922324723939,[0.00549084757951845]
l14_mean,17,full_affine,0,0.1,0.014397546915770268,0.008451849538160416,[0.014397546915770268]
l14_mean,17,full_affine,0,1,0.03344751698611639,0.02968945846668521,[0.03344751698611639]
l14_mean,17,full_affine,0,10,0.05512595379862211,0.05452597869563499,[0.05512595379862211]
l14_mean,17,length_shift,0,0.01,0.009730190344040839,0.009403189629704498,[0.009730190344040839]
l14_mean,17,length_shift,0,0.1,0.009708254021813287,0.009468711933840343,[0.009708254021813287]
l14_mean,17,length_shift,0,1,0.009755683086677855,0.009613878422573286,[0.009755683086677855]
l14_mean,17,length_shift,0,10,0.009713896254823646,0.009678185041444238,[0.009713896254823646]
l14_mean,17,source_token_ridge,0,0.01,0.004170837645016201,0.0004192297927245914,[0.004170837645016201]
l14_mean,17,source_token_ridge,0,0.1,0.003914409551695437,0.0004473097993517023,[0.003914409551695437]
l14_mean,17,source_token_ridge,0,1,0.004001545785748678,0.0013067933158999766,[0.004001545785748678]
l14_mean,17,source_token_ridge,0,10,0.0072686862734116,0.006402562705582993,[0.0072686862734116]
l14_mean,17,shuffled,1,0.01,1.0212784471861498,1.0195260477886572,[1.0212784471861498]
l14_mean,17,shuffled,2,0.01,1.0282130387194484,1.0280682090693933,[1.0282130387194484]
l14_mean,17,shuffled,4,0.01,1.0368532800459973,1.0377440193077165,[1.0368532800459973]
l14_mean,17,shuffled,8,0.01,1.0497892555804837,1.0518641789146965,[1.0497892555804837]
l14_mean,17,shuffled,16,0.01,1.0594735534555892,1.0616945429122688,[1.0594735534555892]
l14_mean,17,shuffled,32,0.01,1.0652745453598764,1.0660686281562677,[1.0652745453598764]
l14_mean,17,shuffled,1,0.1,0.7382846704357862,0.8234669982876556,[0.7382846704357862]
l14_mean,17,shuffled,2,0.1,0.742455972516837,0.8287348554603268,[0.742455972516837]
l14_mean,17,shuffled,4,0.1,0.7460808981658102,0.83342261150535,[0.7460808981658102]
l14_mean,17,shuffled,8,0.1,0.7516319578533036,0.8399835615823278,[0.7516319578533036]
l14_mean,17,shuffled,16,0.1,0.7539276068234924,0.8424315390314127,[0.7539276068234924]
l14_mean,17,shuffled,32,0.1,0.7542818997498982,0.8425011979434599,[0.7542818997498982]
l14_mean,17,shuffled,1,1,0.686269642447154,0.7367815385094364,[0.686269642447154]
l14_mean,17,shuffled,2,1,0.6863614908617315,0.7370265815611713,[0.6863614908617315]
l14_mean,17,shuffled,4,1,0.6857452445935248,0.7363749701836002,[0.6857452445935248]
l14_mean,17,shuffled,8,1,0.6856386771863113,0.7363914910059438,[0.6856386771863113]
l14_mean,17,shuffled,16,1,0.6855462335073307,0.7362730263761127,[0.6855462335073307]
l14_mean,17,shuffled,32,1,0.6854522687987593,0.7361340961510524,[0.6854522687987593]
l14_mean,17,shuffled,1,10,0.5751925054552431,0.6071660520055472,[0.5751925054552431]
l14_mean,17,shuffled,2,10,0.5749980516975839,0.606957913463292,[0.5749980516975839]
l14_mean,17,shuffled,4,10,0.5747016972752066,0.6066005700189604,[0.5747016972752066]
l14_mean,17,shuffled,8,10,0.5745858353409486,0.606488401644408,[0.5745858353409486]
l14_mean,17,shuffled,16,10,0.5745608563354982,0.6064587451126617,[0.5745608563354982]
l14_mean,17,shuffled,32,10,0.5745486019097609,0.6064416316151383,[0.5745486019097609]
l14_mean,17,random_subspace,32,0.01,0.010002789026546102,0.010296995977573437,[0.010002789026546102]
l14_mean,17,random_subspace,32,0.1,0.01001117182597838,0.010310569116361204,[0.01001117182597838]
l14_mean,17,random_subspace,32,1,0.010036250656200625,0.010344819937532695,[0.010036250656200625]
l14_mean,17,random_subspace,32,10,0.010057376904942843,0.010371376490895928,[0.010057376904942843]
l14_mean,29,rank1,1,0.01,0.008097163799691635,0.007854040629892046,[0.008097163799691635]
l14_mean,29,rank1,1,0.1,0.008143540415458513,0.007918340027347015,[0.008143540415458513]
l14_mean,29,rank1,1,1,0.00879550413673337,0.008583694821414085,[0.00879550413673337]
l14_mean,29,rank1,1,10,0.009732437204478748,0.00946008749757827,[0.009732437204478748]
l14_mean,29,lowrank,1,0.01,0.008097163799691635,0.007854040629892046,[0.008097163799691635]
l14_mean,29,lowrank,2,0.01,0.007065895709843746,0.006457194374814214,[0.007065895709843746]
l14_mean,29,lowrank,4,0.01,0.005275041989839461,0.004633113235815753,[0.005275041989839461]
l14_mean,29,lowrank,8,0.01,0.003985244297095318,0.0029816163389588305,[0.003985244297095318]
l14_mean,29,lowrank,16,0.01,0.003426252243257464,0.0017375302013778046,[0.003426252243257464]
l14_mean,29,lowrank,32,0.01,0.002731269203024413,0.0006766204272712541,[0.002731269203024413]
l14_mean,29,lowrank,1,0.1,0.008143540415458513,0.007918340027347015,[0.008143540415458513]
l14_mean,29,lowrank,2,0.1,0.007155216646906972,0.00655970995092497,[0.007155216646906972]
l14_mean,29,lowrank,4,0.1,0.005464241721541595,0.004816988734607493,[0.005464241721541595]
l14_mean,29,lowrank,8,0.1,0.004292303551648546,0.003339854679018339,[0.004292303551648546]
l14_mean,29,lowrank,16,0.1,0.0038066864880428202,0.002389182253022905,[0.0038066864880428202]
l14_mean,29,lowrank,32,0.1,0.003382738839360893,0.0017799382931844405,[0.003382738839360893]
l14_mean,29,lowrank,1,1,0.00879550413673337,0.008583694821414085,[0.00879550413673337]
l14_mean,29,lowrank,2,1,0.008169208613496938,0.007703672932573871,[0.008169208613496938]
l14_mean,29,lowrank,4,1,0.007173870362851065,0.006638109326117119,[0.007173870362851065]
l14_mean,29,lowrank,8,1,0.00659441387982831,0.005889706773711516,[0.00659441387982831]
l14_mean,29,lowrank,16,1,0.006437245044260298,0.005626899886384966,[0.006437245044260298]
l14_mean,29,lowrank,32,1,0.006356030260477934,0.005515062773131975,[0.006356030260477934]
l14_mean,29,lowrank,1,10,0.009732437204478748,0.00946008749757827,[0.009732437204478748]
l14_mean,29,lowrank,2,10,0.009479099357441352,0.009193312936958421,[0.009479099357441352]
l14_mean,29,lowrank,4,10,0.009299348408572784,0.0089721567839672,[0.009299348408572784]
l14_mean,29,lowrank,8,10,0.009189155892101654,0.008839996628358717,[0.009189155892101654]
l14_mean,29,lowrank,16,10,0.009169859164076942,0.008808521849319075,[0.009169859164076942]
l14_mean,29,lowrank,32,10,0.009160953896810655,0.008796336895566637,[0.009160953896810655]
l14_mean,29,full_delta,0,0.01,0.002243453675973343,0.0003035111041686022,[0.002243453675973343]
l14_mean,29,full_delta,0,0.1,0.003219935200825457,0.0016604007590222862,[0.003219935200825457]
l14_mean,29,full_delta,0,1,0.006334760864491244,0.005499667214192025,[0.006334760864491244]
l14_mean,29,full_delta,0,10,0.009158760608070944,0.00879475192605078,[0.009158760608070944]
l14_mean,29,full_affine,0,0.01,0.005575129039963239,0.0006833082443197625,[0.005575129039963239]
l14_mean,29,full_affine,0,0.1,0.013851504199498849,0.007515434987642326,[0.013851504199498849]
l14_mean,29,full_affine,0,1,0.033181989103605834,0.028664584526029015,[0.033181989103605834]
l14_mean,29,full_affine,0,10,0.055655470987030664,0.05299092650200796,[0.055655470987030664]
l14_mean,29,length_shift,0,0.01,0.00988336685797527,0.008989765477220952,[0.00988336685797527]
l14_mean,29,length_shift,0,0.1,0.009846439883575265,0.009054635627306079,[0.009846439883575265]
l14_mean,29,length_shift,0,1,0.0098844870509975,0.009209073824180325,[0.0098844870509975]
l14_mean,29,length_shift,0,10,0.00982272251013746,0.009276521286168989,[0.00982272251013746]
l14_mean,29,source_token_ridge,0,0.01,0.003969625518891019,0.00039396226834411107,[0.003969625518891019]
l14_mean,29,source_token_ridge,0,0.1,0.00372155771757373,0.0004257894684121627,[0.00372155771757373]
l14_mean,29,source_token_ridge,0,1,0.0038723660700262018,0.0012378949498788845,[0.0038723660700262018]
l14_mean,29,source_token_ridge,0,10,0.007234583904010374,0.006064078584978381,[0.007234583904010374]
l14_mean,29,shuffled,1,0.01,1.2073539853241533,1.110443953044757,[1.2073539853241533]
l14_mean,29,shuffled,2,0.01,1.2122580294069303,1.118528050957534,[1.2122580294069303]
l14_mean,29,shuffled,4,0.01,1.2235356548376746,1.130823676496983,[1.2235356548376746]
l14_mean,29,shuffled,8,0.01,1.2360415133570812,1.1435155530580285,[1.2360415133570812]
l14_mean,29,shuffled,16,0.01,1.2480487499275863,1.1549589862901575,[1.2480487499275863]
l14_mean,29,shuffled,32,0.01,1.2540642530078914,1.1595756515294036,[1.2540642530078914]
l14_mean,29,shuffled,1,0.1,1.007953138852749,0.9081158309428693,[1.007953138852749]
l14_mean,29,shuffled,2,0.1,1.0113840747804572,0.9124677104543423,[1.0113840747804572]
l14_mean,29,shuffled,4,0.1,1.0174257018601511,0.9202375140533633,[1.0174257018601511]
l14_mean,29,shuffled,8,0.1,1.0224802433426499,0.9259884846671064,[1.0224802433426499]
l14_mean,29,shuffled,16,0.1,1.0258628359128525,0.9294093574712617,[1.0258628359128525]
l14_mean,29,shuffled,32,0.1,1.0263250705640934,0.9296405652965872,[1.0263250705640934]
l14_mean,29,shuffled,1,1,0.8584941164824195,0.7894803440931057,[0.8584941164824195]
l14_mean,29,shuffled,2,1,0.8582060013721134,0.7893052160910686,[0.8582060013721134]
l14_mean,29,shuffled,4,1,0.85826424724209,0.7895604490834298,[0.85826424724209]
l14_mean,29,shuffled,8,1,0.8580186326812304,0.7893731577382193,[0.8580186326812304]
l14_mean,29,shuffled,16,1,0.8580355175819442,0.7893211705477342,[0.8580355175819442]
l14_mean,29,shuffled,32,1,0.8579237033726863,0.7891685614208953,[0.8579237033726863]
l14_mean,29,shuffled,1,10,0.686414732928948,0.6460433309808847,[0.686414732928948]
l14_mean,29,shuffled,2,10,0.686105191712687,0.6457254989463604,[0.686105191712687]
l14_mean,29,shuffled,4,10,0.6858655803511436,0.6454435507931536,[0.6858655803511436]
l14_mean,29,shuffled,8,10,0.6857181187135134,0.6452881350189447,[0.6857181187135134]
l14_mean,29,shuffled,16,10,0.6857008965731941,0.6452597386689295,[0.6857008965731941]
l14_mean,29,shuffled,32,10,0.6856856754191859,0.6452399257726018,[0.6856856754191859]
l14_mean,29,random_subspace,32,0.01,0.010027065756514223,0.009824116100288353,[0.010027065756514223]
l14_mean,29,random_subspace,32,0.1,0.010036774841245452,0.009836713680557212,[0.010036774841245452]
l14_mean,29,random_subspace,32,1,0.010068398624362948,0.009873112223918894,[0.010068398624362948]
l14_mean,29,random_subspace,32,10,0.010095228432950234,0.009903320205496535,[0.010095228432950234]
l14_mean,43,rank1,1,0.01,0.00812548046017502,0.007710977934306545,[0.00812548046017502]
l14_mean,43,rank1,1,0.1,0.008192407882853121,0.007768064088778466,[0.008192407882853121]
l14_mean,43,rank1,1,1,0.00894210314961986,0.008389577828497655,[0.00894210314961986]
l14_mean,43,rank1,1,10,0.009742985728174164,0.009072187283106171,[0.009742985728174164]
l14_mean,43,lowrank,1,0.01,0.00812548046017502,0.007710977934306545,[0.00812548046017502]
l14_mean,43,lowrank,2,0.01,0.007147497632100347,0.006532771122760965,[0.007147497632100347]
l14_mean,43,lowrank,4,0.01,0.005520784985384691,0.004627005262058608,[0.005520784985384691]
l14_mean,43,lowrank,8,0.01,0.004054942515943788,0.002863087187079319,[0.004054942515943788]
l14_mean,43,lowrank,16,0.01,0.003643230705310002,0.0015825083181988334,[0.003643230705310002]
l14_mean,43,lowrank,32,0.01,0.003024178763047655,0.0005649116498279652,[0.003024178763047655]
l14_mean,43,lowrank,1,0.1,0.008192407882853121,0.007768064088778466,[0.008192407882853121]
l14_mean,43,lowrank,2,0.1,0.007258294494113464,0.006629246374536612,[0.007258294494113464]
l14_mean,43,lowrank,4,0.1,0.005739383671059719,0.00479853442956094,[0.005739383671059719]
l14_mean,43,lowrank,8,0.1,0.004331824854584363,0.0031887190820470562,[0.004331824854584363]
l14_mean,43,lowrank,16,0.1,0.003981271583245545,0.002236852392284243,[0.003981271583245545]
l14_mean,43,lowrank,32,0.1,0.003558025830987848,0.0016186604911238554,[0.003558025830987848]
l14_mean,43,lowrank,1,1,0.00894210314961986,0.008389577828497655,[0.00894210314961986]
l14_mean,43,lowrank,2,1,0.00832460202639942,0.007626156251471267,[0.00832460202639942]
l14_mean,43,lowrank,4,1,0.007431449314647833,0.0064745420524612955,[0.007431449314647833]
l14_mean,43,lowrank,8,1,0.0066788372299253435,0.005693530416092555,[0.0066788372299253435]
l14_mean,43,lowrank,16,1,0.006536711935407971,0.005403500653664704,[0.006536711935407971]
l14_mean,43,lowrank,32,1,0.006455400912589966,0.005287395027131184,[0.006455400912589966]
l14_mean,43,lowrank,1,10,0.009742985728174164,0.009072187283106171,[0.009742985728174164]
l14_mean,43,lowrank,2,10,0.009529456584363718,0.008847091842875252,[0.009529456584363718]
l14_mean,43,lowrank,4,10,0.009363538996843517,0.008631008510278492,[0.009363538996843517]
l14_mean,43,lowrank,8,10,0.009239824401917611,0.008505530082735496,[0.009239824401917611]
l14_mean,43,lowrank,16,10,0.009221652032963998,0.00846992724443168,[0.009221652032963998]
l14_mean,43,lowrank,32,10,0.009212741802426297,0.00845723351741761,[0.009212741802426297]
l14_mean,43,full_delta,0,0.01,0.002563036121952478,0.00025221715902011034,[0.002563036121952478]
l14_mean,43,full_delta,0,0.1,0.0034104540667720708,0.0015177861970842382,[0.0034104540667720708]
l14_mean,43,full_delta,0,1,0.006436430079770197,0.005274359359182429,[0.006436430079770197]
l14_mean,43,full_delta,0,10,0.009210789110322786,0.008455891067548366,[0.009210789110322786]
l14_mean,43,full_affine,0,0.01,0.006315328628601274,0.0006178517228267048,[0.006315328628601274]
l14_mean,43,full_affine,0,0.1,0.01425249008699786,0.007136629235546424,[0.01425249008699786]
l14_mean,43,full_affine,0,1,0.03301813359395627,0.028059235581186604,[0.03301813359395627]
l14_mean,43,full_affine,0,10,0.055376379385595094,0.05235224559402085,[0.055376379385595094]
l14_mean,43,length_shift,0,0.01,0.009868374959522112,0.008718882228186823,[0.009868374959522112]
l14_mean,43,length_shift,0,0.1,0.009838843335684187,0.008772571817016033,[0.009838843335684187]
l14_mean,43,length_shift,0,1,0.0098706525711637,0.008887614668664166,[0.0098706525711637]
l14_mean,43,length_shift,0,10,0.009786646012701876,0.00894496702375728,[0.009786646012701876]
l14_mean,43,source_token_ridge,0,0.01,0.0045580735260142705,0.0003024977898178046,[0.0045580735260142705]
l14_mean,43,source_token_ridge,0,0.1,0.00432538206175203,0.0003305730063160037,[0.00432538206175203]
l14_mean,43,source_token_ridge,0,1,0.0043924715302818,0.001134888883901006,[0.0043924715302818]
l14_mean,43,source_token_ridge,0,10,0.007413334796966963,0.0059610441388526685,[0.007413334796966963]
l14_mean,43,shuffled,1,0.01,1.805500792255133,1.313757749131289,[1.805500792255133]
l14_mean,43,shuffled,2,0.01,1.8118954038272694,1.3235303804351986,[1.8118954038272694]
l14_mean,43,shuffled,4,0.01,1.821036030969622,1.332130509854303,[1.821036030969622]
l14_mean,43,shuffled,8,0.01,1.8324598449508176,1.3425583152136749,[1.8324598449508176]
l14_mean,43,shuffled,16,0.01,1.8410800203458104,1.350767217321887,[1.8410800203458104]
l14_mean,43,shuffled,32,0.01,1.8458086929814457,1.3541357307948785,[1.8458086929814457]
l14_mean,43,shuffled,1,0.1,1.4002671056110658,1.1266377367610014,[1.4002671056110658]
l14_mean,43,shuffled,2,0.1,1.4043176946630487,1.1330568649878359,[1.4043176946630487]
l14_mean,43,shuffled,4,0.1,1.4084667507047943,1.1375722351791369,[1.4084667507047943]
l14_mean,43,shuffled,8,0.1,1.4126565712923478,1.1420094914109977,[1.4126565712923478]
l14_mean,43,shuffled,16,0.1,1.414514955110916,1.1440084722917563,[1.414514955110916]
l14_mean,43,shuffled,32,0.1,1.4148668993141313,1.1440502062598863,[1.4148668993141313]
l14_mean,43,shuffled,1,1,1.150241008714765,0.9948879712844043,[1.150241008714765]
l14_mean,43,shuffled,2,1,1.1506642820033464,0.9957010738690314,[1.1506642820033464]
l14_mean,43,shuffled,4,1,1.1502491756048452,0.9953117583764503,[1.1502491756048452]
l14_mean,43,shuffled,8,1,1.1498523194755281,0.9949385654316645,[1.1498523194755281]
l14_mean,43,shuffled,16,1,1.14964284646655,0.9947182912136615,[1.14964284646655]
l14_mean,43,shuffled,32,1,1.149552596209795,0.9945680524083574,[1.149552596209795]
l14_mean,43,shuffled,1,10,0.9043278781350788,0.8091267319184285,[0.9043278781350788]
l14_mean,43,shuffled,2,10,0.9041675009500331,0.8089419001641073,[0.9041675009500331]
l14_mean,43,shuffled,4,10,0.9039088077767566,0.8086565253767782,[0.9039088077767566]
l14_mean,43,shuffled,8,10,0.9037499278642721,0.8084924655512674,[0.9037499278642721]
l14_mean,43,shuffled,16,10,0.9037069531975653,0.8084472690027927,[0.9037069531975653]
l14_mean,43,shuffled,32,10,0.9036946617949742,0.8084282798071127,[0.9036946617949742]
l14_mean,43,random_subspace,32,0.01,0.010029477705352832,0.009616101594228,[0.010029477705352832]
l14_mean,43,random_subspace,32,0.1,0.010038773683197439,0.009627890048791854,[0.010038773683197439]
l14_mean,43,random_subspace,32,1,0.010068848834648883,0.00966320289171535,[0.010068848834648883]
l14_mean,43,random_subspace,32,10,0.010096171455141807,0.00969406398284219,[0.010096171455141807]
