representation,seed,method,split,n,mse
l0_mean,17,identity,dev,48,4.255681368121054e-06
l0_mean,17,identity,iid,48,4.255681367544183e-06
l0_mean,17,identity,joint,32,4.306218853140528e-06
l0_mean,17,identity,template,64,4.750518445479397e-06
l0_mean,17,identity,topic,96,4.227612935188874e-06
l0_mean,17,identity,train,96,4.255681367156349e-06
l0_mean,17,shift,dev,48,2.0605121150476002e-08
l0_mean,17,shift,iid,48,2.0605121302924996e-08
l0_mean,17,shift,joint,32,2.2264705911913404e-08
l0_mean,17,shift,template,64,3.0089184981492166e-08
l0_mean,17,shift,topic,96,1.6290442234482117e-08
l0_mean,17,shift,train,96,2.060512124959313e-08
l0_mean,17,rank1,dev,48,6.683802660977577e-10
l0_mean,17,rank1,iid,48,6.70073945346114e-10
l0_mean,17,rank1,joint,32,5.343127130635755e-09
l0_mean,17,rank1,template,64,6.796187532633752e-09
l0_mean,17,rank1,topic,96,3.6921932141817718e-09
l0_mean,17,rank1,train,96,6.700328514547787e-10
l0_mean,17,lowrank,dev,48,6.683802660977577e-10
l0_mean,17,lowrank,iid,48,6.70073945346114e-10
l0_mean,17,lowrank,joint,32,5.343127130635755e-09
l0_mean,17,lowrank,template,64,6.796187532633752e-09
l0_mean,17,lowrank,topic,96,3.6921932141817718e-09
l0_mean,17,lowrank,train,96,6.700328514547787e-10
l0_mean,17,full_delta,dev,48,6.683802661321475e-10
l0_mean,17,full_delta,iid,48,6.700739453792632e-10
l0_mean,17,full_delta,joint,32,5.343127130647046e-09
l0_mean,17,full_delta,template,64,6.796187532645057e-09
l0_mean,17,full_delta,topic,96,3.6921932141935616e-09
l0_mean,17,full_delta,train,96,6.700328514495543e-10
l0_mean,17,full_affine,dev,48,4.928198631178551e-07
l0_mean,17,full_affine,iid,48,4.928624462603738e-07
l0_mean,17,full_affine,joint,32,7.787962491582554e-06
l0_mean,17,full_affine,template,64,7.504027734777904e-06
l0_mean,17,full_affine,topic,96,4.8504465784299145e-06
l0_mean,17,full_affine,train,96,4.920302243469672e-07
l0_mean,17,length_shift,dev,48,2.7863202223551746e-13
l0_mean,17,length_shift,iid,48,2.786313932805414e-13
l0_mean,17,length_shift,joint,32,5.624251600191649e-13
l0_mean,17,length_shift,template,64,3.28376479430834e-13
l0_mean,17,length_shift,topic,96,2.7099897396174825e-13
l0_mean,17,length_shift,train,96,2.7863113632886916e-13
l0_mean,17,source_token_ridge,dev,48,6.398914800963579e-10
l0_mean,17,source_token_ridge,iid,48,6.413385169252347e-10
l0_mean,17,source_token_ridge,joint,32,8.351676662095149e-09
l0_mean,17,source_token_ridge,template,64,8.174027316802614e-09
l0_mean,17,source_token_ridge,topic,96,3.8513187431815054e-09
l0_mean,17,source_token_ridge,train,96,6.416374502678567e-10
l0_mean,17,shuffled,dev,48,3.76982855636077e-07
l0_mean,17,shuffled,iid,48,3.553421903154693e-07
l0_mean,17,shuffled,joint,32,3.2148684929895854e-07
l0_mean,17,shuffled,template,64,3.60937159111295e-07
l0_mean,17,shuffled,topic,96,3.582983665234632e-07
l0_mean,17,shuffled,train,96,4.0185743758638624e-07
l0_mean,17,random_subspace,dev,48,2.060048060472244e-08
l0_mean,17,random_subspace,iid,48,2.0600481151421284e-08
l0_mean,17,random_subspace,joint,32,2.2260767181232918e-08
l0_mean,17,random_subspace,template,64,3.0083763218213303e-08
l0_mean,17,random_subspace,topic,96,1.6287509820203743e-08
l0_mean,17,random_subspace,train,96,2.0600481086530352e-08
l0_mean,29,identity,dev,48,4.255681368121054e-06
l0_mean,29,identity,iid,48,4.255681367544183e-06
l0_mean,29,identity,joint,32,4.306218853140528e-06
l0_mean,29,identity,template,64,4.750518445479397e-06
l0_mean,29,identity,topic,96,4.227612935188874e-06
l0_mean,29,identity,train,96,4.255681367156349e-06
l0_mean,29,shift,dev,48,2.0580732467077232e-08
l0_mean,29,shift,iid,48,2.0580732621868205e-08
l0_mean,29,shift,joint,32,2.2083349486219747e-08
l0_mean,29,shift,template,64,2.850612118424458e-08
l0_mean,29,shift,topic,96,1.6342336965863166e-08
l0_mean,29,shift,train,96,2.0580732569610713e-08
l0_mean,29,rank1,dev,48,8.462934729451113e-10
l0_mean,29,rank1,iid,48,8.466370327955882e-10
l0_mean,29,rank1,joint,32,4.921008166489923e-09
l0_mean,29,rank1,template,64,6.3720538996870715e-09
l0_mean,29,rank1,topic,96,3.6823502984948174e-09
l0_mean,29,rank1,train,96,8.480347087086573e-10
l0_mean,29,lowrank,dev,48,8.462934729451113e-10
l0_mean,29,lowrank,iid,48,8.466370327955882e-10
l0_mean,29,lowrank,joint,32,4.921008166489923e-09
l0_mean,29,lowrank,template,64,6.3720538996870715e-09
l0_mean,29,lowrank,topic,96,3.6823502984948174e-09
l0_mean,29,lowrank,train,96,8.480347087086573e-10
l0_mean,29,full_delta,dev,48,8.462934729838592e-10
l0_mean,29,full_delta,iid,48,8.466370328294826e-10
l0_mean,29,full_delta,joint,32,4.921008166502127e-09
l0_mean,29,full_delta,template,64,6.3720538996996455e-09
l0_mean,29,full_delta,topic,96,3.682350298507856e-09
l0_mean,29,full_delta,train,96,8.480347087042512e-10
l0_mean,29,full_affine,dev,48,6.295583907202196e-07
l0_mean,29,full_affine,iid,48,6.295849074874782e-07
l0_mean,29,full_affine,joint,32,7.836086876603334e-06
l0_mean,29,full_affine,template,64,7.588577257151679e-06
l0_mean,29,full_affine,topic,96,4.855802702509659e-06
l0_mean,29,full_affine,train,96,6.287900106584442e-07
l0_mean,29,length_shift,dev,48,2.476320794615666e-13
l0_mean,29,length_shift,iid,48,2.476314399571045e-13
l0_mean,29,length_shift,joint,32,4.543960686974399e-13
l0_mean,29,length_shift,template,64,3.0183566785677396e-13
l0_mean,29,length_shift,topic,96,2.3758785542358066e-13
l0_mean,29,length_shift,train,96,2.4763120551424947e-13
l0_mean,29,source_token_ridge,dev,48,4.974585923690822e-10
l0_mean,29,source_token_ridge,iid,48,4.974163142349974e-10
l0_mean,29,source_token_ridge,joint,32,7.849056922554237e-09
l0_mean,29,source_token_ridge,template,64,7.69971927727545e-09
l0_mean,29,source_token_ridge,topic,96,3.985869212647258e-09
l0_mean,29,source_token_ridge,train,96,4.975326206898672e-10
l0_mean,29,shuffled,dev,48,3.255118652156924e-07
l0_mean,29,shuffled,iid,48,2.9637890581726525e-07
l0_mean,29,shuffled,joint,32,2.669510389360582e-07
l0_mean,29,shuffled,template,64,3.013463670440729e-07
l0_mean,29,shuffled,topic,96,3.117722121012776e-07
l0_mean,29,shuffled,train,96,3.594289795034151e-07
l0_mean,29,random_subspace,dev,48,2.057571149665346e-08
l0_mean,29,random_subspace,iid,48,2.057571173869339e-08
l0_mean,29,random_subspace,joint,32,2.2078982930113383e-08
l0_mean,29,random_subspace,template,64,2.850048968636553e-08
l0_mean,29,random_subspace,topic,96,1.6339115922751276e-08
l0_mean,29,random_subspace,train,96,2.057571204497836e-08
l0_mean,43,identity,dev,48,4.255681368121054e-06
l0_mean,43,identity,iid,48,4.255681367544183e-06
l0_mean,43,identity,joint,32,4.306218853140528e-06
l0_mean,43,identity,template,64,4.750518445479397e-06
l0_mean,43,identity,topic,96,4.227612935188874e-06
l0_mean,43,identity,train,96,4.255681367156349e-06
l0_mean,43,shift,dev,48,2.069036662983205e-08
l0_mean,43,shift,iid,48,2.0690366787863923e-08
l0_mean,43,shift,joint,32,2.1975745595873467e-08
l0_mean,43,shift,template,64,2.645860164013228e-08
l0_mean,43,shift,topic,96,1.6557544797885302e-08
l0_mean,43,shift,train,96,2.0690366737093394e-08
l0_mean,43,rank1,dev,48,7.265559692472086e-10
l0_mean,43,rank1,iid,48,7.244979431664813e-10
l0_mean,43,rank1,joint,32,4.611340495611577e-09
l0_mean,43,rank1,template,64,6.527860577258426e-09
l0_mean,43,rank1,topic,96,4.022077867979049e-09
l0_mean,43,rank1,train,96,7.282398371861185e-10
l0_mean,43,lowrank,dev,48,7.265559692472086e-10
l0_mean,43,lowrank,iid,48,7.244979431664813e-10
l0_mean,43,lowrank,joint,32,4.611340495611577e-09
l0_mean,43,lowrank,template,64,6.527860577258426e-09
l0_mean,43,lowrank,topic,96,4.022077867979049e-09
l0_mean,43,lowrank,train,96,7.282398371861185e-10
l0_mean,43,full_delta,dev,48,7.265559692885202e-10
l0_mean,43,full_delta,iid,48,7.244979432040672e-10
l0_mean,43,full_delta,joint,32,4.611340495623109e-09
l0_mean,43,full_delta,template,64,6.527860577270183e-09
l0_mean,43,full_delta,topic,96,4.022077867992536e-09
l0_mean,43,full_delta,train,96,7.282398371855735e-10
l0_mean,43,full_affine,dev,48,6.701326122801221e-07
l0_mean,43,full_affine,iid,48,6.69769853726582e-07
l0_mean,43,full_affine,joint,32,7.834186107993955e-06
l0_mean,43,full_affine,template,64,7.487832181533542e-06
l0_mean,43,full_affine,topic,96,4.881417349156919e-06
l0_mean,43,full_affine,train,96,6.685937248394532e-07
l0_mean,43,length_shift,dev,48,2.9389867515702344e-13
l0_mean,43,length_shift,iid,48,2.93897942726334e-13
l0_mean,43,length_shift,joint,32,6.679553015316578e-13
l0_mean,43,length_shift,template,64,2.77977943506062e-13
l0_mean,43,length_shift,topic,96,2.971998998627642e-13
l0_mean,43,length_shift,train,96,2.9389767446293735e-13
l0_mean,43,source_token_ridge,dev,48,7.927208813382339e-10
l0_mean,43,source_token_ridge,iid,48,7.92897743198914e-10
l0_mean,43,source_token_ridge,joint,32,7.65050689514119e-09
l0_mean,43,source_token_ridge,template,64,6.932651235385567e-09
l0_mean,43,source_token_ridge,topic,96,3.894659134481771e-09
l0_mean,43,source_token_ridge,train,96,7.933581398986254e-10
l0_mean,43,shuffled,dev,48,3.890904976063656e-07
l0_mean,43,shuffled,iid,48,3.446620488990262e-07
l0_mean,43,shuffled,joint,32,2.5304142146428016e-07
l0_mean,43,shuffled,template,64,2.673190859704639e-07
l0_mean,43,shuffled,topic,96,3.365368813524814e-07
l0_mean,43,shuffled,train,96,4.0332801359320713e-07
l0_mean,43,random_subspace,dev,48,2.0674149440110883e-08
l0_mean,43,random_subspace,iid,48,2.0674147932922463e-08
l0_mean,43,random_subspace,joint,32,2.1961639981426565e-08
l0_mean,43,random_subspace,template,64,2.644241131923361e-08
l0_mean,43,random_subspace,topic,96,1.6547361869076303e-08
l0_mean,43,random_subspace,train,96,2.067415091810237e-08
l14_mean,17,identity,dev,48,0.03176499300648138
l14_mean,17,identity,iid,48,0.03200541412870405
l14_mean,17,identity,joint,32,0.02997015254438849
l14_mean,17,identity,template,64,0.032640281029168355
l14_mean,17,identity,topic,96,0.03085483720197629
l14_mean,17,identity,train,96,0.03196076448849458
l14_mean,17,shift,dev,48,0.010065146941087922
l14_mean,17,shift,iid,48,0.01043866186279687
l14_mean,17,shift,joint,32,0.012835847234963381
l14_mean,17,shift,template,64,0.013672766526302811
l14_mean,17,shift,topic,96,0.009584224347917829
l14_mean,17,shift,train,96,0.01027409417940336
l14_mean,17,rank1,dev,48,0.008090961016783254
l14_mean,17,rank1,iid,48,0.008287600493135963
l14_mean,17,rank1,joint,32,0.012170455543785565
l14_mean,17,rank1,template,64,0.012948883075661003
l14_mean,17,rank1,topic,96,0.007448458419054511
l14_mean,17,rank1,train,96,0.008174092150059762
l14_mean,17,lowrank,dev,48,0.002825956986991498
l14_mean,17,lowrank,iid,48,0.002863892898909043
l14_mean,17,lowrank,joint,32,0.01236573913140675
l14_mean,17,lowrank,template,64,0.01289798221886411
l14_mean,17,lowrank,topic,96,0.0036633034849777603
l14_mean,17,lowrank,train,96,0.0017764225132910932
l14_mean,17,full_delta,dev,48,0.0023066462914757644
l14_mean,17,full_delta,iid,48,0.002353697379719292
l14_mean,17,full_delta,joint,32,0.012306458045789354
l14_mean,17,full_delta,template,64,0.012850536609575133
l14_mean,17,full_delta,topic,96,0.0034685300508353616
l14_mean,17,full_delta,train,96,0.001260871888246809
l14_mean,17,full_affine,dev,48,0.00549084757951845
l14_mean,17,full_affine,iid,48,0.005626839515972852
l14_mean,17,full_affine,joint,32,0.043308308405857796
l14_mean,17,full_affine,template,64,0.04259372198368879
l14_mean,17,full_affine,topic,96,0.02315034679734494
l14_mean,17,full_affine,train,96,0.004053451686256085
l14_mean,17,length_shift,dev,48,0.009708254021813287
l14_mean,17,length_shift,iid,48,0.010058158132027512
l14_mean,17,length_shift,joint,32,0.01404119438973206
l14_mean,17,length_shift,template,64,0.01447714221738123
l14_mean,17,length_shift,topic,96,0.009448391691840564
l14_mean,17,length_shift,train,96,0.009738450538026355
l14_mean,17,source_token_ridge,dev,48,0.003914409551695437
l14_mean,17,source_token_ridge,iid,48,0.003941482571062627
l14_mean,17,source_token_ridge,joint,32,0.012532874922588255
l14_mean,17,source_token_ridge,template,64,0.01340678232357829
l14_mean,17,source_token_ridge,topic,96,0.005112763594931298
l14_mean,17,source_token_ridge,train,96,0.001974947741163715
l14_mean,17,shuffled,dev,48,0.5745486019097609
l14_mean,17,shuffled,iid,48,0.5745231808768938
l14_mean,17,shuffled,joint,32,0.6239873615959135
l14_mean,17,shuffled,template,64,0.8375185609614291
l14_mean,17,shuffled,topic,96,0.45137602573680774
l14_mean,17,shuffled,train,96,0.5723454019852291
l14_mean,17,random_subspace,dev,48,0.010002789026546102
l14_mean,17,random_subspace,iid,48,0.010371512681046118
l14_mean,17,random_subspace,joint,32,0.012834452703178872
l14_mean,17,random_subspace,template,64,0.013665046300101591
l14_mean,17,random_subspace,topic,96,0.009536242497900627
l14_mean,17,random_subspace,train,96,0.01019849968901335
l14_mean,29,identity,dev,48,0.03176499300648138
l14_mean,29,identity,iid,48,0.03200541412870405
l14_mean,29,identity,joint,32,0.02997015254438849
l14_mean,29,identity,template,64,0.032640281029168355
l14_mean,29,identity,topic,96,0.03085483720197629
l14_mean,29,identity,train,96,0.03196076448849458
l14_mean,29,shift,dev,48,0.01010483727578393
l14_mean,29,shift,iid,48,0.010480859027206588
l14_mean,29,shift,joint,32,0.012951736850031995
l14_mean,29,shift,template,64,0.013805325454945477
l14_mean,29,shift,topic,96,0.009627722720052911
l14_mean,29,shift,train,96,0.010310691237317529
l14_mean,29,rank1,dev,48,0.008097163799691635
l14_mean,29,rank1,iid,48,0.008296538701102201
l14_mean,29,rank1,joint,32,0.012363082411301709
l14_mean,29,rank1,template,64,0.013163136632832095
l14_mean,29,rank1,topic,96,0.007435123398915461
l14_mean,29,rank1,train,96,0.008184569630564886
l14_mean,29,lowrank,dev,48,0.002731269203024413
l14_mean,29,lowrank,iid,48,0.0027386591721374975
l14_mean,29,lowrank,joint,32,0.012063506505933925
l14_mean,29,lowrank,template,64,0.01276393792562644
l14_mean,29,lowrank,topic,96,0.003545234705651136
l14_mean,29,lowrank,train,96,0.001715262135852853
l14_mean,29,full_delta,dev,48,0.002243453675973343
l14_mean,29,full_delta,iid,48,0.002240666688172246
l14_mean,29,full_delta,joint,32,0.012082393173557145
l14_mean,29,full_delta,template,64,0.012740191378612606
l14_mean,29,full_delta,topic,96,0.003395201570500255
l14_mean,29,full_delta,train,96,0.0012426674516721164
l14_mean,29,full_affine,dev,48,0.005575129039963239
l14_mean,29,full_affine,iid,48,0.005645345777544022
l14_mean,29,full_affine,joint,32,0.0427765702739388
l14_mean,29,full_affine,template,64,0.04210611866292886
l14_mean,29,full_affine,topic,96,0.02297710838483857
l14_mean,29,full_affine,train,96,0.004219841807185457
l14_mean,29,length_shift,dev,48,0.00982272251013746
l14_mean,29,length_shift,iid,48,0.01018331354163319
l14_mean,29,length_shift,joint,32,0.013618761113572634
l14_mean,29,length_shift,template,64,0.014124003107247745
l14_mean,29,length_shift,topic,96,0.009374876952997093
l14_mean,29,length_shift,train,96,0.00985209330725856
l14_mean,29,source_token_ridge,dev,48,0.00372155771757373
l14_mean,29,source_token_ridge,iid,48,0.0036243232920779357
l14_mean,29,source_token_ridge,joint,32,0.012667626987554473
l14_mean,29,source_token_ridge,template,64,0.013324576596997439
l14_mean,29,source_token_ridge,topic,96,0.005041217600696508
l14_mean,29,source_token_ridge,train,96,0.0019235468821056703
l14_mean,29,shuffled,dev,48,0.6856856754191859
l14_mean,29,shuffled,iid,48,0.682894613827306
l14_mean,29,shuffled,joint,32,0.741461475940949
l14_mean,29,shuffled,template,64,0.9486222397010778
l14_mean,29,shuffled,topic,96,0.5461372513644069
l14_mean,29,shuffled,train,96,0.6826552991689163
l14_mean,29,random_subspace,dev,48,0.010027065756514223
l14_mean,29,random_subspace,iid,48,0.01039799838504223
l14_mean,29,random_subspace,joint,32,0.012939927322727498
l14_mean,29,random_subspace,template,64,0.013791974608800911
l14_mean,29,random_subspace,topic,96,0.009564145744074111
l14_mean,29,random_subspace,train,96,0.010225546852656406
l14_mean,43,identity,dev,48,0.03176499300648138
l14_mean,43,identity,iid,48,0.03200541412870405
l14_mean,43,identity,joint,32,0.02997015254438849
l14_mean,43,identity,template,64,0.032640281029168355
l14_mean,43,identity,topic,96,0.03085483720197629
l14_mean,43,identity,train,96,0.03196076448849458
l14_mean,43,shift,dev,48,0.010104322982041851
l14_mean,43,shift,iid,48,0.01047308655510939
l14_mean,43,shift,joint,32,0.013071148898838713
l14_mean,43,shift,template,64,0.013951220107064373
l14_mean,43,shift,topic,96,0.009634985185051218
l14_mean,43,shift,train,96,0.010310490391453783
l14_mean,43,rank1,dev,48,0.00812548046017502
l14_mean,43,rank1,iid,48,0.008364416990554464
l14_mean,43,rank1,joint,32,0.012539545169434233
l14_mean,43,rank1,template,64,0.013432005945773172
l14_mean,43,rank1,topic,96,0.0075114533570267384
l14_mean,43,rank1,train,96,0.008232422725570161
l14_mean,43,lowrank,dev,48,0.003024178763047655
l14_mean,43,lowrank,iid,48,0.002892479181262382
l14_mean,43,lowrank,joint,32,0.012339385018978008
l14_mean,43,lowrank,template,64,0.013045432949928347
l14_mean,43,lowrank,topic,96,0.003601111521150045
l14_mean,43,lowrank,train,96,0.0018817471164805366
l14_mean,43,full_delta,dev,48,0.002563036121952478
l14_mean,43,full_delta,iid,48,0.0024019834868504336
l14_mean,43,full_delta,joint,32,0.012341764971328656
l14_mean,43,full_delta,template,64,0.01303168837793144
l14_mean,43,full_delta,topic,96,0.0034344249854154824
l14_mean,43,full_delta,train,96,0.0014196478047475774
l14_mean,43,full_affine,dev,48,0.006315328628601274
l14_mean,43,full_affine,iid,48,0.0061498843853797615
l14_mean,43,full_affine,joint,32,0.04303912197103772
l14_mean,43,full_affine,template,64,0.041831723099584064
l14_mean,43,full_affine,topic,96,0.02294256249908978
l14_mean,43,full_affine,train,96,0.004830492066965112
l14_mean,43,length_shift,dev,48,0.009786646012701876
l14_mean,43,length_shift,iid,48,0.010100933074309688
l14_mean,43,length_shift,joint,32,0.013826573186956062
l14_mean,43,length_shift,template,64,0.014496801202982978
l14_mean,43,length_shift,topic,96,0.009588256390352046
l14_mean,43,length_shift,train,96,0.009860421613654087
l14_mean,43,source_token_ridge,dev,48,0.00432538206175203
l14_mean,43,source_token_ridge,iid,48,0.004023499287948674
l14_mean,43,source_token_ridge,joint,32,0.012589241323913168
l14_mean,43,source_token_ridge,template,64,0.013775852523810207
l14_mean,43,source_token_ridge,topic,96,0.00507642934547227
l14_mean,43,source_token_ridge,train,96,0.0022709520596629834
l14_mean,43,shuffled,dev,48,0.9036946617949742
l14_mean,43,shuffled,iid,48,0.8976436108487108
l14_mean,43,shuffled,joint,32,0.9476688224721814
l14_mean,43,shuffled,template,64,1.1421864690067318
l14_mean,43,shuffled,topic,96,0.716484457212998
l14_mean,43,shuffled,train,96,0.8957447631801639
l14_mean,43,random_subspace,dev,48,0.010029477705352832
l14_mean,43,random_subspace,iid,48,0.01039409765200573
l14_mean,43,random_subspace,joint,32,0.013056762026217274
l14_mean,43,random_subspace,template,64,0.01393686707076489
l14_mean,43,random_subspace,topic,96,0.009574241444336058
l14_mean,43,random_subspace,train,96,0.010225613385910859
