comparison,representation,split,mode,metric,cluster_unit,n_base,n_clusters,difference,ci95_low,ci95_high,ci975_low,ci975_high
lowrank_minus_surface,l0_mean,iid,unseen,recall1,cluster,48,48,0.0,0.0,0.0,0.0,0.0
lowrank_minus_surface,l0_mean,iid,unseen,recall1,topic,48,8,0.0,0.0,0.0,0.0,0.0
lowrank_minus_surface,l0_mean,iid,seen,recall1,cluster,48,48,0.0,0.0,0.0,0.0,0.0
lowrank_minus_surface,l0_mean,iid,seen,recall1,topic,48,8,0.0,0.0,0.0,0.0,0.0
lowrank_minus_surface,l0_mean,topic,seen,recall1,cluster,96,24,0.0,0.0,0.0,0.0,0.0
lowrank_minus_surface,l0_mean,topic,seen,recall1,topic,96,4,0.0,0.0,0.0,0.0,0.0
lowrank_minus_surface,l0_mean,topic,unseen,recall1,cluster,96,24,0.0,0.0,0.0,0.0,0.0
lowrank_minus_surface,l0_mean,topic,unseen,recall1,topic,96,4,0.0,0.0,0.0,0.0,0.0
lowrank_minus_surface,l0_mean,template,seen,recall1,cluster,64,16,0.0625,0.0,0.1875,0.0,0.25
lowrank_minus_surface,l0_mean,template,seen,recall1,topic,64,8,0.0625,0.0,0.1875,0.0,0.1875
lowrank_minus_surface,l0_mean,joint,unseen,recall1,cluster,32,8,0.0,0.0,0.0,0.0,0.0
lowrank_minus_surface,l0_mean,joint,unseen,recall1,topic,32,4,0.0,0.0,0.0,0.0,0.0
lowrank_minus_surface,l14_mean,iid,unseen,recall1,cluster,48,48,0.020833333333333332,-0.034809027777777786,0.08680555555555557,-0.045138888888888895,0.1007378472222224
lowrank_minus_surface,l14_mean,iid,unseen,recall1,topic,48,8,0.020833333333333332,-0.03125000000000001,0.06944444444444446,-0.03472222222222223,0.07296006944444462
lowrank_minus_surface,l14_mean,iid,seen,recall1,cluster,48,48,0.024305555555555552,0.006944444444444443,0.04513888888888889,0.006944444444444443,0.048611111111111105
lowrank_minus_surface,l14_mean,iid,seen,recall1,topic,48,8,0.024305555555555552,0.010416666666666664,0.041666666666666664,0.006944444444444443,0.04513888888888889
lowrank_minus_surface,l14_mean,topic,seen,recall1,cluster,96,24,0.109375,0.057291666666666664,0.1597222222222222,0.052083333333333336,0.16842447916666672
lowrank_minus_surface,l14_mean,topic,seen,recall1,topic,96,4,0.109375,0.09722222222222221,0.11805555555555554,0.0954861111111111,0.11805555555555557
lowrank_minus_surface,l14_mean,topic,unseen,recall1,cluster,96,24,0.15624999999999997,0.10416666666666667,0.21006944444444442,0.09720052083333332,0.21877170138888896
lowrank_minus_surface,l14_mean,topic,unseen,recall1,topic,96,4,0.15624999999999997,0.1440972222222222,0.1684027777777778,0.14236111111111113,0.17013888888888887
lowrank_minus_surface,l14_mean,template,seen,recall1,cluster,64,16,-0.01822916666666667,-0.078125,0.0234375,-0.09114583333333333,0.02864583333333333
lowrank_minus_surface,l14_mean,template,seen,recall1,topic,64,8,-0.01822916666666667,-0.07291666666666667,0.020833333333333336,-0.08333333333333334,0.0234375
lowrank_minus_surface,l14_mean,joint,unseen,recall1,cluster,32,8,0.046875000000000014,-0.03645833333333333,0.140625,-0.04694010416666666,0.15104166666666669
lowrank_minus_surface,l14_mean,joint,unseen,recall1,topic,32,4,0.046875000000000014,-0.010416666666666671,0.10416666666666667,-0.015624999999999993,0.11458333333333334
lowrank_minus_surface,l14_last,iid,unseen,recall1,cluster,48,48,0.045138888888888874,0.013888888888888888,0.0798611111111111,0.013888888888888886,0.08680555555555554
lowrank_minus_surface,l14_last,iid,unseen,recall1,topic,48,8,0.045138888888888874,0.02083333333333333,0.07638888888888888,0.01736111111111111,0.08333333333333333
lowrank_minus_surface,l14_last,iid,seen,recall1,cluster,48,48,0.006944444444444443,0.0,0.01736111111111111,0.0,0.01736111111111111
lowrank_minus_surface,l14_last,iid,seen,recall1,topic,48,8,0.006944444444444443,0.0,0.013888888888888886,0.0,0.01736111111111111
lowrank_minus_surface,l14_last,topic,seen,recall1,cluster,96,24,0.022569444444444444,-0.017361111111111115,0.0625,-0.022569444444444448,0.0694661458333334
lowrank_minus_surface,l14_last,topic,seen,recall1,topic,96,4,0.022569444444444444,-0.02083333333333334,0.06597222222222222,-0.02777777777777778,0.07465277777777778
lowrank_minus_surface,l14_last,topic,unseen,recall1,cluster,96,24,0.1232638888888889,0.057291666666666664,0.1909722222222222,0.04858940972222222,0.19793836805555562
lowrank_minus_surface,l14_last,topic,unseen,recall1,topic,96,4,0.1232638888888889,0.08333333333333333,0.16319444444444445,0.07986111111111112,0.171875
lowrank_minus_surface,l14_last,template,seen,recall1,cluster,64,16,0.13020833333333331,0.03645833333333333,0.2265625,0.023437500000000003,0.234375
lowrank_minus_surface,l14_last,template,seen,recall1,topic,64,8,0.13020833333333331,0.03385416666666666,0.21354166666666669,0.020833333333333336,0.22395833333333334
lowrank_minus_surface,l14_last,joint,unseen,recall1,cluster,32,8,0.16145833333333331,0.03645833333333333,0.296875,0.020833333333333325,0.31770833333333337
lowrank_minus_surface,l14_last,joint,unseen,recall1,topic,32,4,0.16145833333333331,0.05208333333333333,0.2708333333333333,0.046875,0.30208333333333337
lowrank_minus_surface,l28_last,iid,unseen,recall1,cluster,48,48,0.1875,0.10416666666666667,0.2673611111111111,0.090234375,0.28125
lowrank_minus_surface,l28_last,iid,unseen,recall1,topic,48,8,0.1875,0.09722222222222221,0.2881944444444445,0.08680555555555557,0.3055555555555555
lowrank_minus_surface,l28_last,iid,seen,recall1,cluster,48,48,0.1597222222222222,0.09722222222222221,0.22569444444444442,0.09027777777777778,0.23263888888888887
lowrank_minus_surface,l28_last,iid,seen,recall1,topic,48,8,0.1597222222222222,0.10069444444444443,0.2152777777777778,0.09375,0.22222222222222224
lowrank_minus_surface,l28_last,topic,seen,recall1,cluster,96,24,0.2881944444444445,0.20486111111111113,0.3680555555555556,0.19270833333333334,0.3819444444444444
lowrank_minus_surface,l28_last,topic,seen,recall1,topic,96,4,0.2881944444444445,0.19791666666666666,0.3611111111111111,0.19791666666666666,0.37152777777777773
lowrank_minus_surface,l28_last,topic,unseen,recall1,cluster,96,24,0.34375,0.2586805555555556,0.4253906249999998,0.2465277777777778,0.4392578125000001
lowrank_minus_surface,l28_last,topic,unseen,recall1,topic,96,4,0.34375,0.3142361111111111,0.3645833333333333,0.3107638888888889,0.3663194444444445
lowrank_minus_surface,l28_last,template,seen,recall1,cluster,64,16,0.21875,0.15364583333333331,0.27604166666666663,0.14583333333333331,0.2838541666666667
lowrank_minus_surface,l28_last,template,seen,recall1,topic,64,8,0.21875,0.15625,0.28125,0.14583333333333334,0.28652343750000026
lowrank_minus_surface,l28_last,joint,unseen,recall1,cluster,32,8,0.21354166666666669,0.109375,0.3751302083333326,0.10416666666666666,0.390625
lowrank_minus_surface,l28_last,joint,unseen,recall1,topic,32,4,0.21354166666666669,0.09895833333333333,0.40625,0.09375,0.41145833333333337
context_minus_embedding,cross_layer,iid,unseen,recall1,cluster,48,48,0.6944444444444443,0.638888888888889,0.7534722222222223,0.6284722222222222,0.7638888888888888
context_minus_embedding,cross_layer,iid,unseen,recall1,topic,48,8,0.6944444444444443,0.65625,0.732638888888889,0.6493055555555556,0.7361111111111112
context_minus_embedding,cross_layer,topic,unseen,recall1,cluster,96,24,0.6649305555555555,0.6006944444444445,0.732638888888889,0.59375,0.7396050347222224
context_minus_embedding,cross_layer,topic,unseen,recall1,topic,96,4,0.6649305555555555,0.6458333333333334,0.6875,0.6458333333333334,0.6927083333333334
context_minus_embedding,cross_layer,joint,unseen,recall1,cluster,32,8,0.3333333333333333,0.20833333333333331,0.4376302083333326,0.1875,0.453125
context_minus_embedding,cross_layer,joint,unseen,recall1,topic,32,4,0.3333333333333333,0.21875,0.4479166666666667,0.21354166666666666,0.453125
C_full_affine_minus_lowrank,l28_last,new_matched,five,recall1,cluster,96,24,0.4305555555555556,0.3159722222222222,0.545225694444444,0.3020833333333333,0.5625
C_full_affine_minus_lowrank,l28_last,new_matched,five,recall1,topic,96,2,0.4305555555555556,0.2569444444444445,0.6041666666666666,0.2569444444444445,0.6041666666666666
