layer,pool,seed,rank,alpha,dev_mse,full_delta_alpha,full_affine_alpha,random_alpha
0,last,17,1,0.01,0.0,0.01,0.01,0.01
0,last,29,1,0.01,0.0,0.01,0.01,0.01
0,last,43,1,0.01,0.0,0.01,0.01,0.01
0,mean,17,32,0.01,2.606803134353139e-07,0.01,0.01,0.01
0,mean,29,32,0.01,5.0896608894052974e-08,0.01,0.01,0.01
0,mean,43,32,0.1,2.5996895306945144e-07,0.01,0.01,0.01
5,last,17,32,0.1,0.0014981978719628714,0.1,0.01,0.1
5,last,29,32,0.01,0.0015705361053915106,0.01,0.01,0.01
5,last,43,32,0.01,0.001566505087933003,0.01,0.01,0.01
5,mean,17,32,0.01,0.28969793970664254,0.01,0.01,0.01
5,mean,29,32,0.01,0.26930225281037856,0.01,0.01,0.01
5,mean,43,32,0.01,0.270170296026159,0.01,0.01,0.01
9,last,17,32,0.1,0.02673533055849464,0.1,0.01,0.1
9,last,29,32,0.1,0.02837698702861079,0.1,0.01,0.01
9,last,43,32,0.1,0.027982812725164796,0.1,0.01,0.01
9,mean,17,32,0.01,0.29154208778086765,0.01,0.01,0.01
9,mean,29,32,0.01,0.25260313864974154,0.01,0.01,0.01
9,mean,43,32,0.01,0.2851243727737555,0.01,0.01,0.01
14,last,17,32,0.1,0.08425462140129221,0.1,0.1,0.1
14,last,29,32,0.1,0.08769174159224709,0.1,0.1,0.1
14,last,43,32,0.1,0.08641917947377979,0.1,0.1,0.1
14,mean,17,32,0.01,0.34046922457077766,0.01,0.01,0.01
14,mean,29,32,0.01,0.28531088210420535,0.01,0.01,0.01
14,mean,43,32,0.01,0.34248758190141276,0.01,0.01,0.01
19,last,17,32,0.1,0.1672929048032656,0.1,0.1,0.1
19,last,29,32,0.1,0.17339300598329854,0.1,0.1,0.1
19,last,43,32,0.1,0.17443436483174593,0.1,0.1,0.1
19,mean,17,32,0.01,0.3457242327128182,0.01,0.01,0.01
19,mean,29,32,0.01,0.28871921589433186,0.01,0.01,0.01
19,mean,43,32,0.01,0.35469537022261566,0.01,0.01,0.01
23,last,17,32,0.1,0.7080936090243218,0.1,0.1,0.1
23,last,29,32,0.1,0.7235573818629167,0.1,0.1,0.1
23,last,43,32,0.1,0.7425381918720602,0.1,0.1,0.1
23,mean,17,32,0.01,0.3417841922980555,0.01,0.01,0.01
23,mean,29,32,0.01,0.23539038173977533,0.01,0.01,0.01
23,mean,43,32,0.01,0.36599611806912674,0.01,0.01,0.01
28,last,17,32,0.1,1.4994422176686315,0.1,0.1,0.1
28,last,29,32,1,1.5284614345808027,0.1,0.1,1
28,last,43,32,0.1,1.5623823476998293,0.1,0.1,1
28,mean,17,32,0.1,0.09476002908705206,0.1,0.01,0.1
28,mean,29,32,0.01,0.09512139584675594,0.1,0.01,0.1
28,mean,43,32,0.1,0.0983289593453238,0.1,0.01,0.1
