layer,pool,seed,rank,alpha,dev_mse,train_mse
0,last,17,1,0.01,0.0,0.0
0,last,17,1,0.1,0.0,0.0
0,last,17,1,1,0.0,0.0
0,last,17,1,10,0.0,0.0
0,last,17,2,0.01,0.0,0.0
0,last,17,2,0.1,0.0,0.0
0,last,17,2,1,0.0,0.0
0,last,17,2,10,0.0,0.0
0,last,17,4,0.01,0.0,0.0
0,last,17,4,0.1,0.0,0.0
0,last,17,4,1,0.0,0.0
0,last,17,4,10,0.0,0.0
0,last,17,8,0.01,0.0,0.0
0,last,17,8,0.1,0.0,0.0
0,last,17,8,1,0.0,0.0
0,last,17,8,10,0.0,0.0
0,last,17,16,0.01,0.0,0.0
0,last,17,16,0.1,0.0,0.0
0,last,17,16,1,0.0,0.0
0,last,17,16,10,0.0,0.0
0,last,17,32,0.01,0.0,0.0
0,last,17,32,0.1,0.0,0.0
0,last,17,32,1,0.0,0.0
0,last,17,32,10,0.0,0.0
0,last,17,full,0.01,0.0,0.0
0,last,17,full,0.1,0.0,0.0
0,last,17,full,1,0.0,0.0
0,last,17,full,10,0.0,0.0
0,last,29,1,0.01,0.0,0.0
0,last,29,1,0.1,0.0,0.0
0,last,29,1,1,0.0,0.0
0,last,29,1,10,0.0,0.0
0,last,29,2,0.01,0.0,0.0
0,last,29,2,0.1,0.0,0.0
0,last,29,2,1,0.0,0.0
0,last,29,2,10,0.0,0.0
0,last,29,4,0.01,0.0,0.0
0,last,29,4,0.1,0.0,0.0
0,last,29,4,1,0.0,0.0
0,last,29,4,10,0.0,0.0
0,last,29,8,0.01,0.0,0.0
0,last,29,8,0.1,0.0,0.0
0,last,29,8,1,0.0,0.0
0,last,29,8,10,0.0,0.0
0,last,29,16,0.01,0.0,0.0
0,last,29,16,0.1,0.0,0.0
0,last,29,16,1,0.0,0.0
0,last,29,16,10,0.0,0.0
0,last,29,32,0.01,0.0,0.0
0,last,29,32,0.1,0.0,0.0
0,last,29,32,1,0.0,0.0
0,last,29,32,10,0.0,0.0
0,last,29,full,0.01,0.0,0.0
0,last,29,full,0.1,0.0,0.0
0,last,29,full,1,0.0,0.0
0,last,29,full,10,0.0,0.0
0,last,43,1,0.01,0.0,0.0
0,last,43,1,0.1,0.0,0.0
0,last,43,1,1,0.0,0.0
0,last,43,1,10,0.0,0.0
0,last,43,2,0.01,0.0,0.0
0,last,43,2,0.1,0.0,0.0
0,last,43,2,1,0.0,0.0
0,last,43,2,10,0.0,0.0
0,last,43,4,0.01,0.0,0.0
0,last,43,4,0.1,0.0,0.0
0,last,43,4,1,0.0,0.0
0,last,43,4,10,0.0,0.0
0,last,43,8,0.01,0.0,0.0
0,last,43,8,0.1,0.0,0.0
0,last,43,8,1,0.0,0.0
0,last,43,8,10,0.0,0.0
0,last,43,16,0.01,0.0,0.0
0,last,43,16,0.1,0.0,0.0
0,last,43,16,1,0.0,0.0
0,last,43,16,10,0.0,0.0
0,last,43,32,0.01,0.0,0.0
0,last,43,32,0.1,0.0,0.0
0,last,43,32,1,0.0,0.0
0,last,43,32,10,0.0,0.0
0,last,43,full,0.01,0.0,0.0
0,last,43,full,0.1,0.0,0.0
0,last,43,full,1,0.0,0.0
0,last,43,full,10,0.0,0.0
0,mean,17,1,0.01,4.4098668084925875e-07,2.9729506512562816e-07
0,mean,17,1,0.1,4.4216085522429217e-07,2.975894192750255e-07
0,mean,17,1,1,4.494810788648885e-07,3.0571930873480827e-07
0,mean,17,1,10,4.862416158484977e-07,3.8653705875552627e-07
0,mean,17,2,0.01,3.4139019865687097e-07,1.5065918287674686e-07
0,mean,17,2,0.1,3.448269355537834e-07,1.5108513719891854e-07
0,mean,17,2,1,3.6756728173080927e-07,1.625663653146957e-07
0,mean,17,2,10,4.552431789693341e-07,2.9152950111427e-07
0,mean,17,4,0.01,3.26731614462332e-07,1.2446780377048904e-07
0,mean,17,4,0.1,3.297921092222867e-07,1.2491678143139479e-07
0,mean,17,4,1,3.518062515668534e-07,1.3671076476683082e-07
0,mean,17,4,10,4.4046797301506255e-07,2.707052481869606e-07
0,mean,17,8,0.01,3.0763060576469735e-07,8.740143707897711e-08
0,mean,17,8,0.1,3.1009087636135627e-07,8.788612824985194e-08
0,mean,17,8,1,3.3077691258043136e-07,1.0038023629693006e-07
0,mean,17,8,10,4.239160200647353e-07,2.44704972266777e-07
0,mean,17,16,0.01,2.841664409034974e-07,4.551777411651084e-08
0,mean,17,16,0.1,2.8597690276156913e-07,4.605392283490046e-08
0,mean,17,16,1,3.0601215762882563e-07,6.012648459101615e-08
0,mean,17,16,10,4.085073693639209e-07,2.2192430698863104e-07
0,mean,17,32,0.01,2.606803134353139e-07,1.4234391083532962e-08
0,mean,17,32,0.1,2.620199757207648e-07,1.4893144696399812e-08
0,mean,17,32,1,2.833777276486294e-07,3.291365372913748e-08
0,mean,17,32,10,4.000250699805886e-07,2.12194112798227e-07
0,mean,17,full,0.01,2.395726835471662e-07,1.7199448358564488e-09
0,mean,17,full,0.1,2.416795855519424e-07,2.824152097427421e-09
0,mean,17,full,1,2.7195302421926137e-07,2.5719413637141263e-08
0,mean,17,full,10,3.980050322250243e-07,2.108501858085327e-07
0,mean,29,1,0.01,4.1788500433909617e-07,2.7379592166502706e-07
0,mean,29,1,0.1,4.183320385533711e-07,2.7408853847847836e-07
0,mean,29,1,1,4.2767254213287033e-07,2.8179682210915397e-07
0,mean,29,1,10,4.811594218347543e-07,3.402545844600606e-07
0,mean,29,2,0.01,3.3033316834838685e-07,1.8754625295462812e-07
0,mean,29,2,0.1,3.324590267266247e-07,1.8814849960719375e-07
0,mean,29,2,1,3.5932144187801953e-07,2.033510513481341e-07
0,mean,29,2,10,4.6056220015486915e-07,3.0559100179866456e-07
0,mean,29,4,0.01,1.4912416363924056e-07,1.2967006991762023e-07
0,mean,29,4,0.1,1.6084435301721313e-07,1.3223402656670496e-07
0,mean,29,4,1,2.883872958357145e-07,1.6494273721252633e-07
0,mean,29,4,10,4.452815088085643e-07,2.818582649916036e-07
0,mean,29,8,0.01,1.104455871280559e-07,8.983268445349249e-08
0,mean,29,8,0.1,1.1962117004513515e-07,9.24594015627188e-08
0,mean,29,8,1,2.334138786443121e-07,1.26080361939101e-07
0,mean,29,8,10,4.147018442498916e-07,2.5558186624853695e-07
0,mean,29,16,0.01,7.805285777137525e-08,4.723482854367006e-08
0,mean,29,16,0.1,8.667210557629356e-08,4.992966409735079e-08
0,mean,29,16,1,1.980892737494684e-07,8.527403926915768e-08
0,mean,29,16,10,3.9188092881098324e-07,2.3329596132038046e-07
0,mean,29,32,0.01,5.0896608894052974e-08,1.5838310082324722e-08
0,mean,29,32,0.1,5.9332779864929197e-08,1.8654941882070083e-08
0,mean,29,32,1,1.7386557998860316e-07,5.767025942245198e-08
0,mean,29,32,10,3.830989630665092e-07,2.234085153504578e-07
0,mean,29,full,0.01,2.745273368331986e-08,1.2295525671358131e-09
0,mean,29,full,0.1,3.682010937848721e-08,4.494037410597904e-09
0,mean,29,full,1,1.6041889695287903e-07,4.86486496354654e-08
0,mean,29,full,10,3.805026713250778e-07,2.215942551433377e-07
0,mean,43,1,0.01,4.436731053319876e-07,2.695644623274272e-07
0,mean,43,1,0.1,4.434520491974091e-07,2.698918197282738e-07
0,mean,43,1,1,4.4963286884086264e-07,2.7912878394787864e-07
0,mean,43,1,10,4.888821348232715e-07,3.7523388426539063e-07
0,mean,43,2,0.01,3.3720207130076496e-07,1.4089891104194363e-07
0,mean,43,2,0.1,3.3785109942832517e-07,1.413237590045326e-07
0,mean,43,2,1,3.539030739623771e-07,1.5321062348310663e-07
0,mean,43,2,10,4.441185676219514e-07,2.8912190859695883e-07
0,mean,43,4,0.01,3.238351246411524e-07,1.1503600833251779e-07
0,mean,43,4,0.1,3.240595283206199e-07,1.1549096336032955e-07
0,mean,43,4,1,3.394868020026653e-07,1.2763927386934063e-07
0,mean,43,4,10,4.313025917009183e-07,2.679011238087591e-07
0,mean,43,8,0.01,2.9956777655937257e-07,7.980954277337281e-08
0,mean,43,8,0.1,2.993841110171256e-07,8.029509189644525e-08
0,mean,43,8,1,3.145211659223347e-07,9.302928511967881e-08
0,mean,43,8,10,4.125813346080233e-07,2.4319776917126986e-07
0,mean,43,16,0.01,2.833608180153526e-07,4.217447995530378e-08
0,mean,43,16,0.1,2.823757518363547e-07,4.272661635349356e-08
0,mean,43,16,1,2.95699244787235e-07,5.7009778234088395e-08
0,mean,43,16,10,3.99803453535522e-07,2.2291915512940614e-07
0,mean,43,32,0.01,2.6165248371739495e-07,1.4112090723237381e-08
0,mean,43,32,0.1,2.5996895306945144e-07,1.479504202152457e-08
0,mean,43,32,1,2.7472755333818605e-07,3.276520734904274e-08
0,mean,43,32,10,3.9239143946545304e-07,2.145898543812857e-07
0,mean,43,full,0.01,2.3688691810898367e-07,2.144218196775003e-09
0,mean,43,full,0.1,2.3730453796485818e-07,3.2491554293871635e-09
0,mean,43,full,1,2.6227944640561247e-07,2.5664641930243594e-08
0,mean,43,full,10,3.9010140039095767e-07,2.1321813523308048e-07
5,last,17,1,0.01,0.003701817936222809,0.003931909383560141
5,last,17,1,0.1,0.0037006559127330334,0.003933330427843442
5,last,17,1,1,0.0037064210427790096,0.003942719839733219
5,last,17,1,10,0.003735283583901574,0.003999292987049878
5,last,17,2,0.01,0.003475142286779848,0.003508249013400792
5,last,17,2,0.1,0.0034722968964154724,0.003511351434222245
5,last,17,2,1,0.0034735585448095346,0.003536228216800482
5,last,17,2,10,0.003556659871842168,0.0037222723315140233
5,last,17,4,0.01,0.0029653824505324355,0.0028625681724880492
5,last,17,4,0.1,0.002962978831833884,0.0028684193551340594
5,last,17,4,1,0.002991457694549806,0.0029165812966479104
5,last,17,4,10,0.003219362385412091,0.0032471331019502643
5,last,17,8,0.01,0.0025441596537905393,0.0020834067163037324
5,last,17,8,0.1,0.0025426924920029,0.0020927711647005564
5,last,17,8,1,0.002581166283862519,0.0021719093494993466
5,last,17,8,10,0.0029256517996117614,0.0027663297634311045
5,last,17,16,0.01,0.0019813001234023422,0.001222094947153959
5,last,17,16,0.1,0.0019784691701188774,0.0012381829920920938
5,last,17,16,1,0.002050796241766953,0.001392342412937478
5,last,17,16,10,0.0026754137169443045,0.0024089357553304996
5,last,17,32,0.01,0.0015070688312938674,0.000537301501980872
5,last,17,32,0.1,0.0014981978719628714,0.0005685969918488282
5,last,17,32,1,0.0016565451691841788,0.0008781819460097937
5,last,17,32,10,0.00256209330411498,0.002267051920748941
5,last,17,full,0.01,0.0011861469654538266,6.96202482654576e-06
5,last,17,full,0.1,0.001183843934576565,0.00010934058388350865
5,last,17,full,1,0.001507730406627706,0.0006748388452950117
5,last,17,full,10,0.002538693057653815,0.002235368779330003
5,last,29,1,0.01,0.0037389731029900176,0.0038844044174108842
5,last,29,1,0.1,0.0037404822843050607,0.00388569072918163
5,last,29,1,1,0.003745830879365626,0.003893111728765641
5,last,29,1,10,0.003764749193352868,0.003947588744242235
5,last,29,2,0.01,0.0034899559158121916,0.0034121277482813354
5,last,29,2,0.1,0.0034906939543634277,0.0034146503460790165
5,last,29,2,1,0.003497664246900996,0.0034354048068062056
5,last,29,2,10,0.0035686318592168254,0.003606431727014122
5,last,29,4,0.01,0.002961959433110641,0.0028369092944089467
5,last,29,4,0.1,0.0029705654571055774,0.0028417932119669865
5,last,29,4,1,0.0030237219953219156,0.002878708592844366
5,last,29,4,10,0.003237313028785355,0.0031757938426162924
5,last,29,8,0.01,0.002548079716094121,0.002064683602157862
5,last,29,8,0.1,0.002553879524010762,0.0020740800899275097
5,last,29,8,1,0.002604857873468732,0.002151538056393834
5,last,29,8,10,0.0029409114880437465,0.0027159122794313826
5,last,29,16,0.01,0.002027161643054652,0.0012276868492204457
5,last,29,16,0.1,0.00202931818840532,0.0012443378830209713
5,last,29,16,1,0.002097744751623557,0.00139468635516311
5,last,29,16,10,0.0027006508963870277,0.0023694495550128755
5,last,29,32,0.01,0.0015705361053915106,0.0005545021317581621
5,last,29,32,0.1,0.0015846992064243086,0.0005834378466079956
5,last,29,32,1,0.0017562144231516863,0.0008801995125458297
5,last,29,32,10,0.002602220378244659,0.0022255362083704448
5,last,29,full,0.01,0.0011573111699818197,6.769292560120242e-06
5,last,29,full,0.1,0.0011899317590371625,0.00010266724303056995
5,last,29,full,1,0.0015625430753018251,0.0006519858666104201
5,last,29,full,10,0.0025708809548048734,0.0021878781825626255
5,last,43,1,0.01,0.0036308656628849093,0.0038385682433670445
5,last,43,1,0.1,0.0036312772208080394,0.0038396459709905987
5,last,43,1,1,0.0036384422177372228,0.0038476026795085183
5,last,43,1,10,0.0036759836347089723,0.003906606191669145
5,last,43,2,0.01,0.0033362899551571505,0.0033877338943619573
5,last,43,2,0.1,0.0033357836337432646,0.0033899117371080528
5,last,43,2,1,0.0033440838451873393,0.0034094854707668685
5,last,43,2,10,0.0034243423424873535,0.003578112163956281
5,last,43,4,0.01,0.0028616139418333087,0.0027284784764601967
5,last,43,4,0.1,0.002862096023339764,0.0027330609654389426
5,last,43,4,1,0.0028939151858956755,0.0027737227809125353
5,last,43,4,10,0.003123377451210862,0.0031005385256643453
5,last,43,8,0.01,0.002462266733621378,0.0019786271290224374
5,last,43,8,0.1,0.0024588558313150596,0.0019873225849862002
5,last,43,8,1,0.0024912540645881,0.002063924434333395
5,last,43,8,10,0.002831650403032454,0.002635954373301822
5,last,43,16,0.01,0.0019804846819678605,0.0011744077193445762
5,last,43,16,0.1,0.00197541144867921,0.0011893263515975572
5,last,43,16,1,0.002032720474430143,0.0013396042526963943
5,last,43,16,10,0.0026181530564647246,0.002301493679563271
5,last,43,32,0.01,0.001566505087933003,0.0005140399887176612
5,last,43,32,0.1,0.0015666296155946735,0.0005409061476616502
5,last,43,32,1,0.0017190960160388309,0.0008326320901253957
5,last,43,32,10,0.0025279350712226916,0.0021591608065833065
5,last,43,full,0.01,0.0012023679317819927,5.261536173860241e-06
5,last,43,full,0.1,0.0012027563862515623,9.601171015433083e-05
5,last,43,full,1,0.001544568516514422,0.0006314144663342855
5,last,43,full,10,0.002500041002834174,0.0021272331896028764
5,mean,17,1,0.01,0.2913739511528448,0.14074977293830526
5,mean,17,1,0.1,0.3260021743007487,0.28473613176538626
5,mean,17,1,1,0.33220768923525296,0.33343915359530435
5,mean,17,1,10,0.3302700290215695,0.3473617012178262
5,mean,17,2,0.01,0.29089157188127196,0.1402772248537347
5,mean,17,2,0.1,0.325561116575085,0.28435255868339937
5,mean,17,2,1,0.33198279591666574,0.3332376538004487
5,mean,17,2,10,0.33023458432836256,0.3473294370012654
5,mean,17,4,0.01,0.2904500948756507,0.1396534485498092
5,mean,17,4,0.1,0.32510618635824057,0.28383576300802754
5,mean,17,4,1,0.33176992542592004,0.3330215506359909
5,mean,17,4,10,0.33020350340477383,0.3472986639500674
5,mean,17,8,0.01,0.2901661814157203,0.13908529883248488
5,mean,17,8,0.1,0.3249267376811592,0.2834783351098282
5,mean,17,8,1,0.3317204513796574,0.3329336212827922
5,mean,17,8,10,0.3301975413764158,0.3472883302269489
5,mean,17,16,0.01,0.28986944619015725,0.13866345401813676
5,mean,17,16,0.1,0.3248527372528531,0.28337050748063564
5,mean,17,16,1,0.33171174751412263,0.33292095335382477
5,mean,17,16,10,0.33019665539642584,0.3472870409673685
5,mean,17,32,0.01,0.28969793970664254,0.13847202046647838
5,mean,17,32,0.1,0.3248202484116957,0.2833358803445546
5,mean,17,32,1,0.33170818141562936,0.3329171802706454
5,mean,17,32,10,0.3301962952623002,0.3472866602364701
5,mean,17,full,0.01,0.2896730385922971,0.1384406789266588
5,mean,17,full,0.1,0.3248173562064733,0.28333224612945695
5,mean,17,full,1,0.33170788744364527,0.33291681093165987
5,mean,17,full,10,0.330196265816721,0.34728662324230813
5,mean,29,1,0.01,0.27101792735381397,0.11964227319962903
5,mean,29,1,0.1,0.3322557063978033,0.1744540943184779
5,mean,29,1,1,0.33844604571736675,0.1938279898309156
5,mean,29,1,10,0.32941719189571117,0.2061020779419746
5,mean,29,2,0.01,0.27057851792064597,0.11912133859485004
5,mean,29,2,0.1,0.33183685021999176,0.17399421504317805
5,mean,29,2,1,0.3381881838985547,0.19352878524578276
5,mean,29,2,10,0.3293689471950126,0.20604397262881913
5,mean,29,4,0.01,0.27009081233443566,0.1184390956582115
5,mean,29,4,0.1,0.33137353664123265,0.17335406723748076
5,mean,29,4,1,0.3379158171046186,0.1931964906736997
5,mean,29,4,10,0.329322979571842,0.20599044332631328
5,mean,29,8,0.01,0.26978573167206576,0.11791799135013889
5,mean,29,8,0.1,0.33116887573961606,0.1730234453204313
5,mean,29,8,1,0.33785055299589045,0.1931033387280579
5,mean,29,8,10,0.32931463114365817,0.2059788363470008
5,mean,29,16,0.01,0.2694919010918023,0.11752321475493233
5,mean,29,16,0.1,0.3310828516332953,0.17291273186209682
5,mean,29,16,1,0.3378400084005428,0.1930898553849637
5,mean,29,16,10,0.32931355265957823,0.20597745810992066
5,mean,29,32,0.01,0.26930225281037856,0.11730223692412713
5,mean,29,32,0.1,0.33104828904313693,0.17287212001205038
5,mean,29,32,1,0.33783626409130124,0.19308545181422548
5,mean,29,32,10,0.3293131751017766,0.20597701404510763
5,mean,29,full,0.01,0.2692628727316275,0.11725995724649227
5,mean,29,full,0.1,0.33104341583149016,0.17286685776171723
5,mean,29,full,1,0.3378357648880292,0.19308491235383357
5,mean,29,full,10,0.32931312505939664,0.20597695996300455
5,mean,43,1,0.01,0.2718652152963921,0.12813793879711668
5,mean,43,1,0.1,0.3083167688265826,0.2754526997390893
5,mean,43,1,1,0.3301472345727143,0.3232616952734329
5,mean,43,1,10,0.3357535741701401,0.33652853096581564
5,mean,43,2,0.01,0.2713835836458624,0.12758434390910936
5,mean,43,2,0.1,0.3078590134558289,0.2749504964144404
5,mean,43,2,1,0.32986080274592866,0.32293836197607556
5,mean,43,2,10,0.33569999975385006,0.3364670368791484
5,mean,43,4,0.01,0.27093352563589224,0.1269763360996073
5,mean,43,4,0.1,0.30740919865585703,0.2744367004764056
5,mean,43,4,1,0.32962179155179194,0.3226810320733962
5,mean,43,4,10,0.3356614709097578,0.3364266577989785
5,mean,43,8,0.01,0.27061636357005764,0.12643276403914788
5,mean,43,8,0.1,0.30720522572069264,0.2741034468818689
5,mean,43,8,1,0.3295568776743217,0.32259138840941454
5,mean,43,8,10,0.33565304711297267,0.3364154187887875
5,mean,43,16,0.01,0.2703620864010164,0.1260457270360616
5,mean,43,16,0.1,0.30713664158846304,0.27399611541872015
5,mean,43,16,1,0.32954854846013687,0.3225783255776669
5,mean,43,16,10,0.3356521959088054,0.33641408357507957
5,mean,43,32,0.01,0.270170296026159,0.12583465083291343
5,mean,43,32,0.1,0.30710042848926394,0.2739569558981076
5,mean,43,32,1,0.3295446023024106,0.3225740564723554
5,mean,43,32,10,0.3356517977656212,0.3364136528114827
5,mean,43,full,0.01,0.27013365571112613,0.1257973486964334
5,mean,43,full,0.1,0.3070959778734571,0.2739524127226033
5,mean,43,full,1,0.32954414740914223,0.32257359196090146
5,mean,43,full,10,0.3356517521755044,0.33641360625580125
9,last,17,1,0.01,0.0555986900149965,0.05509349335459618
9,last,17,1,0.1,0.05558694873056142,0.055098914126928786
9,last,17,1,1,0.055557655960029616,0.05516593130348636
9,last,17,1,10,0.05589658410870311,0.056069680353366694
9,last,17,2,0.01,0.052563959800171346,0.050726476212482746
9,last,17,2,0.1,0.052541105524494286,0.05073483998660976
9,last,17,2,1,0.052519606021513454,0.05084540260699098
9,last,17,2,10,0.05339483050060743,0.052554513248752835
9,last,17,4,0.01,0.046403715600055385,0.04335382427550644
9,last,17,4,0.1,0.0464003276925849,0.0433723117425784
9,last,17,4,1,0.046656265192516665,0.04364198070410461
9,last,17,4,10,0.049789723574541755,0.047254674595806
9,last,17,8,0.01,0.03915644909529428,0.03244676005991567
9,last,17,8,0.1,0.03912669299968532,0.03247981204321454
9,last,17,8,1,0.03925799418192339,0.03300607871353737
9,last,17,8,10,0.04392423600860551,0.039893254294127836
9,last,17,16,0.01,0.03218960419559847,0.021250294159497966
9,last,17,16,0.1,0.03209028793639951,0.02132571818438962
9,last,17,16,1,0.03248690578944601,0.022566762011679047
9,last,17,16,10,0.0404343115892865,0.034750910856358556
9,last,17,32,0.01,0.026962657458882325,0.010818654890084694
9,last,17,32,0.1,0.02673533055849464,0.011009423257047943
9,last,17,32,1,0.027615142956561273,0.014123532266144536
9,last,17,32,10,0.03882284831353211,0.03213415858197049
9,last,17,full,0.01,0.021879802728516168,3.5330574666032156e-05
9,last,17,full,0.1,0.02135929606352179,0.0011140646901485235
9,last,17,full,1,0.024653704701097134,0.009182620238386806
9,last,17,full,10,0.038309285709640754,0.03130726187677665
9,last,29,1,0.01,0.05589521793272428,0.0558952085956592
9,last,29,1,0.1,0.05588709314986806,0.05590027191187205
9,last,29,1,1,0.055874657537928446,0.05597241054079215
9,last,29,1,10,0.056208065745645096,0.05694239589363267
9,last,29,2,0.01,0.05314519952494117,0.05166367430834354
9,last,29,2,0.1,0.05301614514253963,0.05167651636857874
9,last,29,2,1,0.05305827736004324,0.05184146926006142
9,last,29,2,10,0.05394459671910282,0.05362606593981853
9,last,29,4,0.01,0.048012803875394784,0.0439195243084841
9,last,29,4,0.1,0.047981280003692776,0.04393889691863845
9,last,29,4,1,0.048084192215159964,0.044216795376002906
9,last,29,4,10,0.05031148030890029,0.04790736087566969
9,last,29,8,0.01,0.04064322819785443,0.032653887102747685
9,last,29,8,0.1,0.040615400361715064,0.03268865983474945
9,last,29,8,1,0.04079085846491207,0.03324432259774522
9,last,29,8,10,0.04493758971736444,0.04024590101912505
9,last,29,16,0.01,0.033837032437670216,0.021530000522822158
9,last,29,16,0.1,0.03377523597442433,0.021606021330638686
9,last,29,16,1,0.03405375345115983,0.022915975383619065
9,last,29,16,10,0.04146180405265631,0.03519492450586353
9,last,29,32,0.01,0.028485086183172182,0.01097845009480658
9,last,29,32,0.1,0.02837698702861079,0.011168943321560475
9,last,29,32,1,0.029448386744782562,0.014235761914523762
9,last,29,32,10,0.03998280432153542,0.03249240708226951
9,last,29,full,0.01,0.021918515070175074,3.681309665206725e-05
9,last,29,full,0.1,0.021682247711717464,0.0011152908794986234
9,last,29,full,1,0.025761848401226972,0.009089176144993596
9,last,29,full,10,0.03933856985755236,0.03160408605747652
9,last,43,1,0.01,0.05514763663541433,0.055575458092316676
9,last,43,1,0.1,0.05513909494668074,0.05557933740251002
9,last,43,1,1,0.05512775299212738,0.05563972076701524
9,last,43,1,10,0.05552036674491384,0.05655194234798439
9,last,43,2,0.01,0.05225940232111231,0.051114699447853705
9,last,43,2,0.1,0.052238156460684505,0.05112625140669143
9,last,43,2,1,0.052314638627319034,0.05129226205808234
9,last,43,2,10,0.05349198763946611,0.05325492473451866
9,last,43,4,0.01,0.04695422926612417,0.043412154314039234
9,last,43,4,0.1,0.04692914804996457,0.0434296563639235
9,last,43,4,1,0.04696218763470276,0.043708889558418375
9,last,43,4,10,0.04932182157846776,0.04751218480537669
9,last,43,8,0.01,0.040255694082946616,0.03285938968301266
9,last,43,8,0.1,0.04022643152993955,0.032893452579790566
9,last,43,8,1,0.040360511210090634,0.033455602010442724
9,last,43,8,10,0.044563315287301536,0.040391327102685746
9,last,43,16,0.01,0.03341053975135219,0.02106392675102762
9,last,43,16,0.1,0.03333851006359432,0.021138634751798245
9,last,43,16,1,0.03354988604718242,0.02246099470580893
9,last,43,16,10,0.04084884180909661,0.03494396137916319
9,last,43,32,0.01,0.02810418942293667,0.010378509456605215
9,last,43,32,0.1,0.027982812725164796,0.010551904199071585
9,last,43,32,1,0.02892828011719122,0.01366186433378404
9,last,43,32,10,0.03933211931162499,0.032171325256632244
9,last,43,full,0.01,0.022334113995670122,2.9660989758420107e-05
9,last,43,full,0.1,0.021958619153507348,0.0010142868379809876
9,last,43,full,1,0.025504719161312847,0.008819348894874776
9,last,43,full,10,0.0387307401654345,0.03134746774682821
9,mean,17,1,0.01,0.29794858474582514,0.08440892493088632
9,mean,17,1,0.1,0.34880359055835003,0.2674298653667548
9,mean,17,1,1,0.36681492156652107,0.3640515234377477
9,mean,17,1,10,0.36576220197036174,0.38672778925595064
9,mean,17,2,0.01,0.29701814254564596,0.08303014289454318
9,mean,17,2,0.1,0.34774578620121627,0.26637622098791197
9,mean,17,2,1,0.36624194805568516,0.36349618170029824
9,mean,17,2,10,0.36566821174089914,0.38663563421078656
9,mean,17,4,0.01,0.29629163975791306,0.08133555190478955
9,mean,17,4,0.1,0.3469586102265265,0.2650304345849924
9,mean,17,4,1,0.36582477937139696,0.3629764990767782
9,mean,17,4,10,0.3656057825761705,0.38656234832132014
9,mean,17,8,0.01,0.2944695386968706,0.07898946281824519
9,mean,17,8,0.1,0.34600328333760616,0.2634539641251961
9,mean,17,8,1,0.3656017074330306,0.3625763470680258
9,mean,17,8,10,0.3655786414076174,0.3865143080007293
9,mean,17,16,0.01,0.2925962973783161,0.0764816031499961
9,mean,17,16,0.1,0.3450973594135869,0.2622257783874214
9,mean,17,16,1,0.365458813087635,0.3623855723487608
9,mean,17,16,10,0.3655635065563094,0.38649414997134895
9,mean,17,32,0.01,0.29154208778086765,0.07507138028477975
9,mean,17,32,0.1,0.3447389245360227,0.26179918721528284
9,mean,17,32,1,0.3654121640701122,0.3623316828096699
9,mean,17,32,10,0.365558691153773,0.38648861421841973
9,mean,17,full,0.01,0.29130397110459044,0.07467269035282995
9,mean,17,full,0.1,0.3447052211573116,0.26174368372158247
9,mean,17,full,1,0.365408647170846,0.3623259023960159
9,mean,17,full,10,0.3655583379273257,0.38648803376685337
9,mean,29,1,0.01,0.25894294827530434,0.0893125769430401
9,mean,29,1,0.1,0.34896979496358393,0.1792127715843568
9,mean,29,1,1,0.3723937083756639,0.21668153348380093
9,mean,29,1,10,0.36422538338990756,0.23326589483666954
9,mean,29,2,0.01,0.2579703525381697,0.08791181401173767
9,mean,29,2,0.1,0.34800498536314023,0.1779486984825573
9,mean,29,2,1,0.37175050205309107,0.2158218287468811
9,mean,29,2,10,0.3640964199253614,0.23308913377652812
9,mean,29,4,0.01,0.2569506275371176,0.08609431932215203
9,mean,29,4,0.1,0.34714189189829686,0.17642427094045546
9,mean,29,4,1,0.3712458839500408,0.21507582146959772
9,mean,29,4,10,0.3640088652946421,0.23296896582523377
9,mean,29,8,0.01,0.25541321828448116,0.08378645846222862
9,mean,29,8,0.1,0.34607192429821687,0.17476545371773508
9,mean,29,8,1,0.3709325206295242,0.2146201645095635
9,mean,29,8,10,0.3639682749918735,0.2329118421234779
9,mean,29,16,0.01,0.25387777718304705,0.08153664735610253
9,mean,29,16,0.1,0.3452175839573494,0.17357778268214905
9,mean,29,16,1,0.3707846625216224,0.21441889556840374
9,mean,29,16,10,0.36395236199066483,0.2328902417458821
9,mean,29,32,0.01,0.25260313864974154,0.08002692823482228
9,mean,29,32,0.1,0.3447792447866407,0.17309727732179522
9,mean,29,32,1,0.37072794630192285,0.2143580299017042
9,mean,29,32,10,0.3639465198092366,0.2328839896203979
9,mean,29,full,0.01,0.2522452697809822,0.07954828101036922
9,mean,29,full,0.1,0.34472241886258764,0.17302177334878435
9,mean,29,full,1,0.3707218901434372,0.21435001185061825
9,mean,29,full,10,0.3639459101813776,0.23288318280677403
9,mean,43,1,0.01,0.29132217176975544,0.07294905802533987
9,mean,43,1,0.1,0.32714565306053056,0.2528232908006301
9,mean,43,1,1,0.36405095656066117,0.3518664376809979
9,mean,43,1,10,0.37208323472745314,0.3740439668799865
9,mean,43,2,0.01,0.29030062146174196,0.07130830166107316
9,mean,43,2,0.1,0.32613764364164016,0.25133789267511314
9,mean,43,2,1,0.3633547814421369,0.35089614312538175
9,mean,43,2,10,0.37194278515976015,0.3738505787726294
9,mean,43,4,0.01,0.28946931923683034,0.06953434488417608
9,mean,43,4,0.1,0.3252720698809352,0.24997946109789965
9,mean,43,4,1,0.3628608204567383,0.35023220456370263
9,mean,43,4,10,0.3718602480751107,0.37374510529424976
9,mean,43,8,0.01,0.2879403441160719,0.06729265074316838
9,mean,43,8,0.1,0.3243564378078166,0.2484202955788975
9,mean,43,8,1,0.3626360073153588,0.34985756831904763
9,mean,43,8,10,0.3718329723945477,0.3737004776124396
9,mean,43,16,0.01,0.2861765782607468,0.06494833685521069
9,mean,43,16,0.1,0.3234590305333521,0.24718539285894908
9,mean,43,16,1,0.36248192375153865,0.3496468886557319
9,mean,43,16,10,0.3718162728425047,0.3736777936864895
9,mean,43,32,0.01,0.2851243727737555,0.06343878271216405
9,mean,43,32,0.1,0.3230742327408818,0.24670228100216035
9,mean,43,32,1,0.36243086045494066,0.3495853549763442
9,mean,43,32,10,0.3718110143080669,0.37367147359281866
9,mean,43,full,0.01,0.28478073031067336,0.06299369305823439
9,mean,43,full,0.1,0.3230202271264117,0.24663505884961928
9,mean,43,full,1,0.36242513137490634,0.3495782611892085
9,mean,43,full,10,0.37181043789340396,0.3736707602579319
14,last,17,1,0.01,0.1381265188317161,0.13397003332286758
14,last,17,1,0.1,0.13812471383209626,0.13398701314405873
14,last,17,1,1,0.13822807735747875,0.13421177008009086
14,last,17,1,10,0.13932359849711204,0.13628180604536266
14,last,17,2,0.01,0.13085594315532204,0.12409104287376121
14,last,17,2,0.1,0.13091864264385156,0.12412449845543996
14,last,17,2,1,0.13137557007526698,0.12458713310741987
14,last,17,2,10,0.13528193266723668,0.12872941964309081
14,last,17,4,0.01,0.11930593551600373,0.10697360911758355
14,last,17,4,0.1,0.11928340714352498,0.10703011737369734
14,last,17,4,1,0.11972469718612756,0.10787406784843484
14,last,17,4,10,0.1255974955764405,0.11659695746302631
14,last,17,8,0.01,0.10765144613876827,0.0856682134529633
14,last,17,8,0.1,0.10770318063830246,0.08579415817359182
14,last,17,8,1,0.10876234254891255,0.0874788308974555
14,last,17,8,10,0.11838750907962996,0.10338699605480811
14,last,17,16,0.01,0.09411398236345266,0.0598336412058592
14,last,17,16,0.1,0.09393401178020679,0.06007224207423406
14,last,17,16,1,0.09528020596171383,0.06384949990119745
14,last,17,16,10,0.11177787086202497,0.09228226035441411
14,last,17,32,0.01,0.08459353584791322,0.03342187693244012
14,last,17,32,0.1,0.08425462140129221,0.03390084106532858
14,last,17,32,1,0.08628509006141749,0.042194559983285446
14,last,17,32,10,0.10865936193702129,0.08546302215470762
14,last,17,full,0.01,0.0735172457574159,6.13986582478079e-05
14,last,17,full,0.1,0.07196268324354728,0.0024681235456903454
14,last,17,full,1,0.07834470526512989,0.024873882084107353
14,last,17,full,10,0.10715632625383324,0.08233831594881048
14,last,29,1,0.01,0.13896670742445982,0.14041639842866968
14,last,29,1,0.1,0.1389557629012105,0.14044365388656382
14,last,29,1,1,0.13914596809817228,0.14078943716014208
14,last,29,1,10,0.14018686088298324,0.14333346231882646
14,last,29,2,0.01,0.131652916553903,0.129332093357741
14,last,29,2,0.1,0.13173067130220803,0.12937498822461344
14,last,29,2,1,0.13272614702371394,0.12994245598354787
14,last,29,2,10,0.13565054372282753,0.13415106674260474
14,last,29,4,0.01,0.12075910094169595,0.11117585602002412
14,last,29,4,0.1,0.12075086845816234,0.1112405496091904
14,last,29,4,1,0.12128651693704288,0.11219530398830398
14,last,29,4,10,0.1269346959391364,0.12158559190123684
14,last,29,8,0.01,0.10941379334287034,0.0873927062901026
14,last,29,8,0.1,0.10938531214747689,0.0875306346324011
14,last,29,8,1,0.11028342454551553,0.08954276445638128
14,last,29,8,10,0.11949860688479434,0.10695897669806238
14,last,29,16,0.01,0.09835591979051199,0.0607648285794478
14,last,29,16,0.1,0.0982098672979841,0.061015876413247044
14,last,29,16,1,0.09898224371543692,0.06515427141970105
14,last,29,16,10,0.11315215279563244,0.09536177981830209
14,last,29,32,0.01,0.08812457030581981,0.03360416740200868
14,last,29,32,0.1,0.08769174159224709,0.03409050974078251
14,last,29,32,1,0.08929357068064657,0.04268235115190281
14,last,29,32,10,0.11007586804806935,0.08825026193294147
14,last,29,full,0.01,0.07405108825278768,6.172635493972793e-05
14,last,29,full,0.1,0.07252491624326492,0.0025501162913597413
14,last,29,full,1,0.07998287913006558,0.02537189715721215
14,last,29,full,10,0.10828179998719323,0.08507047110560643
14,last,43,1,0.01,0.13911993004961828,0.13686329972698383
14,last,43,1,0.1,0.1391449421350124,0.13689138999656222
14,last,43,1,1,0.1394053103416518,0.13725914691528546
14,last,43,1,10,0.14079057077981885,0.1401108258606633
14,last,43,2,0.01,0.1325202603238945,0.1251625082363732
14,last,43,2,0.1,0.13253197885438867,0.1251997539779221
14,last,43,2,1,0.13282468875344836,0.12571165358459863
14,last,43,2,10,0.13482637712189774,0.1301126529942948
14,last,43,4,0.01,0.12260156326411102,0.10843036722240372
14,last,43,4,0.1,0.12260161841338679,0.10848978927754913
14,last,43,4,1,0.12291978704467658,0.109400439420642
14,last,43,4,10,0.12758052981316884,0.1186109002843254
14,last,43,8,0.01,0.11008359046303394,0.08578887410320463
14,last,43,8,0.1,0.11012382210050405,0.08591576166352212
14,last,43,8,1,0.11105372544186733,0.08780201569400148
14,last,43,8,10,0.11976205004213791,0.10453741191563418
14,last,43,16,0.01,0.09679142306366188,0.059461656264609405
14,last,43,16,0.1,0.09677900537481471,0.05967294444317389
14,last,43,16,1,0.09819621710656386,0.0633711505893209
14,last,43,16,10,0.11320509804669106,0.09281546203060502
14,last,43,32,0.01,0.08665466566953987,0.032121609429609496
14,last,43,32,0.1,0.08641917947377979,0.03256875522218399
14,last,43,32,1,0.08864670288932101,0.04069949214301089
14,last,43,32,10,0.10977384468124061,0.0855638772902723
14,last,43,full,0.01,0.07515453018820868,5.431362236787196e-05
14,last,43,full,0.1,0.07367587741574043,0.0022860975132930525
14,last,43,full,1,0.08026854825063474,0.02390099916030913
14,last,43,full,10,0.10816337841332668,0.0825005940607468
14,mean,17,1,0.01,0.3486175176778172,0.09593200039707347
14,mean,17,1,0.1,0.39505266621305474,0.29775606197511434
14,mean,17,1,1,0.41326446724036847,0.40799826414208634
14,mean,17,1,10,0.41137333730813386,0.4335303152807792
14,mean,17,2,0.01,0.34744917726754326,0.09406430458411988
14,mean,17,2,0.1,0.39374657569165356,0.29627456476078856
14,mean,17,2,1,0.41254053504706795,0.4072430572581438
14,mean,17,2,10,0.4112546422912365,0.4334064500277267
14,mean,17,4,0.01,0.3460339644868092,0.09160724538650963
14,mean,17,4,0.1,0.39243246608397236,0.29417858017090565
14,mean,17,4,1,0.4119185756606238,0.40641367330693196
14,mean,17,4,10,0.41116263262996,0.43328998778319494
14,mean,17,8,0.01,0.3439446651416338,0.08838769956626036
14,mean,17,8,0.1,0.39125576370959925,0.29204832875401765
14,mean,17,8,1,0.41162589350627915,0.4058705054838479
14,mean,17,8,10,0.41112711131801755,0.4332249033285823
14,mean,17,16,0.01,0.3419706466273369,0.08494093375341957
14,mean,17,16,0.1,0.39012279827165824,0.29031222682226215
14,mean,17,16,1,0.41143022075741137,0.40559014802907645
14,mean,17,16,10,0.4111061044519413,0.4331950813870484
14,mean,17,32,0.01,0.34046922457077766,0.08258195977959676
14,mean,17,32,0.1,0.38962571709579125,0.2896059086510369
14,mean,17,32,1,0.4113667705084924,0.40550105581909923
14,mean,17,32,10,0.4110995855426814,0.4331859292450035
14,mean,17,full,0.01,0.3399288046385274,0.08152230891375105
14,mean,17,full,0.1,0.38954394764450795,0.2894523151293977
14,mean,17,full,1,0.41135816127257047,0.4054849645586385
14,mean,17,full,10,0.4110987200538547,0.4331843124036411
14,mean,29,1,0.01,0.29328858565161503,0.10196190455349645
14,mean,29,1,0.1,0.39302086903278366,0.20262391610432137
14,mean,29,1,1,0.41949997866190425,0.2465164423353058
14,mean,29,1,10,0.41032374236742547,0.2657570111223096
14,mean,29,2,0.01,0.2920276025240924,0.10004020942846874
14,mean,29,2,0.1,0.39180830312973325,0.200880429895713
14,mean,29,2,1,0.4186944685422181,0.24534956691593438
14,mean,29,2,10,0.4101615763239847,0.2655186102889462
14,mean,29,4,0.01,0.2905676373558263,0.09732934118046128
14,mean,29,4,0.1,0.3903577620976199,0.1985689488396742
14,mean,29,4,1,0.417945719456489,0.24431123723090964
14,mean,29,4,10,0.4100380848285891,0.2653560516559704
14,mean,29,8,0.01,0.28868770174085095,0.09424902702659795
14,mean,29,8,0.1,0.3890761856204608,0.19626613760458553
14,mean,29,8,1,0.4175340609607064,0.24359447100493736
14,mean,29,8,10,0.40998411615012237,0.26526414451572927
14,mean,29,16,0.01,0.2868189862191931,0.09095133435294872
14,mean,29,16,0.1,0.38797391348450966,0.19446121931419014
14,mean,29,16,1,0.4173234620515543,0.2432745891783687
14,mean,29,16,10,0.4099606805018278,0.2652295644550282
14,mean,29,32,0.01,0.28531088210420535,0.08851062007536081
14,mean,29,32,0.1,0.3874295807592761,0.193696083877974
14,mean,29,32,1,0.41725271660465363,0.2431777406418012
14,mean,29,32,10,0.4099533983297443,0.2652196187148893
14,mean,29,full,0.01,0.2845081810842112,0.08727046004029687
14,mean,29,full,0.1,0.38729085612775466,0.19349194558415458
14,mean,29,full,1,0.4172377763832525,0.24315588767657456
14,mean,29,full,10,0.4099518927602878,0.2652174178746678
14,mean,43,1,0.01,0.3504044866029126,0.0843470462670115
14,mean,43,1,0.1,0.3727772833937013,0.28416416004049455
14,mean,43,1,1,0.41073878704736694,0.3977003818965545
14,mean,43,1,10,0.4186367582902208,0.4225275899131685
14,mean,43,2,0.01,0.3492428176949149,0.08201452880238398
14,mean,43,2,0.1,0.3715978107116898,0.2820745687061723
14,mean,43,2,1,0.40988828637617547,0.3963753701806745
14,mean,43,2,10,0.4184635881868592,0.42226764121443106
14,mean,43,4,0.01,0.3481158519139967,0.07944633959177763
14,mean,43,4,0.1,0.370187703503136,0.2799322130339951
14,mean,43,4,1,0.4091550905238317,0.3953746194337547
14,mean,43,4,10,0.4183457281053479,0.4221129398374803
14,mean,43,8,0.01,0.346276887261058,0.07618870750423543
14,mean,43,8,0.1,0.36899252966166124,0.27767177503100055
14,mean,43,8,1,0.40883356492675826,0.394784293216513
14,mean,43,8,10,0.418306121697363,0.4220412622115363
14,mean,43,16,0.01,0.34404303587101087,0.07279117378696034
14,mean,43,16,0.1,0.36788632373489444,0.27581774467990877
14,mean,43,16,1,0.40862391257989245,0.3944535343472692
14,mean,43,16,10,0.4182830115476428,0.4220054560807628
14,mean,43,32,0.01,0.34248758190141276,0.07031909984919052
14,mean,43,32,0.1,0.3673191233027178,0.2750282770439197
14,mean,43,32,1,0.4085505247470769,0.3943540737593788
14,mean,43,32,10,0.418275459868301,0.4219952507422254
14,mean,43,full,0.01,0.34182331893978746,0.06918301252356146
14,mean,43,full,0.1,0.3672085667139719,0.27485102816825285
14,mean,43,full,1,0.40853870555917454,0.3943352661943171
14,mean,43,full,10,0.41827426975377685,0.42199335838140073
19,last,17,1,0.01,0.25482118518063107,0.2551855782222316
19,last,17,1,0.1,0.254712559557701,0.25532581266078647
19,last,17,1,1,0.2547270882455464,0.2565637902923564
19,last,17,1,10,0.2551513236415592,0.2607230307908291
19,last,17,2,0.01,0.24309364328894026,0.2315193368232497
19,last,17,2,0.1,0.243279371943849,0.23177550519804252
19,last,17,2,1,0.2447831626999489,0.23420378763800567
19,last,17,2,10,0.24790068227865147,0.24407939436763504
19,last,17,4,0.01,0.2275554768388417,0.2009201406603635
19,last,17,4,0.1,0.2278569662989569,0.2012896583908002
19,last,17,4,1,0.23027885909054083,0.20488577839678096
19,last,17,4,10,0.23700060035544157,0.22295012039110323
19,last,17,8,0.01,0.2020019988949919,0.1603540915809138
19,last,17,8,0.1,0.2015115551387471,0.16098064428946574
19,last,17,8,1,0.20437573738012038,0.1676785013946541
19,last,17,8,10,0.22252345892041503,0.20250971537358653
19,last,17,16,0.01,0.18227046671506872,0.11188286320530844
19,last,17,16,0.1,0.18139198336741058,0.11285207604478567
19,last,17,16,1,0.18471284439879235,0.1245243607885696
19,last,17,16,10,0.21344538756144638,0.18382572589476476
19,last,17,32,0.01,0.16880136385117508,0.061992913490017135
19,last,17,32,0.1,0.1672929048032656,0.06360226839920798
19,last,17,32,1,0.17094648059394676,0.0849198134988394
19,last,17,32,10,0.20838785293728304,0.17189646952113893
19,last,17,full,0.01,0.1541622341442873,0.0001445903121626897
19,last,17,full,0.1,0.14944909110747434,0.005748513601483298
19,last,17,full,1,0.15914376612933778,0.054273273792931336
19,last,17,full,10,0.206179748574009,0.1665319946513892
19,last,29,1,0.01,0.2568562752286317,0.2643459596455794
19,last,29,1,0.1,0.25634896382445466,0.2645588056037987
19,last,29,1,1,0.25558980524366515,0.2663784347837329
19,last,29,1,10,0.25494872482736763,0.2715039413709894
19,last,29,2,0.01,0.24388042809974295,0.23667297443987753
19,last,29,2,0.1,0.24382378289361628,0.23698885662898408
19,last,29,2,1,0.24544590131313046,0.23975273749257936
19,last,29,2,10,0.24850298699938525,0.2506367867291295
19,last,29,4,0.01,0.2279012676161526,0.20412190222018747
19,last,29,4,0.1,0.22777025714770463,0.20458726763508328
19,last,29,4,1,0.23028535184908802,0.20904640806536082
19,last,29,4,10,0.2378648312434993,0.22984026442303693
19,last,29,8,0.01,0.20854664396397835,0.16253905721547873
19,last,29,8,0.1,0.2075441296816205,0.163226595606621
19,last,29,8,1,0.20892842626733402,0.17082060223399398
19,last,29,8,10,0.22417934012244292,0.2074005575955526
19,last,29,16,0.01,0.18918548321309603,0.11408038863228191
19,last,29,16,0.1,0.18830900600641642,0.11511817283947699
19,last,29,16,1,0.19047405465242492,0.12707726800278235
19,last,29,16,10,0.21480404591734203,0.1880905435940862
19,last,29,32,0.01,0.17557771260131108,0.061932571597335194
19,last,29,32,0.1,0.17339300598329854,0.06362027347608516
19,last,29,32,1,0.17650122096304485,0.08589444573635067
19,last,29,32,10,0.2102836573940414,0.17600610585442572
19,last,29,full,0.01,0.15974015530770624,0.00014839569772232095
19,last,29,full,0.1,0.15381739754690354,0.005931343756934786
19,last,29,full,1,0.163363237072356,0.05550533442373614
19,last,29,full,10,0.20780687795524466,0.17068591779732958
19,last,43,1,0.01,0.2639198556783839,0.25796887543743147
19,last,43,1,0.1,0.26365198351883185,0.2581652819679177
19,last,43,1,1,0.2622418609089769,0.2603087368021953
19,last,43,1,10,0.2571072825581989,0.26723860790668896
19,last,43,2,0.01,0.2461749439960563,0.23088879914203622
19,last,43,2,0.1,0.24626300453362313,0.23111434948977536
19,last,43,2,1,0.2476861876678893,0.23349759696964165
19,last,43,2,10,0.25067884987655864,0.24526864734893083
19,last,43,4,0.01,0.23345250488448985,0.19991764915254778
19,last,43,4,0.1,0.23361317492627276,0.20023152155278248
19,last,43,4,1,0.23568404074043459,0.2037952632057561
19,last,43,4,10,0.24226995148545546,0.224251907362594
19,last,43,8,0.01,0.21190565972564057,0.1591888834258512
19,last,43,8,0.1,0.21185566333935166,0.15967816532551604
19,last,43,8,1,0.21449305792126458,0.16532670700841973
19,last,43,8,10,0.22836439454607924,0.2004549145512442
19,last,43,16,0.01,0.1919604711043312,0.11151824456680123
19,last,43,16,0.1,0.19157339247447025,0.11235878778401358
19,last,43,16,1,0.19557576526670972,0.12290727447586647
19,last,43,16,10,0.21937391196737557,0.18194194708503453
19,last,43,32,0.01,0.17515321704429612,0.059676316525047124
19,last,43,32,0.1,0.17443436483174593,0.06118680349335944
19,last,43,32,1,0.1789257133146993,0.0818622668621853
19,last,43,32,10,0.21378074723185758,0.16984521437705055
19,last,43,full,0.01,0.15813786439334032,0.0001392579816832066
19,last,43,full,0.1,0.15440788036322953,0.005519611271397525
19,last,43,full,1,0.1660169005010197,0.05256793254898007
19,last,43,full,10,0.21141422375870292,0.16474611229283603
19,mean,17,1,0.01,0.35939136956062834,0.09969074600917442
19,mean,17,1,0.1,0.406376983799659,0.2994938803772972
19,mean,17,1,1,0.4248014535508134,0.4206612506268176
19,mean,17,1,10,0.4230525719877615,0.4486735476606424
19,mean,17,2,0.01,0.3575786432529864,0.09640122198340702
19,mean,17,2,0.1,0.4044660217960268,0.2968022688055043
19,mean,17,2,1,0.4236242699987193,0.4192691294869413
19,mean,17,2,10,0.4228475508259392,0.4484380255929632
19,mean,17,4,0.01,0.3547019667798706,0.09198670218792498
19,mean,17,4,0.1,0.40181280498901306,0.2929464451542123
19,mean,17,4,1,0.4223178629770097,0.41755924729498584
19,mean,17,4,10,0.4226476484182408,0.44818664941522535
19,mean,17,8,0.01,0.35122909338978486,0.08649930270808515
19,mean,17,8,0.1,0.39954641880477876,0.28921255469772067
19,mean,17,8,1,0.42175148627436526,0.4165847250764961
19,mean,17,8,10,0.42257928230296654,0.44806884949988235
19,mean,17,16,0.01,0.3480841983423128,0.08087290357854161
19,mean,17,16,0.1,0.3978044821362508,0.2861316542612153
19,mean,17,16,1,0.4214232451103633,0.41603984690897744
19,mean,17,16,10,0.42254314246212127,0.4480100093796529
19,mean,17,32,0.01,0.3457242327128182,0.07643288844597793
19,mean,17,32,0.1,0.39682264259261096,0.28464583497055557
19,mean,17,32,1,0.4212867528769995,0.41584480421839976
19,mean,17,32,10,0.4225289315679411,0.44798987048473515
19,mean,17,full,0.01,0.34467879623308967,0.07401200618630369
19,mean,17,full,0.1,0.3966464537604704,0.284265183086449
19,mean,17,full,1,0.4212678787809739,0.4158043986375298
19,mean,17,full,10,0.4225270306643205,0.44798580489235496
19,mean,29,1,0.01,0.30186085353055275,0.10378816078719581
19,mean,29,1,0.1,0.40132384066649557,0.20875106492990955
19,mean,29,1,1,0.4303169734140895,0.2576520774663783
19,mean,29,1,10,0.42185058354401,0.2771601599273988
19,mean,29,2,0.01,0.300034279902694,0.10019456330314587
19,mean,29,2,0.1,0.3996018512110195,0.20549920386169349
19,mean,29,2,1,0.4290750105761139,0.2554631491951513
19,mean,29,2,10,0.4215792751826934,0.27669551951470134
19,mean,29,4,0.01,0.2973350028363175,0.09531942289717596
19,mean,29,4,0.1,0.39687115196307277,0.20124967320427234
19,mean,29,4,1,0.4275020399521214,0.2534693612336796
19,mean,29,4,10,0.4213132887576155,0.2763767476026063
19,mean,29,8,0.01,0.29351836218307725,0.08972558427791844
19,mean,29,8,0.1,0.39440497719019785,0.1970885342431438
19,mean,29,8,1,0.4267435168201537,0.25209039224031804
19,mean,29,8,10,0.4212143686644561,0.27619532509908573
19,mean,29,16,0.01,0.2908601632382244,0.0844883285346734
19,mean,29,16,0.1,0.39246419420399986,0.19389007163138827
19,mean,29,16,1,0.42636475782807115,0.25148007499687774
19,mean,29,16,10,0.4211726067734254,0.2761283686244259
19,mean,29,32,0.01,0.28871921589433186,0.08011949517860312
19,mean,29,32,0.1,0.39157721031437503,0.19236465585377735
19,mean,29,32,1,0.4262406265186515,0.2512783801246915
19,mean,29,32,10,0.4211596884060689,0.2761075298263589
19,mean,29,full,0.01,0.28721392906523996,0.07747582510079212
19,mean,29,full,0.1,0.391281124279117,0.19189405249962851
19,mean,29,full,1,0.42620801540367026,0.25122721517508523
19,mean,29,full,10,0.42115639410043815,0.27610236815154066
19,mean,43,1,0.01,0.3678528092037782,0.0897194676459584
19,mean,43,1,0.1,0.3850457904448381,0.2863406129225175
19,mean,43,1,1,0.4216691885874209,0.41116380754442805
19,mean,43,1,10,0.4301156533711868,0.4383548330999671
19,mean,43,2,0.01,0.366065430105015,0.08512676324343323
19,mean,43,2,0.1,0.3833109909361759,0.2822555086552982
19,mean,43,2,1,0.4202981957921528,0.40859469970294576
19,mean,43,2,10,0.42981527973710537,0.43783963648065743
19,mean,43,4,0.01,0.36312821274441126,0.08053702067652174
19,mean,43,4,0.1,0.38053089601527174,0.27819450621499214
19,mean,43,4,1,0.4187695350542315,0.406555333765633
19,mean,43,4,10,0.42955994585612695,0.4375120694773235
19,mean,43,8,0.01,0.3601611653330708,0.07480888993674809
19,mean,43,8,0.1,0.3783126406673008,0.27423363019094216
19,mean,43,8,1,0.41814020925641837,0.4054597887027396
19,mean,43,8,10,0.429480932304189,0.43737568648045816
19,mean,43,16,0.01,0.3571803016286837,0.06929740613183567
19,mean,43,16,0.1,0.3765033791367747,0.27095025699715064
19,mean,43,16,1,0.41776601315636186,0.40483128562132886
19,mean,43,16,10,0.42943932095940923,0.4373065283136435
19,mean,43,32,0.01,0.35469537022261566,0.06481445278218462
19,mean,43,32,0.1,0.37550381136029226,0.2693425077373962
19,mean,43,32,1,0.4176282553412766,0.4046181278479059
19,mean,43,32,10,0.42942502711661984,0.4372845018816309
19,mean,43,full,0.01,0.3534152582447326,0.06235736921868839
19,mean,43,full,0.1,0.3752552276894073,0.2689221813407875
19,mean,43,full,1,0.4176009590038762,0.4045727695859254
19,mean,43,full,10,0.429422270647345,0.4372799297274726
23,last,17,1,0.01,1.015180977094863,0.9874112173838421
23,last,17,1,0.1,1.0142166286040635,0.9899500281672208
23,last,17,1,1,1.013172109040928,1.004065994593412
23,last,17,1,10,1.020636399405761,1.0307246231587701
23,last,17,2,0.01,0.9797056686541804,0.8840707331218683
23,last,17,2,0.1,0.9787448581368688,0.8876558420840666
23,last,17,2,1,0.9783614468538104,0.9085896943530927
23,last,17,2,10,0.9886615614583688,0.9571600977813727
23,last,17,4,0.01,0.8954266216753121,0.7604944833471694
23,last,17,4,0.1,0.8959215256766182,0.7668070025433629
23,last,17,4,1,0.9145636062164605,0.80261624857011
23,last,17,4,10,0.9483017955888062,0.8914198464007237
23,last,17,8,0.01,0.822783569718442,0.5912113114924961
23,last,17,8,0.1,0.8181596772145427,0.6000801463679786
23,last,17,8,1,0.8288719677468128,0.6548418497696732
23,last,17,8,10,0.9030595240198624,0.8147929450149136
23,last,17,16,0.01,0.7530022317264047,0.41119921886346134
23,last,17,16,0.1,0.746159632086087,0.42327360617468235
23,last,17,16,1,0.7601871510700183,0.5034021055989649
23,last,17,16,10,0.8695777414447989,0.7546089935784552
23,last,17,32,0.01,0.7216958260096141,0.22698077875225525
23,last,17,32,0.1,0.7080936090243218,0.24382914053814547
23,last,17,32,1,0.719608500720572,0.37110573620196985
23,last,17,32,10,0.8565121364203411,0.719996105823632
23,last,17,full,0.01,0.6825034231151444,0.00144469317762479
23,last,17,full,0.1,0.6477466126011582,0.04188305887103767
23,last,17,full,1,0.6822968462641342,0.2788406866107046
23,last,17,full,10,0.8501755754150845,0.7053603027335217
23,last,29,1,0.01,1.01171464189191,1.0338496506947963
23,last,29,1,0.1,1.0116958795640143,1.0365408836214767
23,last,29,1,1,1.0145416868422314,1.053331670996067
23,last,29,1,10,1.017747298120157,1.0854831693521985
23,last,29,2,0.01,0.9865787957946335,0.9091120214450639
23,last,29,2,0.1,0.9858846414678437,0.9131725853446442
23,last,29,2,1,0.9926054867476951,0.9377070702515417
23,last,29,2,10,0.9963838809448418,0.9936494834838024
23,last,29,4,0.01,0.8951207011026477,0.7674801671173564
23,last,29,4,0.1,0.8915356708454828,0.7733910431193303
23,last,29,4,1,0.902997581992769,0.8144889230434974
23,last,29,4,10,0.9419718585682045,0.9211198927495862
23,last,29,8,0.01,0.8226272890456526,0.5990733326014255
23,last,29,8,0.1,0.8174706605320158,0.6069002458491671
23,last,29,8,1,0.8375414653157249,0.6648116800574254
23,last,29,8,10,0.9008185369470167,0.8361847667982284
23,last,29,16,0.01,0.7687838952307425,0.40902015831271427
23,last,29,16,0.1,0.760278837043915,0.42020451356808847
23,last,29,16,1,0.7808425668426522,0.5060408687106636
23,last,29,16,10,0.8739097811316311,0.7747729796536922
23,last,29,32,0.01,0.7398586111457511,0.2217714093804429
23,last,29,32,0.1,0.7235573818629167,0.23820649841445368
23,last,29,32,1,0.7370354890602208,0.3711031672747905
23,last,29,32,10,0.8601279044164108,0.7401203594510596
23,last,29,full,0.01,0.6863991949259174,0.001320715531723337
23,last,29,full,0.1,0.6548965563727055,0.04014798804907893
23,last,29,full,1,0.6960203465724594,0.2799398954096891
23,last,29,full,10,0.8530542424880482,0.7256939804503107
23,last,43,1,0.01,1.0489901691111811,0.9809380261380951
23,last,43,1,0.1,1.0440138338988885,0.9840391872397611
23,last,43,1,1,1.0370525324942466,1.0014987786138518
23,last,43,1,10,1.035378462087212,1.0359274725716414
23,last,43,2,0.01,0.9921908915618906,0.8651180567981459
23,last,43,2,0.1,0.9909130170662334,0.8690513166370014
23,last,43,2,1,1.000296252355268,0.8928569213406322
23,last,43,2,10,1.0133857113893325,0.9545073997663541
23,last,43,4,0.01,0.9399725524780896,0.7453668354278881
23,last,43,4,0.1,0.9395817265302076,0.7505688785387231
23,last,43,4,1,0.9587131119410278,0.7837073837320884
23,last,43,4,10,0.9915837173339067,0.883607605460249
23,last,43,8,0.01,0.8728494504716003,0.57613257358457
23,last,43,8,0.1,0.863719935038875,0.5838762830086992
23,last,43,8,1,0.8733529963232186,0.6331182968304587
23,last,43,8,10,0.9366727923690285,0.7968300283665337
23,last,43,16,0.01,0.8086370179704616,0.39260938729055955
23,last,43,16,0.1,0.798801579693337,0.40327683610507875
23,last,43,16,1,0.8104766374065653,0.4790422343835849
23,last,43,16,10,0.9039011631264732,0.7332277908674046
23,last,43,32,0.01,0.7572859787092515,0.21069131893397092
23,last,43,32,0.1,0.7425381918720602,0.22573449649500457
23,last,43,32,1,0.7590750694162948,0.3473249270838391
23,last,43,32,10,0.8889237911593204,0.6994163116990965
23,last,43,full,0.01,0.7060918014978492,0.0012250293500526207
23,last,43,full,0.1,0.6756500315445653,0.03777567864114606
23,last,43,full,1,0.7193655683954567,0.26245381170616383
23,last,43,full,10,0.8823462645566722,0.6861228062474218
23,mean,17,1,0.01,0.4044386543646287,0.1547776625610696
23,mean,17,1,0.1,0.45283973958306073,0.2601774901009871
23,mean,17,1,1,0.49853247597314937,0.45718919481642006
23,mean,17,1,10,0.5060436644833725,0.5319092084955631
23,mean,17,2,0.01,0.3958874747457661,0.13891086593349655
23,mean,17,2,0.1,0.4445738518018875,0.24569126002515426
23,mean,17,2,1,0.49168775936937253,0.4469021456605384
23,mean,17,2,10,0.504145643656304,0.5293055501474404
23,mean,17,4,0.01,0.38469682099500196,0.11809313885696081
23,mean,17,4,0.1,0.4342543690974048,0.22632396551378586
23,mean,17,4,1,0.4835490830079698,0.43374445933500494
23,mean,17,4,10,0.5021277787900587,0.5262601087369113
23,mean,17,8,0.01,0.36692999356281114,0.09112547109318905
23,mean,17,8,0.1,0.41794065981952394,0.20205264370774897
23,mean,17,8,1,0.4754102055442309,0.42189312269020907
23,mean,17,8,10,0.5008158333178608,0.524371389564442
23,mean,17,16,0.01,0.3518877742752469,0.06499323420075631
23,mean,17,16,0.1,0.40477675729233265,0.18105174207611122
23,mean,17,16,1,0.4708838487377145,0.4148295151605562
23,mean,17,16,10,0.5002218690050304,0.5234522383951782
23,mean,17,32,0.01,0.3417841922980555,0.04273954862249499
23,mean,17,32,0.1,0.39660351193798743,0.1669770801545078
23,mean,17,32,1,0.4689409827746524,0.41185813768830437
23,mean,17,32,10,0.5000002131234513,0.5231191040026278
23,mean,17,full,0.01,0.33406428635079527,0.023753676828563653
23,mean,17,full,0.1,0.39388089048846214,0.16127249081068212
23,mean,17,full,1,0.46858507666144694,0.4111363134483766
23,mean,17,full,10,0.4999635020435201,0.5230449356064019
23,mean,29,1,0.01,0.2969629874458357,0.15665700719226278
23,mean,29,1,0.1,0.42290058380768974,0.24243634955757432
23,mean,29,1,1,0.5007547333795191,0.3346211178003654
23,mean,29,1,10,0.505269250001469,0.3769781345751236
23,mean,29,2,0.01,0.288719487766899,0.13863782337601283
23,mean,29,2,0.1,0.4155244243220948,0.22544285927280733
23,mean,29,2,1,0.4945697846237472,0.3207140611653138
23,mean,29,2,10,0.5032053870402826,0.3725295474378594
23,mean,29,4,0.01,0.27667594222255326,0.11678928900218424
23,mean,29,4,0.1,0.403969402003488,0.204693602632224
23,mean,29,4,1,0.4842025093079419,0.3056932775236717
23,mean,29,4,10,0.5001375968024381,0.3686035941113596
23,mean,29,8,0.01,0.2575137087971442,0.0904072441478662
23,mean,29,8,0.1,0.38573781414217007,0.18050844064582208
23,mean,29,8,1,0.4748190439460307,0.2923306594162948
23,mean,29,8,10,0.49847380503647837,0.36618756821086995
23,mean,29,16,0.01,0.24592885298836734,0.06645300905919202
23,mean,29,16,0.1,0.3759310470776576,0.16022619053273124
23,mean,29,16,1,0.4702892930233946,0.28435129119011193
23,mean,29,16,10,0.4978298073835059,0.3650811178864421
23,mean,29,32,0.01,0.23539038173977533,0.045004273238857945
23,mean,29,32,0.1,0.3677301426870809,0.14636207507616417
23,mean,29,32,1,0.4683140706068764,0.28136911697359984
23,mean,29,32,10,0.49760330849363243,0.36474483589610995
23,mean,29,full,0.01,0.2260989437093368,0.027100209356473705
23,mean,29,full,0.1,0.36379011195702987,0.14020459050607653
23,mean,29,full,1,0.4677623296789664,0.28053870906308437
23,mean,29,full,10,0.49754591199374093,0.3646587593249823
23,mean,43,1,0.01,0.4261254276718189,0.15465299349838266
23,mean,43,1,0.1,0.4553779664172252,0.24335971263758455
23,mean,43,1,1,0.4907648236757996,0.4428492246093126
23,mean,43,1,10,0.5123107761024709,0.5225496113110457
23,mean,43,2,0.01,0.4184606982676054,0.1322954989118552
23,mean,43,2,0.1,0.44811898270501943,0.22229785936062413
23,mean,43,2,1,0.48404008111428437,0.42648218842126523
23,mean,43,2,10,0.5101082899514245,0.5177797076337333
23,mean,43,4,0.01,0.4053322292137905,0.11093195016645119
23,mean,43,4,0.1,0.4356274427056588,0.2021023700109154
23,mean,43,4,1,0.47357692099990617,0.41126117951183855
23,mean,43,4,10,0.5070349707880675,0.5136933098398059
23,mean,43,8,0.01,0.3904620871402063,0.08393078218625263
23,mean,43,8,0.1,0.42158058787363983,0.177712201997414
23,mean,43,8,1,0.46527370568182175,0.39874422648337127
23,mean,43,8,10,0.505566018584733,0.5115358513382683
23,mean,43,16,0.01,0.37723599079319775,0.05842446673355187
23,mean,43,16,0.1,0.40993278660391796,0.15640871705070308
23,mean,43,16,1,0.4609108888049342,0.39060877113084613
23,mean,43,16,10,0.5049650836401759,0.5104336526592874
23,mean,43,32,0.01,0.36599611806912674,0.03578095359245216
23,mean,43,32,0.1,0.40084690184977406,0.14139887319584427
23,mean,43,32,1,0.45871933434568435,0.38730753829672
23,mean,43,32,10,0.50471250790139,0.5100595493051115
23,mean,43,full,0.01,0.3573980739874092,0.01837258829297318
23,mean,43,full,0.1,0.39734897884889797,0.13571571180000377
23,mean,43,full,1,0.45824136249100506,0.3865611567740836
23,mean,43,full,10,0.5046629206520737,0.5099824691564302
28,last,17,1,0.01,2.028970727481164,1.6950800195514093
28,last,17,1,0.1,1.969812253439633,1.7199714541991236
28,last,17,1,1,1.9569823960042807,1.806937442980828
28,last,17,1,10,2.013462937746512,1.923732854663231
28,last,17,2,0.01,1.9439486216329442,1.4327272122883847
28,last,17,2,0.1,1.8808479391830177,1.4671652562635196
28,last,17,2,1,1.8667300931512736,1.5917237562544122
28,last,17,2,10,1.9767435599470826,1.7948697838641487
28,last,17,4,0.01,1.800362824317255,1.1303783424076508
28,last,17,4,0.1,1.7416672339157546,1.1762643899195697
28,last,17,4,1,1.7332273720222673,1.3447415776621365
28,last,17,4,10,1.8626281785062384,1.641034935064204
28,last,17,8,0.01,1.694590628796215,0.8585318207005871
28,last,17,8,0.1,1.6204442032059927,0.9174163120955926
28,last,17,8,1,1.6249862484505495,1.1405568458368112
28,last,17,8,10,1.7928574110907103,1.5340096423375682
28,last,17,16,0.01,1.6291372254355114,0.5648928021982755
28,last,17,16,0.1,1.5409669833550748,0.6361942889513562
28,last,17,16,1,1.5462168655150716,0.918084097096542
28,last,17,16,10,1.7570608565381882,1.454031059842443
28,last,17,32,0.01,1.5957224642073837,0.29993058086126484
28,last,17,32,0.1,1.4994422176686315,0.38787824782071023
28,last,17,32,1,1.5031925549207665,0.7578278928045228
28,last,17,32,10,1.7440525223523584,1.4170157008100663
28,last,17,full,0.01,1.5751480597252492,0.00809841027170143
28,last,17,full,0.1,1.4375166021568602,0.14558710025273222
28,last,17,full,1,1.4669407132927326,0.6655857853353553
28,last,17,full,10,1.738399545790809,1.403759401181111
28,last,29,1,0.01,1.991697044311991,1.7805677105163118
28,last,29,1,0.1,1.9723215651383252,1.800390525543808
28,last,29,1,1,1.962913734690381,1.8873179022530917
28,last,29,1,10,1.9871514736108313,2.0186941410271126
28,last,29,2,0.01,1.908728480900758,1.471929199629226
28,last,29,2,0.1,1.8802023870731872,1.5011444320837508
28,last,29,2,1,1.8822917056590835,1.6247628525233953
28,last,29,2,10,1.9502275864353746,1.851810955104256
28,last,29,4,0.01,1.8249991137165413,1.172776967429396
28,last,29,4,0.1,1.7795759453659745,1.2102034804212882
28,last,29,4,1,1.7663520598931048,1.3734718921682723
28,last,29,4,10,1.8479591603688086,1.673403611564972
28,last,29,8,0.01,1.7483317549484692,0.8586041690129098
28,last,29,8,0.1,1.674803253631756,0.9076026822361601
28,last,29,8,1,1.6672033767010852,1.1283376454181646
28,last,29,8,10,1.781851593209679,1.5600845564959855
28,last,29,16,0.01,1.6719888885191814,0.5676472284884154
28,last,29,16,0.1,1.5786234389691849,0.6296728111549226
28,last,29,16,1,1.5725956525899374,0.9124044437499093
28,last,29,16,10,1.742092779158158,1.4794462427974806
28,last,29,32,0.01,1.6284758721187116,0.29417138260934417
28,last,29,32,0.1,1.5334564922983887,0.3737549825237966
28,last,29,32,1,1.5284614345808027,0.7472260400054216
28,last,29,32,10,1.728217678091741,1.4429821434176955
28,last,29,full,0.01,1.6070042879850703,0.006729189462361287
28,last,29,full,0.1,1.4718312008902048,0.13365504098950107
28,last,29,full,1,1.4908185349419576,0.6556093606796528
28,last,29,full,10,1.7222115922248742,1.4299478261646035
28,last,43,1,0.01,2.0509426827381136,1.6470364229052876
28,last,43,1,0.1,1.994577530875955,1.6674623868523633
28,last,43,1,1,1.97143637410847,1.7539135138707875
28,last,43,1,10,2.021512744526158,1.860095214097725
28,last,43,2,0.01,1.9669947282896034,1.3424167287307343
28,last,43,2,0.1,1.9124560451395596,1.3691695258447067
28,last,43,2,1,1.9045108966128639,1.49167488597846
28,last,43,2,10,1.9706956285177102,1.6969621346759678
28,last,43,4,0.01,1.8780050860986208,1.080038078622935
28,last,43,4,0.1,1.818278659058423,1.1131024939309793
28,last,43,4,1,1.8218624847127372,1.270954260981041
28,last,43,4,10,1.911922388366155,1.5550477071309672
28,last,43,8,0.01,1.782437772025526,0.8112018342502426
28,last,43,8,0.1,1.6942492219164684,0.8552761866999987
28,last,43,8,1,1.7007611926989827,1.0687504658001405
28,last,43,8,10,1.8456720893985252,1.4504957242235865
28,last,43,16,0.01,1.7204469292664044,0.5333264756206022
28,last,43,16,0.1,1.6231174684529293,0.5891803443210165
28,last,43,16,1,1.6261071315425557,0.8524980937358936
28,last,43,16,10,1.8086937679951536,1.3681401279672376
28,last,43,32,0.01,1.6810780655516373,0.27717330507408766
28,last,43,32,0.1,1.5623823476998293,0.34709474443649085
28,last,43,32,1,1.5644405538929025,0.6967592804615451
28,last,43,32,10,1.791753881505467,1.33298059652029
28,last,43,full,0.01,1.6631077481297891,0.005758254684115281
28,last,43,full,0.1,1.5015359135525015,0.12011769275822785
28,last,43,full,1,1.5272100922448146,0.6104739136401953
28,last,43,full,10,1.7858052674220415,1.3207262985677055
28,mean,17,1,0.01,0.1662109575763456,0.1797847750645508
28,mean,17,1,0.1,0.1655856811166236,0.18021533539947363
28,mean,17,1,1,0.16582947174302434,0.18219836728760244
28,mean,17,1,10,0.16797888269273042,0.1879413584858171
28,mean,17,2,0.01,0.15646095672693558,0.15770600328852996
28,mean,17,2,0.1,0.15609732663659784,0.15875983318624176
28,mean,17,2,1,0.15801717335841367,0.16344587773038896
28,mean,17,2,10,0.16378515587451134,0.17580016646378688
28,mean,17,4,0.01,0.1368515685828294,0.13008801666632333
28,mean,17,4,0.1,0.1362307789740578,0.13188428156762125
28,mean,17,4,1,0.13881068720322343,0.1394209154196271
28,mean,17,4,10,0.1495186506276905,0.1591923386961647
28,mean,17,8,0.01,0.12094352914203739,0.09672263514336849
28,mean,17,8,0.1,0.12009582900629756,0.09957490786769022
28,mean,17,8,1,0.12384620950067847,0.11157333291040607
28,mean,17,8,10,0.13817826634434136,0.14168530005908214
28,mean,17,16,0.01,0.10563140242867279,0.061226811615544934
28,mean,17,16,0.1,0.10352114310724349,0.06584643324698518
28,mean,17,16,1,0.1094030253635318,0.0854186055477134
28,mean,17,16,10,0.13250631519189557,0.13167067130633034
28,mean,17,32,0.01,0.09729046871207903,0.030810051954726123
28,mean,17,32,0.1,0.09476002908705206,0.038159520041260026
28,mean,17,32,1,0.10221197384111269,0.06874203511712833
28,mean,17,32,10,0.13061399466870052,0.12813155621831313
28,mean,17,full,0.01,0.09181860553920207,0.0015505689536589008
28,mean,17,full,0.1,0.08625080129187934,0.016619235776462387
28,mean,17,full,1,0.09900787343669941,0.062208912668541755
28,mean,17,full,10,0.13019524328940327,0.12729799536716738
28,mean,29,1,0.01,0.16657333744014793,0.17152824897116675
28,mean,29,1,0.1,0.16618236533474753,0.1721585174337401
28,mean,29,1,1,0.16698831215977536,0.17438359141509802
28,mean,29,1,10,0.16914628544826119,0.1799656168251765
28,mean,29,2,0.01,0.15844842400390796,0.14924230364275898
28,mean,29,2,0.1,0.1583883272947122,0.1504308938359846
28,mean,29,2,1,0.1607005839251212,0.15521154237954551
28,mean,29,2,10,0.1647475082178416,0.1687706994051553
28,mean,29,4,0.01,0.1380700714882856,0.12199211222420224
28,mean,29,4,0.1,0.13825288320781837,0.12373955318451169
28,mean,29,4,1,0.14195902378429545,0.13107008274443707
28,mean,29,4,10,0.15173722510798787,0.15057851687661997
28,mean,29,8,0.01,0.11973507385597308,0.09001203869922941
28,mean,29,8,0.1,0.1199631216966706,0.09269158359229829
28,mean,29,8,1,0.12430674454340353,0.10371750659612264
28,mean,29,8,10,0.13873249440120583,0.13410532964825744
28,mean,29,16,0.01,0.10380991811058053,0.05733900028885337
28,mean,29,16,0.1,0.10394399066193756,0.061938604765971794
28,mean,29,16,1,0.11207167279224821,0.07959050043763509
28,mean,29,16,10,0.13359022614127514,0.1241073986756416
28,mean,29,32,0.01,0.09512139584675594,0.028320189812962478
28,mean,29,32,0.1,0.0951304318226011,0.035295903748053824
28,mean,29,32,1,0.10493948820546367,0.06403634665530357
28,mean,29,32,10,0.13189493412351921,0.12097158979761767
28,mean,29,full,0.01,0.08904428926582249,0.0014965198698797628
28,mean,29,full,0.1,0.08624065674068095,0.01569407473812707
28,mean,29,full,1,0.10142447395035893,0.0579761243686747
28,mean,29,full,10,0.1314144724352607,0.12019440377681362
28,mean,43,1,0.01,0.1728052542864382,0.1765592578304352
28,mean,43,1,0.1,0.17182388684190694,0.177319423823147
28,mean,43,1,1,0.1721611089048296,0.1803837165648238
28,mean,43,1,10,0.17275884564321486,0.1874158391854868
28,mean,43,2,0.01,0.15661943102159517,0.15505309136825773
28,mean,43,2,0.1,0.15633461967721196,0.15623805112204708
28,mean,43,2,1,0.15981772334271901,0.1615723106431252
28,mean,43,2,10,0.16415516411853223,0.17354623341947167
28,mean,43,4,0.01,0.14041278689276784,0.1268196558461461
28,mean,43,4,0.1,0.13922936853781798,0.1287345403226466
28,mean,43,4,1,0.1428290271810583,0.13708597576069542
28,mean,43,4,10,0.15211928078105974,0.1562531655193043
28,mean,43,8,0.01,0.12592685969842013,0.09271879950411759
28,mean,43,8,0.1,0.12367009413208814,0.09592052932850072
28,mean,43,8,1,0.1282589735547963,0.10903836207037962
28,mean,43,8,10,0.14110325987276331,0.13991482953868617
28,mean,43,16,0.01,0.11301859942904896,0.0577063245057798
28,mean,43,16,0.1,0.11040393822667949,0.06262569253469338
28,mean,43,16,1,0.11664620624584598,0.08322774634695392
28,mean,43,16,10,0.13636853133528384,0.1300940115681429
28,mean,43,32,0.01,0.10236541516064529,0.02759177803128547
28,mean,43,32,0.1,0.0983289593453238,0.0350808087110174
28,mean,43,32,1,0.1076010733888464,0.06632594824363637
28,mean,43,32,10,0.13433021290352787,0.12649888553872715
28,mean,43,full,0.01,0.09670343516961294,0.0013996387673988256
28,mean,43,full,0.1,0.09013624090866156,0.015778326411623415
28,mean,43,full,1,0.1044328496083416,0.06043184863697172
28,mean,43,full,10,0.13389181846545758,0.1257430137008668
