split,variant,n,clusters,mse_difference,difference_ci_low,difference_ci_high,improvement_over_shift,improvement_ci_low,improvement_ci_high,recall_difference,recall_ci_low,recall_ci_high
iid,canonical,24,22,-0.6514850352749189,-1.0863692503808597,-0.3090883410387326,0.7206875150037807,0.46017754897485874,0.9427110208581878,0.0,0.0,0.0
iid,paraphrase,24,22,-0.6289687008595626,-1.0480127622432593,-0.300416618924666,0.6808374224962045,0.43004323231409947,0.8977521057673167,0.40277777777777773,0.24627799736495387,0.5555555555555556
topic,canonical,96,24,-0.933945228659975,-1.3562773670714237,-0.6109597189232524,0.7715377648547894,0.6654679015137578,0.9381891786143428,0.0,0.0,0.0
topic,paraphrase,96,24,-0.9109071025061326,-1.330663761716052,-0.5941603799212133,0.7410629524432233,0.6377966909570947,0.9002866868976337,0.2222222222222222,0.12847222222222224,0.31944444444444436
template,canonical,24,23,-0.5338831874401945,-1.0266799986823318,-0.2174760377116246,0.8467808757693652,0.7709892358005868,0.879048006550708,0.0,0.0,0.0
template,paraphrase,24,23,1.4756089119211744,0.8468429310493771,2.055835652272563,-0.3047952869327313,-0.6508439528477526,-0.1349737336280244,0.16666666666666666,0.043478260869565216,0.30666666666666664
expression,canonical,24,21,0.10019298180338865,-6.280426853509718,7.934391348505564,-0.001206498106102627,-0.08249524890019358,0.08671027524111986,0.0,0.0,0.0
expression,paraphrase,24,21,-0.1996065506083653,-7.6975239989129935,9.061293026447736,0.0016080135793892225,-0.06322459760394641,0.07105671885611733,0.0,0.0,0.0
joint,canonical,96,24,-4.842794340256518,-7.038653553546929,-2.63988643130721,0.06241098252769206,0.0330368676812232,0.09416244586131063,0.0,0.0,0.0
joint,paraphrase,96,24,-6.67715021172117,-9.465862232561793,-3.4973104793558143,0.071860254387066,0.03514994514761379,0.10971285259300552,0.0,0.0,0.0
