layer,pool,seed,control,split,variant,accuracy,alpha
0,last,17,real,dev,canonical,0.5,0.01
0,last,17,real,dev,paraphrase,0.5,0.01
0,last,17,real,expression,canonical,0.5,0.01
0,last,17,real,expression,paraphrase,0.5,0.01
0,last,17,real,iid,canonical,0.5,0.01
0,last,17,real,iid,paraphrase,0.5,0.01
0,last,17,real,joint,canonical,0.5,0.01
0,last,17,real,joint,paraphrase,0.5,0.01
0,last,17,real,template,canonical,0.5,0.01
0,last,17,real,template,paraphrase,0.5,0.01
0,last,17,real,topic,canonical,0.5,0.01
0,last,17,real,topic,paraphrase,0.5,0.01
0,last,17,real,train,canonical,0.5,0.01
0,last,17,real,train,paraphrase,0.5,0.01
0,last,17,shuffled_labels,dev,canonical,0.5,0.01
0,last,17,shuffled_labels,dev,paraphrase,0.5,0.01
0,last,17,shuffled_labels,expression,canonical,0.5,0.01
0,last,17,shuffled_labels,expression,paraphrase,0.5,0.01
0,last,17,shuffled_labels,iid,canonical,0.5,0.01
0,last,17,shuffled_labels,iid,paraphrase,0.5,0.01
0,last,17,shuffled_labels,joint,canonical,0.5,0.01
0,last,17,shuffled_labels,joint,paraphrase,0.5,0.01
0,last,17,shuffled_labels,template,canonical,0.5,0.01
0,last,17,shuffled_labels,template,paraphrase,0.5,0.01
0,last,17,shuffled_labels,topic,canonical,0.5,0.01
0,last,17,shuffled_labels,topic,paraphrase,0.5,0.01
0,last,17,shuffled_labels,train,canonical,0.5,0.01
0,last,17,shuffled_labels,train,paraphrase,0.5,0.01
0,last,29,real,dev,canonical,0.5,0.01
0,last,29,real,dev,paraphrase,0.5,0.01
0,last,29,real,expression,canonical,0.5,0.01
0,last,29,real,expression,paraphrase,0.5,0.01
0,last,29,real,iid,canonical,0.5,0.01
0,last,29,real,iid,paraphrase,0.5,0.01
0,last,29,real,joint,canonical,0.5,0.01
0,last,29,real,joint,paraphrase,0.5,0.01
0,last,29,real,template,canonical,0.5,0.01
0,last,29,real,template,paraphrase,0.5,0.01
0,last,29,real,topic,canonical,0.5,0.01
0,last,29,real,topic,paraphrase,0.5,0.01
0,last,29,real,train,canonical,0.5,0.01
0,last,29,real,train,paraphrase,0.5,0.01
0,last,29,shuffled_labels,dev,canonical,0.5,0.01
0,last,29,shuffled_labels,dev,paraphrase,0.5,0.01
0,last,29,shuffled_labels,expression,canonical,0.5,0.01
0,last,29,shuffled_labels,expression,paraphrase,0.5,0.01
0,last,29,shuffled_labels,iid,canonical,0.5,0.01
0,last,29,shuffled_labels,iid,paraphrase,0.5,0.01
0,last,29,shuffled_labels,joint,canonical,0.5,0.01
0,last,29,shuffled_labels,joint,paraphrase,0.5,0.01
0,last,29,shuffled_labels,template,canonical,0.5,0.01
0,last,29,shuffled_labels,template,paraphrase,0.5,0.01
0,last,29,shuffled_labels,topic,canonical,0.5,0.01
0,last,29,shuffled_labels,topic,paraphrase,0.5,0.01
0,last,29,shuffled_labels,train,canonical,0.5,0.01
0,last,29,shuffled_labels,train,paraphrase,0.5,0.01
0,last,43,real,dev,canonical,0.5,0.01
0,last,43,real,dev,paraphrase,0.5,0.01
0,last,43,real,expression,canonical,0.5,0.01
0,last,43,real,expression,paraphrase,0.5,0.01
0,last,43,real,iid,canonical,0.5,0.01
0,last,43,real,iid,paraphrase,0.5,0.01
0,last,43,real,joint,canonical,0.5,0.01
0,last,43,real,joint,paraphrase,0.5,0.01
0,last,43,real,template,canonical,0.5,0.01
0,last,43,real,template,paraphrase,0.5,0.01
0,last,43,real,topic,canonical,0.5,0.01
0,last,43,real,topic,paraphrase,0.5,0.01
0,last,43,real,train,canonical,0.5,0.01
0,last,43,real,train,paraphrase,0.5,0.01
0,last,43,shuffled_labels,dev,canonical,0.5,0.01
0,last,43,shuffled_labels,dev,paraphrase,0.5,0.01
0,last,43,shuffled_labels,expression,canonical,0.5,0.01
0,last,43,shuffled_labels,expression,paraphrase,0.5,0.01
0,last,43,shuffled_labels,iid,canonical,0.5,0.01
0,last,43,shuffled_labels,iid,paraphrase,0.5,0.01
0,last,43,shuffled_labels,joint,canonical,0.5,0.01
0,last,43,shuffled_labels,joint,paraphrase,0.5,0.01
0,last,43,shuffled_labels,template,canonical,0.5,0.01
0,last,43,shuffled_labels,template,paraphrase,0.5,0.01
0,last,43,shuffled_labels,topic,canonical,0.5,0.01
0,last,43,shuffled_labels,topic,paraphrase,0.5,0.01
0,last,43,shuffled_labels,train,canonical,0.5,0.01
0,last,43,shuffled_labels,train,paraphrase,0.5,0.01
0,mean,17,real,dev,canonical,1.0,0.01
0,mean,17,real,dev,paraphrase,1.0,0.01
0,mean,17,real,expression,canonical,0.5,0.01
0,mean,17,real,expression,paraphrase,0.5,0.01
0,mean,17,real,iid,canonical,1.0,0.01
0,mean,17,real,iid,paraphrase,1.0,0.01
0,mean,17,real,joint,canonical,0.5,0.01
0,mean,17,real,joint,paraphrase,0.5,0.01
0,mean,17,real,template,canonical,1.0,0.01
0,mean,17,real,template,paraphrase,1.0,0.01
0,mean,17,real,topic,canonical,1.0,0.01
0,mean,17,real,topic,paraphrase,1.0,0.01
0,mean,17,real,train,canonical,1.0,0.01
0,mean,17,real,train,paraphrase,1.0,0.01
0,mean,17,shuffled_labels,dev,canonical,0.7291666666666666,10
0,mean,17,shuffled_labels,dev,paraphrase,0.6354166666666666,10
0,mean,17,shuffled_labels,expression,canonical,0.4791666666666667,10
0,mean,17,shuffled_labels,expression,paraphrase,0.4791666666666667,10
0,mean,17,shuffled_labels,iid,canonical,0.7291666666666666,10
0,mean,17,shuffled_labels,iid,paraphrase,0.625,10
0,mean,17,shuffled_labels,joint,canonical,0.46875,10
0,mean,17,shuffled_labels,joint,paraphrase,0.421875,10
0,mean,17,shuffled_labels,template,canonical,0.7083333333333334,10
0,mean,17,shuffled_labels,template,paraphrase,0.625,10
0,mean,17,shuffled_labels,topic,canonical,0.7708333333333334,10
0,mean,17,shuffled_labels,topic,paraphrase,0.640625,10
0,mean,17,shuffled_labels,train,canonical,0.6726190476190477,10
0,mean,17,shuffled_labels,train,paraphrase,0.5952380952380952,10
0,mean,29,real,dev,canonical,1.0,0.01
0,mean,29,real,dev,paraphrase,1.0,0.01
0,mean,29,real,expression,canonical,0.5,0.01
0,mean,29,real,expression,paraphrase,0.5,0.01
0,mean,29,real,iid,canonical,1.0,0.01
0,mean,29,real,iid,paraphrase,1.0,0.01
0,mean,29,real,joint,canonical,0.5,0.01
0,mean,29,real,joint,paraphrase,0.5,0.01
0,mean,29,real,template,canonical,1.0,0.01
0,mean,29,real,template,paraphrase,1.0,0.01
0,mean,29,real,topic,canonical,1.0,0.01
0,mean,29,real,topic,paraphrase,1.0,0.01
0,mean,29,real,train,canonical,1.0,0.01
0,mean,29,real,train,paraphrase,1.0,0.01
0,mean,29,shuffled_labels,dev,canonical,0.59375,1
0,mean,29,shuffled_labels,dev,paraphrase,0.5833333333333334,1
0,mean,29,shuffled_labels,expression,canonical,0.5625,1
0,mean,29,shuffled_labels,expression,paraphrase,0.5416666666666666,1
0,mean,29,shuffled_labels,iid,canonical,0.5625,1
0,mean,29,shuffled_labels,iid,paraphrase,0.5416666666666666,1
0,mean,29,shuffled_labels,joint,canonical,0.5625,1
0,mean,29,shuffled_labels,joint,paraphrase,0.5416666666666666,1
0,mean,29,shuffled_labels,template,canonical,0.5416666666666666,1
0,mean,29,shuffled_labels,template,paraphrase,0.5625,1
0,mean,29,shuffled_labels,topic,canonical,0.6354166666666666,1
0,mean,29,shuffled_labels,topic,paraphrase,0.5989583333333334,1
0,mean,29,shuffled_labels,train,canonical,0.5922619047619048,1
0,mean,29,shuffled_labels,train,paraphrase,0.5744047619047619,1
0,mean,43,real,dev,canonical,1.0,0.01
0,mean,43,real,dev,paraphrase,1.0,0.01
0,mean,43,real,expression,canonical,0.5,0.01
0,mean,43,real,expression,paraphrase,0.5,0.01
0,mean,43,real,iid,canonical,1.0,0.01
0,mean,43,real,iid,paraphrase,1.0,0.01
0,mean,43,real,joint,canonical,0.5,0.01
0,mean,43,real,joint,paraphrase,0.5,0.01
0,mean,43,real,template,canonical,1.0,0.01
0,mean,43,real,template,paraphrase,1.0,0.01
0,mean,43,real,topic,canonical,1.0,0.01
0,mean,43,real,topic,paraphrase,1.0,0.01
0,mean,43,real,train,canonical,1.0,0.01
0,mean,43,real,train,paraphrase,1.0,0.01
0,mean,43,shuffled_labels,dev,canonical,0.6041666666666666,10
0,mean,43,shuffled_labels,dev,paraphrase,0.5104166666666666,10
0,mean,43,shuffled_labels,expression,canonical,0.5208333333333334,10
0,mean,43,shuffled_labels,expression,paraphrase,0.5,10
0,mean,43,shuffled_labels,iid,canonical,0.5625,10
0,mean,43,shuffled_labels,iid,paraphrase,0.5,10
0,mean,43,shuffled_labels,joint,canonical,0.5520833333333334,10
0,mean,43,shuffled_labels,joint,paraphrase,0.421875,10
0,mean,43,shuffled_labels,template,canonical,0.5416666666666666,10
0,mean,43,shuffled_labels,template,paraphrase,0.5416666666666666,10
0,mean,43,shuffled_labels,topic,canonical,0.6041666666666666,10
0,mean,43,shuffled_labels,topic,paraphrase,0.5104166666666666,10
0,mean,43,shuffled_labels,train,canonical,0.5654761904761905,10
0,mean,43,shuffled_labels,train,paraphrase,0.5029761904761905,10
5,last,17,real,dev,canonical,1.0,0.01
5,last,17,real,dev,paraphrase,1.0,0.01
5,last,17,real,expression,canonical,1.0,0.01
5,last,17,real,expression,paraphrase,0.9583333333333334,0.01
5,last,17,real,iid,canonical,1.0,0.01
5,last,17,real,iid,paraphrase,1.0,0.01
5,last,17,real,joint,canonical,0.9114583333333334,0.01
5,last,17,real,joint,paraphrase,0.8697916666666666,0.01
5,last,17,real,template,canonical,1.0,0.01
5,last,17,real,template,paraphrase,1.0,0.01
5,last,17,real,topic,canonical,1.0,0.01
5,last,17,real,topic,paraphrase,1.0,0.01
5,last,17,real,train,canonical,1.0,0.01
5,last,17,real,train,paraphrase,1.0,0.01
5,last,17,shuffled_labels,dev,canonical,0.8125,10
5,last,17,shuffled_labels,dev,paraphrase,0.6770833333333334,10
5,last,17,shuffled_labels,expression,canonical,0.5833333333333334,10
5,last,17,shuffled_labels,expression,paraphrase,0.7916666666666666,10
5,last,17,shuffled_labels,iid,canonical,0.8541666666666666,10
5,last,17,shuffled_labels,iid,paraphrase,0.7083333333333334,10
5,last,17,shuffled_labels,joint,canonical,0.6041666666666666,10
5,last,17,shuffled_labels,joint,paraphrase,0.96875,10
5,last,17,shuffled_labels,template,canonical,0.7916666666666666,10
5,last,17,shuffled_labels,template,paraphrase,0.6875,10
5,last,17,shuffled_labels,topic,canonical,0.75,10
5,last,17,shuffled_labels,topic,paraphrase,0.640625,10
5,last,17,shuffled_labels,train,canonical,0.7291666666666666,10
5,last,17,shuffled_labels,train,paraphrase,0.6101190476190477,10
5,last,29,real,dev,canonical,1.0,0.01
5,last,29,real,dev,paraphrase,1.0,0.01
5,last,29,real,expression,canonical,1.0,0.01
5,last,29,real,expression,paraphrase,0.9791666666666666,0.01
5,last,29,real,iid,canonical,1.0,0.01
5,last,29,real,iid,paraphrase,1.0,0.01
5,last,29,real,joint,canonical,0.96875,0.01
5,last,29,real,joint,paraphrase,0.859375,0.01
5,last,29,real,template,canonical,1.0,0.01
5,last,29,real,template,paraphrase,1.0,0.01
5,last,29,real,topic,canonical,1.0,0.01
5,last,29,real,topic,paraphrase,1.0,0.01
5,last,29,real,train,canonical,1.0,0.01
5,last,29,real,train,paraphrase,1.0,0.01
5,last,29,shuffled_labels,dev,canonical,0.7604166666666666,10
5,last,29,shuffled_labels,dev,paraphrase,0.7291666666666666,10
5,last,29,shuffled_labels,expression,canonical,0.4583333333333333,10
5,last,29,shuffled_labels,expression,paraphrase,0.4166666666666667,10
5,last,29,shuffled_labels,iid,canonical,0.7708333333333334,10
5,last,29,shuffled_labels,iid,paraphrase,0.7291666666666666,10
5,last,29,shuffled_labels,joint,canonical,0.4947916666666667,10
5,last,29,shuffled_labels,joint,paraphrase,0.5,10
5,last,29,shuffled_labels,template,canonical,0.6041666666666666,10
5,last,29,shuffled_labels,template,paraphrase,0.6041666666666666,10
5,last,29,shuffled_labels,topic,canonical,0.78125,10
5,last,29,shuffled_labels,topic,paraphrase,0.7708333333333334,10
5,last,29,shuffled_labels,train,canonical,0.7440476190476191,10
5,last,29,shuffled_labels,train,paraphrase,0.7232142857142857,10
5,last,43,real,dev,canonical,1.0,0.01
5,last,43,real,dev,paraphrase,1.0,0.01
5,last,43,real,expression,canonical,0.9791666666666666,0.01
5,last,43,real,expression,paraphrase,0.9375,0.01
5,last,43,real,iid,canonical,1.0,0.01
5,last,43,real,iid,paraphrase,1.0,0.01
5,last,43,real,joint,canonical,0.8697916666666666,0.01
5,last,43,real,joint,paraphrase,0.7291666666666666,0.01
5,last,43,real,template,canonical,1.0,0.01
5,last,43,real,template,paraphrase,1.0,0.01
5,last,43,real,topic,canonical,1.0,0.01
5,last,43,real,topic,paraphrase,1.0,0.01
5,last,43,real,train,canonical,1.0,0.01
5,last,43,real,train,paraphrase,1.0,0.01
5,last,43,shuffled_labels,dev,canonical,0.5625,10
5,last,43,shuffled_labels,dev,paraphrase,0.5833333333333334,10
5,last,43,shuffled_labels,expression,canonical,0.7708333333333334,10
5,last,43,shuffled_labels,expression,paraphrase,0.6875,10
5,last,43,shuffled_labels,iid,canonical,0.6041666666666666,10
5,last,43,shuffled_labels,iid,paraphrase,0.6041666666666666,10
5,last,43,shuffled_labels,joint,canonical,0.6770833333333334,10
5,last,43,shuffled_labels,joint,paraphrase,0.7083333333333334,10
5,last,43,shuffled_labels,template,canonical,0.5625,10
5,last,43,shuffled_labels,template,paraphrase,0.6458333333333334,10
5,last,43,shuffled_labels,topic,canonical,0.578125,10
5,last,43,shuffled_labels,topic,paraphrase,0.609375,10
5,last,43,shuffled_labels,train,canonical,0.5922619047619048,10
5,last,43,shuffled_labels,train,paraphrase,0.5833333333333334,10
5,mean,17,real,dev,canonical,1.0,0.01
5,mean,17,real,dev,paraphrase,1.0,0.01
5,mean,17,real,expression,canonical,0.5,0.01
5,mean,17,real,expression,paraphrase,0.5,0.01
5,mean,17,real,iid,canonical,1.0,0.01
5,mean,17,real,iid,paraphrase,1.0,0.01
5,mean,17,real,joint,canonical,0.5,0.01
5,mean,17,real,joint,paraphrase,0.5,0.01
5,mean,17,real,template,canonical,0.9166666666666666,0.01
5,mean,17,real,template,paraphrase,1.0,0.01
5,mean,17,real,topic,canonical,1.0,0.01
5,mean,17,real,topic,paraphrase,0.9895833333333334,0.01
5,mean,17,real,train,canonical,1.0,0.01
5,mean,17,real,train,paraphrase,0.9940476190476191,0.01
5,mean,17,shuffled_labels,dev,canonical,0.6770833333333334,0.01
5,mean,17,shuffled_labels,dev,paraphrase,0.6458333333333334,0.01
5,mean,17,shuffled_labels,expression,canonical,0.3541666666666667,0.01
5,mean,17,shuffled_labels,expression,paraphrase,0.3333333333333333,0.01
5,mean,17,shuffled_labels,iid,canonical,0.6666666666666666,0.01
5,mean,17,shuffled_labels,iid,paraphrase,0.6666666666666666,0.01
5,mean,17,shuffled_labels,joint,canonical,0.3489583333333333,0.01
5,mean,17,shuffled_labels,joint,paraphrase,0.4427083333333333,0.01
5,mean,17,shuffled_labels,template,canonical,0.75,0.01
5,mean,17,shuffled_labels,template,paraphrase,0.7291666666666666,0.01
5,mean,17,shuffled_labels,topic,canonical,0.6614583333333334,0.01
5,mean,17,shuffled_labels,topic,paraphrase,0.6354166666666666,0.01
5,mean,17,shuffled_labels,train,canonical,0.6398809523809523,0.01
5,mean,17,shuffled_labels,train,paraphrase,0.6071428571428571,0.01
5,mean,29,real,dev,canonical,1.0,0.01
5,mean,29,real,dev,paraphrase,1.0,0.01
5,mean,29,real,expression,canonical,0.5,0.01
5,mean,29,real,expression,paraphrase,0.5,0.01
5,mean,29,real,iid,canonical,1.0,0.01
5,mean,29,real,iid,paraphrase,1.0,0.01
5,mean,29,real,joint,canonical,0.5,0.01
5,mean,29,real,joint,paraphrase,0.5,0.01
5,mean,29,real,template,canonical,0.9791666666666666,0.01
5,mean,29,real,template,paraphrase,1.0,0.01
5,mean,29,real,topic,canonical,1.0,0.01
5,mean,29,real,topic,paraphrase,0.9947916666666666,0.01
5,mean,29,real,train,canonical,1.0,0.01
5,mean,29,real,train,paraphrase,0.9970238095238095,0.01
5,mean,29,shuffled_labels,dev,canonical,0.65625,10
5,mean,29,shuffled_labels,dev,paraphrase,0.65625,10
5,mean,29,shuffled_labels,expression,canonical,0.4166666666666667,10
5,mean,29,shuffled_labels,expression,paraphrase,0.4166666666666667,10
5,mean,29,shuffled_labels,iid,canonical,0.6041666666666666,10
5,mean,29,shuffled_labels,iid,paraphrase,0.6041666666666666,10
5,mean,29,shuffled_labels,joint,canonical,0.4583333333333333,10
5,mean,29,shuffled_labels,joint,paraphrase,0.4895833333333333,10
5,mean,29,shuffled_labels,template,canonical,0.6041666666666666,10
5,mean,29,shuffled_labels,template,paraphrase,0.7083333333333334,10
5,mean,29,shuffled_labels,topic,canonical,0.6145833333333334,10
5,mean,29,shuffled_labels,topic,paraphrase,0.6145833333333334,10
5,mean,29,shuffled_labels,train,canonical,0.6041666666666666,10
5,mean,29,shuffled_labels,train,paraphrase,0.6011904761904762,10
5,mean,43,real,dev,canonical,1.0,0.01
5,mean,43,real,dev,paraphrase,1.0,0.01
5,mean,43,real,expression,canonical,0.5,0.01
5,mean,43,real,expression,paraphrase,0.5,0.01
5,mean,43,real,iid,canonical,1.0,0.01
5,mean,43,real,iid,paraphrase,1.0,0.01
5,mean,43,real,joint,canonical,0.5,0.01
5,mean,43,real,joint,paraphrase,0.5,0.01
5,mean,43,real,template,canonical,0.9166666666666666,0.01
5,mean,43,real,template,paraphrase,1.0,0.01
5,mean,43,real,topic,canonical,1.0,0.01
5,mean,43,real,topic,paraphrase,0.9895833333333334,0.01
5,mean,43,real,train,canonical,1.0,0.01
5,mean,43,real,train,paraphrase,0.9880952380952381,0.01
5,mean,43,shuffled_labels,dev,canonical,0.65625,10
5,mean,43,shuffled_labels,dev,paraphrase,0.65625,10
5,mean,43,shuffled_labels,expression,canonical,0.3541666666666667,10
5,mean,43,shuffled_labels,expression,paraphrase,0.3541666666666667,10
5,mean,43,shuffled_labels,iid,canonical,0.6666666666666666,10
5,mean,43,shuffled_labels,iid,paraphrase,0.6666666666666666,10
5,mean,43,shuffled_labels,joint,canonical,0.4895833333333333,10
5,mean,43,shuffled_labels,joint,paraphrase,0.4895833333333333,10
5,mean,43,shuffled_labels,template,canonical,0.625,10
5,mean,43,shuffled_labels,template,paraphrase,0.7291666666666666,10
5,mean,43,shuffled_labels,topic,canonical,0.59375,10
5,mean,43,shuffled_labels,topic,paraphrase,0.59375,10
5,mean,43,shuffled_labels,train,canonical,0.6428571428571429,10
5,mean,43,shuffled_labels,train,paraphrase,0.6428571428571429,10
9,last,17,real,dev,canonical,1.0,0.01
9,last,17,real,dev,paraphrase,1.0,0.01
9,last,17,real,expression,canonical,1.0,0.01
9,last,17,real,expression,paraphrase,1.0,0.01
9,last,17,real,iid,canonical,1.0,0.01
9,last,17,real,iid,paraphrase,1.0,0.01
9,last,17,real,joint,canonical,1.0,0.01
9,last,17,real,joint,paraphrase,1.0,0.01
9,last,17,real,template,canonical,1.0,0.01
9,last,17,real,template,paraphrase,1.0,0.01
9,last,17,real,topic,canonical,1.0,0.01
9,last,17,real,topic,paraphrase,1.0,0.01
9,last,17,real,train,canonical,1.0,0.01
9,last,17,real,train,paraphrase,1.0,0.01
9,last,17,shuffled_labels,dev,canonical,0.8020833333333334,10
9,last,17,shuffled_labels,dev,paraphrase,0.6770833333333334,10
9,last,17,shuffled_labels,expression,canonical,0.8958333333333334,10
9,last,17,shuffled_labels,expression,paraphrase,0.7708333333333334,10
9,last,17,shuffled_labels,iid,canonical,0.75,10
9,last,17,shuffled_labels,iid,paraphrase,0.625,10
9,last,17,shuffled_labels,joint,canonical,0.9010416666666666,10
9,last,17,shuffled_labels,joint,paraphrase,0.8802083333333334,10
9,last,17,shuffled_labels,template,canonical,0.8333333333333334,10
9,last,17,shuffled_labels,template,paraphrase,0.8125,10
9,last,17,shuffled_labels,topic,canonical,0.6979166666666666,10
9,last,17,shuffled_labels,topic,paraphrase,0.5625,10
9,last,17,shuffled_labels,train,canonical,0.7202380952380952,10
9,last,17,shuffled_labels,train,paraphrase,0.6011904761904762,10
9,last,29,real,dev,canonical,1.0,0.01
9,last,29,real,dev,paraphrase,1.0,0.01
9,last,29,real,expression,canonical,1.0,0.01
9,last,29,real,expression,paraphrase,1.0,0.01
9,last,29,real,iid,canonical,1.0,0.01
9,last,29,real,iid,paraphrase,1.0,0.01
9,last,29,real,joint,canonical,1.0,0.01
9,last,29,real,joint,paraphrase,1.0,0.01
9,last,29,real,template,canonical,1.0,0.01
9,last,29,real,template,paraphrase,1.0,0.01
9,last,29,real,topic,canonical,1.0,0.01
9,last,29,real,topic,paraphrase,1.0,0.01
9,last,29,real,train,canonical,1.0,0.01
9,last,29,real,train,paraphrase,1.0,0.01
9,last,29,shuffled_labels,dev,canonical,0.7604166666666666,10
9,last,29,shuffled_labels,dev,paraphrase,0.7291666666666666,10
9,last,29,shuffled_labels,expression,canonical,0.3958333333333333,10
9,last,29,shuffled_labels,expression,paraphrase,0.5,10
9,last,29,shuffled_labels,iid,canonical,0.6666666666666666,10
9,last,29,shuffled_labels,iid,paraphrase,0.6875,10
9,last,29,shuffled_labels,joint,canonical,0.421875,10
9,last,29,shuffled_labels,joint,paraphrase,0.46875,10
9,last,29,shuffled_labels,template,canonical,0.6458333333333334,10
9,last,29,shuffled_labels,template,paraphrase,0.5416666666666666,10
9,last,29,shuffled_labels,topic,canonical,0.7291666666666666,10
9,last,29,shuffled_labels,topic,paraphrase,0.7083333333333334,10
9,last,29,shuffled_labels,train,canonical,0.6994047619047619,10
9,last,29,shuffled_labels,train,paraphrase,0.6785714285714286,10
9,last,43,real,dev,canonical,1.0,0.01
9,last,43,real,dev,paraphrase,1.0,0.01
9,last,43,real,expression,canonical,1.0,0.01
9,last,43,real,expression,paraphrase,1.0,0.01
9,last,43,real,iid,canonical,1.0,0.01
9,last,43,real,iid,paraphrase,1.0,0.01
9,last,43,real,joint,canonical,1.0,0.01
9,last,43,real,joint,paraphrase,1.0,0.01
9,last,43,real,template,canonical,1.0,0.01
9,last,43,real,template,paraphrase,1.0,0.01
9,last,43,real,topic,canonical,1.0,0.01
9,last,43,real,topic,paraphrase,1.0,0.01
9,last,43,real,train,canonical,1.0,0.01
9,last,43,real,train,paraphrase,1.0,0.01
9,last,43,shuffled_labels,dev,canonical,0.59375,10
9,last,43,shuffled_labels,dev,paraphrase,0.6770833333333334,10
9,last,43,shuffled_labels,expression,canonical,0.8541666666666666,10
9,last,43,shuffled_labels,expression,paraphrase,0.8541666666666666,10
9,last,43,shuffled_labels,iid,canonical,0.5833333333333334,10
9,last,43,shuffled_labels,iid,paraphrase,0.6458333333333334,10
9,last,43,shuffled_labels,joint,canonical,0.7135416666666666,10
9,last,43,shuffled_labels,joint,paraphrase,0.8177083333333334,10
9,last,43,shuffled_labels,template,canonical,0.5208333333333334,10
9,last,43,shuffled_labels,template,paraphrase,0.625,10
9,last,43,shuffled_labels,topic,canonical,0.6145833333333334,10
9,last,43,shuffled_labels,topic,paraphrase,0.6302083333333334,10
9,last,43,shuffled_labels,train,canonical,0.5803571428571429,10
9,last,43,shuffled_labels,train,paraphrase,0.6160714285714286,10
9,mean,17,real,dev,canonical,1.0,0.01
9,mean,17,real,dev,paraphrase,1.0,0.01
9,mean,17,real,expression,canonical,0.5,0.01
9,mean,17,real,expression,paraphrase,0.5,0.01
9,mean,17,real,iid,canonical,1.0,0.01
9,mean,17,real,iid,paraphrase,1.0,0.01
9,mean,17,real,joint,canonical,0.5,0.01
9,mean,17,real,joint,paraphrase,0.5,0.01
9,mean,17,real,template,canonical,1.0,0.01
9,mean,17,real,template,paraphrase,1.0,0.01
9,mean,17,real,topic,canonical,1.0,0.01
9,mean,17,real,topic,paraphrase,1.0,0.01
9,mean,17,real,train,canonical,1.0,0.01
9,mean,17,real,train,paraphrase,1.0,0.01
9,mean,17,shuffled_labels,dev,canonical,0.6875,0.1
9,mean,17,shuffled_labels,dev,paraphrase,0.625,0.1
9,mean,17,shuffled_labels,expression,canonical,0.3958333333333333,0.1
9,mean,17,shuffled_labels,expression,paraphrase,0.375,0.1
9,mean,17,shuffled_labels,iid,canonical,0.6875,0.1
9,mean,17,shuffled_labels,iid,paraphrase,0.6666666666666666,0.1
9,mean,17,shuffled_labels,joint,canonical,0.4635416666666667,0.1
9,mean,17,shuffled_labels,joint,paraphrase,0.4947916666666667,0.1
9,mean,17,shuffled_labels,template,canonical,0.6666666666666666,0.1
9,mean,17,shuffled_labels,template,paraphrase,0.75,0.1
9,mean,17,shuffled_labels,topic,canonical,0.671875,0.1
9,mean,17,shuffled_labels,topic,paraphrase,0.6510416666666666,0.1
9,mean,17,shuffled_labels,train,canonical,0.6517857142857143,0.1
9,mean,17,shuffled_labels,train,paraphrase,0.6398809523809523,0.1
9,mean,29,real,dev,canonical,1.0,0.01
9,mean,29,real,dev,paraphrase,1.0,0.01
9,mean,29,real,expression,canonical,0.5,0.01
9,mean,29,real,expression,paraphrase,0.5,0.01
9,mean,29,real,iid,canonical,1.0,0.01
9,mean,29,real,iid,paraphrase,1.0,0.01
9,mean,29,real,joint,canonical,0.5,0.01
9,mean,29,real,joint,paraphrase,0.5,0.01
9,mean,29,real,template,canonical,1.0,0.01
9,mean,29,real,template,paraphrase,1.0,0.01
9,mean,29,real,topic,canonical,1.0,0.01
9,mean,29,real,topic,paraphrase,1.0,0.01
9,mean,29,real,train,canonical,1.0,0.01
9,mean,29,real,train,paraphrase,1.0,0.01
9,mean,29,shuffled_labels,dev,canonical,0.6666666666666666,10
9,mean,29,shuffled_labels,dev,paraphrase,0.6666666666666666,10
9,mean,29,shuffled_labels,expression,canonical,0.4166666666666667,10
9,mean,29,shuffled_labels,expression,paraphrase,0.4166666666666667,10
9,mean,29,shuffled_labels,iid,canonical,0.6041666666666666,10
9,mean,29,shuffled_labels,iid,paraphrase,0.6041666666666666,10
9,mean,29,shuffled_labels,joint,canonical,0.4583333333333333,10
9,mean,29,shuffled_labels,joint,paraphrase,0.4895833333333333,10
9,mean,29,shuffled_labels,template,canonical,0.6041666666666666,10
9,mean,29,shuffled_labels,template,paraphrase,0.7083333333333334,10
9,mean,29,shuffled_labels,topic,canonical,0.625,10
9,mean,29,shuffled_labels,topic,paraphrase,0.625,10
9,mean,29,shuffled_labels,train,canonical,0.6369047619047619,10
9,mean,29,shuffled_labels,train,paraphrase,0.6369047619047619,10
9,mean,43,real,dev,canonical,1.0,0.01
9,mean,43,real,dev,paraphrase,1.0,0.01
9,mean,43,real,expression,canonical,0.5,0.01
9,mean,43,real,expression,paraphrase,0.5,0.01
9,mean,43,real,iid,canonical,1.0,0.01
9,mean,43,real,iid,paraphrase,1.0,0.01
9,mean,43,real,joint,canonical,0.5,0.01
9,mean,43,real,joint,paraphrase,0.5,0.01
9,mean,43,real,template,canonical,1.0,0.01
9,mean,43,real,template,paraphrase,1.0,0.01
9,mean,43,real,topic,canonical,1.0,0.01
9,mean,43,real,topic,paraphrase,1.0,0.01
9,mean,43,real,train,canonical,1.0,0.01
9,mean,43,real,train,paraphrase,1.0,0.01
9,mean,43,shuffled_labels,dev,canonical,0.65625,10
9,mean,43,shuffled_labels,dev,paraphrase,0.65625,10
9,mean,43,shuffled_labels,expression,canonical,0.3541666666666667,10
9,mean,43,shuffled_labels,expression,paraphrase,0.3541666666666667,10
9,mean,43,shuffled_labels,iid,canonical,0.6666666666666666,10
9,mean,43,shuffled_labels,iid,paraphrase,0.6666666666666666,10
9,mean,43,shuffled_labels,joint,canonical,0.5,10
9,mean,43,shuffled_labels,joint,paraphrase,0.4895833333333333,10
9,mean,43,shuffled_labels,template,canonical,0.625,10
9,mean,43,shuffled_labels,template,paraphrase,0.7291666666666666,10
9,mean,43,shuffled_labels,topic,canonical,0.5989583333333334,10
9,mean,43,shuffled_labels,topic,paraphrase,0.5989583333333334,10
9,mean,43,shuffled_labels,train,canonical,0.6428571428571429,10
9,mean,43,shuffled_labels,train,paraphrase,0.6398809523809523,10
14,last,17,real,dev,canonical,1.0,0.01
14,last,17,real,dev,paraphrase,1.0,0.01
14,last,17,real,expression,canonical,1.0,0.01
14,last,17,real,expression,paraphrase,1.0,0.01
14,last,17,real,iid,canonical,1.0,0.01
14,last,17,real,iid,paraphrase,1.0,0.01
14,last,17,real,joint,canonical,1.0,0.01
14,last,17,real,joint,paraphrase,1.0,0.01
14,last,17,real,template,canonical,1.0,0.01
14,last,17,real,template,paraphrase,1.0,0.01
14,last,17,real,topic,canonical,1.0,0.01
14,last,17,real,topic,paraphrase,1.0,0.01
14,last,17,real,train,canonical,1.0,0.01
14,last,17,real,train,paraphrase,1.0,0.01
14,last,17,shuffled_labels,dev,canonical,0.78125,10
14,last,17,shuffled_labels,dev,paraphrase,0.6770833333333334,10
14,last,17,shuffled_labels,expression,canonical,0.8541666666666666,10
14,last,17,shuffled_labels,expression,paraphrase,0.7708333333333334,10
14,last,17,shuffled_labels,iid,canonical,0.7708333333333334,10
14,last,17,shuffled_labels,iid,paraphrase,0.625,10
14,last,17,shuffled_labels,joint,canonical,0.984375,10
14,last,17,shuffled_labels,joint,paraphrase,0.9635416666666666,10
14,last,17,shuffled_labels,template,canonical,0.9791666666666666,10
14,last,17,shuffled_labels,template,paraphrase,0.875,10
14,last,17,shuffled_labels,topic,canonical,0.71875,10
14,last,17,shuffled_labels,topic,paraphrase,0.6614583333333334,10
14,last,17,shuffled_labels,train,canonical,0.7291666666666666,10
14,last,17,shuffled_labels,train,paraphrase,0.6458333333333334,10
14,last,29,real,dev,canonical,1.0,0.01
14,last,29,real,dev,paraphrase,1.0,0.01
14,last,29,real,expression,canonical,1.0,0.01
14,last,29,real,expression,paraphrase,1.0,0.01
14,last,29,real,iid,canonical,1.0,0.01
14,last,29,real,iid,paraphrase,1.0,0.01
14,last,29,real,joint,canonical,1.0,0.01
14,last,29,real,joint,paraphrase,1.0,0.01
14,last,29,real,template,canonical,1.0,0.01
14,last,29,real,template,paraphrase,1.0,0.01
14,last,29,real,topic,canonical,1.0,0.01
14,last,29,real,topic,paraphrase,1.0,0.01
14,last,29,real,train,canonical,1.0,0.01
14,last,29,real,train,paraphrase,1.0,0.01
14,last,29,shuffled_labels,dev,canonical,0.7916666666666666,10
14,last,29,shuffled_labels,dev,paraphrase,0.5729166666666666,10
14,last,29,shuffled_labels,expression,canonical,0.875,10
14,last,29,shuffled_labels,expression,paraphrase,0.7083333333333334,10
14,last,29,shuffled_labels,iid,canonical,0.6666666666666666,10
14,last,29,shuffled_labels,iid,paraphrase,0.5208333333333334,10
14,last,29,shuffled_labels,joint,canonical,0.9166666666666666,10
14,last,29,shuffled_labels,joint,paraphrase,0.8645833333333334,10
14,last,29,shuffled_labels,template,canonical,0.625,10
14,last,29,shuffled_labels,template,paraphrase,0.5416666666666666,10
14,last,29,shuffled_labels,topic,canonical,0.7291666666666666,10
14,last,29,shuffled_labels,topic,paraphrase,0.6041666666666666,10
14,last,29,shuffled_labels,train,canonical,0.7232142857142857,10
14,last,29,shuffled_labels,train,paraphrase,0.5357142857142857,10
14,last,43,real,dev,canonical,1.0,0.01
14,last,43,real,dev,paraphrase,1.0,0.01
14,last,43,real,expression,canonical,1.0,0.01
14,last,43,real,expression,paraphrase,1.0,0.01
14,last,43,real,iid,canonical,1.0,0.01
14,last,43,real,iid,paraphrase,1.0,0.01
14,last,43,real,joint,canonical,1.0,0.01
14,last,43,real,joint,paraphrase,1.0,0.01
14,last,43,real,template,canonical,1.0,0.01
14,last,43,real,template,paraphrase,1.0,0.01
14,last,43,real,topic,canonical,1.0,0.01
14,last,43,real,topic,paraphrase,1.0,0.01
14,last,43,real,train,canonical,1.0,0.01
14,last,43,real,train,paraphrase,1.0,0.01
14,last,43,shuffled_labels,dev,canonical,0.6041666666666666,10
14,last,43,shuffled_labels,dev,paraphrase,0.5729166666666666,10
14,last,43,shuffled_labels,expression,canonical,0.8333333333333334,10
14,last,43,shuffled_labels,expression,paraphrase,0.7291666666666666,10
14,last,43,shuffled_labels,iid,canonical,0.625,10
14,last,43,shuffled_labels,iid,paraphrase,0.5416666666666666,10
14,last,43,shuffled_labels,joint,canonical,0.7135416666666666,10
14,last,43,shuffled_labels,joint,paraphrase,0.5625,10
14,last,43,shuffled_labels,template,canonical,0.6041666666666666,10
14,last,43,shuffled_labels,template,paraphrase,0.5416666666666666,10
14,last,43,shuffled_labels,topic,canonical,0.7239583333333334,10
14,last,43,shuffled_labels,topic,paraphrase,0.65625,10
14,last,43,shuffled_labels,train,canonical,0.6309523809523809,10
14,last,43,shuffled_labels,train,paraphrase,0.5773809523809523,10
14,mean,17,real,dev,canonical,1.0,0.01
14,mean,17,real,dev,paraphrase,1.0,0.01
14,mean,17,real,expression,canonical,0.5,0.01
14,mean,17,real,expression,paraphrase,0.5,0.01
14,mean,17,real,iid,canonical,1.0,0.01
14,mean,17,real,iid,paraphrase,1.0,0.01
14,mean,17,real,joint,canonical,0.5,0.01
14,mean,17,real,joint,paraphrase,0.5,0.01
14,mean,17,real,template,canonical,1.0,0.01
14,mean,17,real,template,paraphrase,1.0,0.01
14,mean,17,real,topic,canonical,1.0,0.01
14,mean,17,real,topic,paraphrase,1.0,0.01
14,mean,17,real,train,canonical,1.0,0.01
14,mean,17,real,train,paraphrase,1.0,0.01
14,mean,17,shuffled_labels,dev,canonical,0.6770833333333334,0.1
14,mean,17,shuffled_labels,dev,paraphrase,0.6458333333333334,0.1
14,mean,17,shuffled_labels,expression,canonical,0.3958333333333333,0.1
14,mean,17,shuffled_labels,expression,paraphrase,0.375,0.1
14,mean,17,shuffled_labels,iid,canonical,0.6875,0.1
14,mean,17,shuffled_labels,iid,paraphrase,0.6666666666666666,0.1
14,mean,17,shuffled_labels,joint,canonical,0.4583333333333333,0.1
14,mean,17,shuffled_labels,joint,paraphrase,0.5,0.1
14,mean,17,shuffled_labels,template,canonical,0.6458333333333334,0.1
14,mean,17,shuffled_labels,template,paraphrase,0.6666666666666666,0.1
14,mean,17,shuffled_labels,topic,canonical,0.6770833333333334,0.1
14,mean,17,shuffled_labels,topic,paraphrase,0.6510416666666666,0.1
14,mean,17,shuffled_labels,train,canonical,0.6488095238095238,0.1
14,mean,17,shuffled_labels,train,paraphrase,0.6339285714285714,0.1
14,mean,29,real,dev,canonical,1.0,0.01
14,mean,29,real,dev,paraphrase,1.0,0.01
14,mean,29,real,expression,canonical,0.5,0.01
14,mean,29,real,expression,paraphrase,0.5,0.01
14,mean,29,real,iid,canonical,1.0,0.01
14,mean,29,real,iid,paraphrase,1.0,0.01
14,mean,29,real,joint,canonical,0.5,0.01
14,mean,29,real,joint,paraphrase,0.5,0.01
14,mean,29,real,template,canonical,1.0,0.01
14,mean,29,real,template,paraphrase,1.0,0.01
14,mean,29,real,topic,canonical,1.0,0.01
14,mean,29,real,topic,paraphrase,1.0,0.01
14,mean,29,real,train,canonical,1.0,0.01
14,mean,29,real,train,paraphrase,1.0,0.01
14,mean,29,shuffled_labels,dev,canonical,0.6666666666666666,10
14,mean,29,shuffled_labels,dev,paraphrase,0.6666666666666666,10
14,mean,29,shuffled_labels,expression,canonical,0.4166666666666667,10
14,mean,29,shuffled_labels,expression,paraphrase,0.4166666666666667,10
14,mean,29,shuffled_labels,iid,canonical,0.6041666666666666,10
14,mean,29,shuffled_labels,iid,paraphrase,0.6041666666666666,10
14,mean,29,shuffled_labels,joint,canonical,0.4635416666666667,10
14,mean,29,shuffled_labels,joint,paraphrase,0.4895833333333333,10
14,mean,29,shuffled_labels,template,canonical,0.625,10
14,mean,29,shuffled_labels,template,paraphrase,0.7083333333333334,10
14,mean,29,shuffled_labels,topic,canonical,0.6302083333333334,10
14,mean,29,shuffled_labels,topic,paraphrase,0.6302083333333334,10
14,mean,29,shuffled_labels,train,canonical,0.6339285714285714,10
14,mean,29,shuffled_labels,train,paraphrase,0.6339285714285714,10
14,mean,43,real,dev,canonical,1.0,0.01
14,mean,43,real,dev,paraphrase,1.0,0.01
14,mean,43,real,expression,canonical,0.5,0.01
14,mean,43,real,expression,paraphrase,0.5,0.01
14,mean,43,real,iid,canonical,1.0,0.01
14,mean,43,real,iid,paraphrase,1.0,0.01
14,mean,43,real,joint,canonical,0.5,0.01
14,mean,43,real,joint,paraphrase,0.5,0.01
14,mean,43,real,template,canonical,1.0,0.01
14,mean,43,real,template,paraphrase,1.0,0.01
14,mean,43,real,topic,canonical,1.0,0.01
14,mean,43,real,topic,paraphrase,1.0,0.01
14,mean,43,real,train,canonical,1.0,0.01
14,mean,43,real,train,paraphrase,1.0,0.01
14,mean,43,shuffled_labels,dev,canonical,0.65625,10
14,mean,43,shuffled_labels,dev,paraphrase,0.65625,10
14,mean,43,shuffled_labels,expression,canonical,0.3541666666666667,10
14,mean,43,shuffled_labels,expression,paraphrase,0.3541666666666667,10
14,mean,43,shuffled_labels,iid,canonical,0.6666666666666666,10
14,mean,43,shuffled_labels,iid,paraphrase,0.6666666666666666,10
14,mean,43,shuffled_labels,joint,canonical,0.5,10
14,mean,43,shuffled_labels,joint,paraphrase,0.4947916666666667,10
14,mean,43,shuffled_labels,template,canonical,0.625,10
14,mean,43,shuffled_labels,template,paraphrase,0.7083333333333334,10
14,mean,43,shuffled_labels,topic,canonical,0.5989583333333334,10
14,mean,43,shuffled_labels,topic,paraphrase,0.5989583333333334,10
14,mean,43,shuffled_labels,train,canonical,0.6547619047619048,10
14,mean,43,shuffled_labels,train,paraphrase,0.6547619047619048,10
19,last,17,real,dev,canonical,1.0,0.01
19,last,17,real,dev,paraphrase,1.0,0.01
19,last,17,real,expression,canonical,1.0,0.01
19,last,17,real,expression,paraphrase,1.0,0.01
19,last,17,real,iid,canonical,1.0,0.01
19,last,17,real,iid,paraphrase,1.0,0.01
19,last,17,real,joint,canonical,1.0,0.01
19,last,17,real,joint,paraphrase,1.0,0.01
19,last,17,real,template,canonical,1.0,0.01
19,last,17,real,template,paraphrase,1.0,0.01
19,last,17,real,topic,canonical,1.0,0.01
19,last,17,real,topic,paraphrase,1.0,0.01
19,last,17,real,train,canonical,1.0,0.01
19,last,17,real,train,paraphrase,1.0,0.01
19,last,17,shuffled_labels,dev,canonical,0.7395833333333334,10
19,last,17,shuffled_labels,dev,paraphrase,0.7083333333333334,10
19,last,17,shuffled_labels,expression,canonical,0.8541666666666666,10
19,last,17,shuffled_labels,expression,paraphrase,0.8333333333333334,10
19,last,17,shuffled_labels,iid,canonical,0.6875,10
19,last,17,shuffled_labels,iid,paraphrase,0.7708333333333334,10
19,last,17,shuffled_labels,joint,canonical,0.9791666666666666,10
19,last,17,shuffled_labels,joint,paraphrase,0.96875,10
19,last,17,shuffled_labels,template,canonical,0.9583333333333334,10
19,last,17,shuffled_labels,template,paraphrase,0.9166666666666666,10
19,last,17,shuffled_labels,topic,canonical,0.6666666666666666,10
19,last,17,shuffled_labels,topic,paraphrase,0.6822916666666666,10
19,last,17,shuffled_labels,train,canonical,0.6904761904761905,10
19,last,17,shuffled_labels,train,paraphrase,0.7083333333333334,10
19,last,29,real,dev,canonical,1.0,0.01
19,last,29,real,dev,paraphrase,1.0,0.01
19,last,29,real,expression,canonical,1.0,0.01
19,last,29,real,expression,paraphrase,1.0,0.01
19,last,29,real,iid,canonical,1.0,0.01
19,last,29,real,iid,paraphrase,1.0,0.01
19,last,29,real,joint,canonical,1.0,0.01
19,last,29,real,joint,paraphrase,1.0,0.01
19,last,29,real,template,canonical,1.0,0.01
19,last,29,real,template,paraphrase,1.0,0.01
19,last,29,real,topic,canonical,1.0,0.01
19,last,29,real,topic,paraphrase,1.0,0.01
19,last,29,real,train,canonical,1.0,0.01
19,last,29,real,train,paraphrase,1.0,0.01
19,last,29,shuffled_labels,dev,canonical,0.8333333333333334,10
19,last,29,shuffled_labels,dev,paraphrase,0.6458333333333334,10
19,last,29,shuffled_labels,expression,canonical,0.9375,10
19,last,29,shuffled_labels,expression,paraphrase,0.8333333333333334,10
19,last,29,shuffled_labels,iid,canonical,0.7291666666666666,10
19,last,29,shuffled_labels,iid,paraphrase,0.5625,10
19,last,29,shuffled_labels,joint,canonical,0.9479166666666666,10
19,last,29,shuffled_labels,joint,paraphrase,0.890625,10
19,last,29,shuffled_labels,template,canonical,0.6666666666666666,10
19,last,29,shuffled_labels,template,paraphrase,0.5416666666666666,10
19,last,29,shuffled_labels,topic,canonical,0.7708333333333334,10
19,last,29,shuffled_labels,topic,paraphrase,0.625,10
19,last,29,shuffled_labels,train,canonical,0.7738095238095238,10
19,last,29,shuffled_labels,train,paraphrase,0.6160714285714286,10
19,last,43,real,dev,canonical,1.0,0.01
19,last,43,real,dev,paraphrase,1.0,0.01
19,last,43,real,expression,canonical,1.0,0.01
19,last,43,real,expression,paraphrase,1.0,0.01
19,last,43,real,iid,canonical,1.0,0.01
19,last,43,real,iid,paraphrase,1.0,0.01
19,last,43,real,joint,canonical,1.0,0.01
19,last,43,real,joint,paraphrase,1.0,0.01
19,last,43,real,template,canonical,1.0,0.01
19,last,43,real,template,paraphrase,1.0,0.01
19,last,43,real,topic,canonical,1.0,0.01
19,last,43,real,topic,paraphrase,1.0,0.01
19,last,43,real,train,canonical,1.0,0.01
19,last,43,real,train,paraphrase,1.0,0.01
19,last,43,shuffled_labels,dev,canonical,0.5625,10
19,last,43,shuffled_labels,dev,paraphrase,0.5104166666666666,10
19,last,43,shuffled_labels,expression,canonical,0.8333333333333334,10
19,last,43,shuffled_labels,expression,paraphrase,0.7916666666666666,10
19,last,43,shuffled_labels,iid,canonical,0.6041666666666666,10
19,last,43,shuffled_labels,iid,paraphrase,0.5416666666666666,10
19,last,43,shuffled_labels,joint,canonical,0.7239583333333334,10
19,last,43,shuffled_labels,joint,paraphrase,0.796875,10
19,last,43,shuffled_labels,template,canonical,0.6875,10
19,last,43,shuffled_labels,template,paraphrase,0.5625,10
19,last,43,shuffled_labels,topic,canonical,0.71875,10
19,last,43,shuffled_labels,topic,paraphrase,0.5729166666666666,10
19,last,43,shuffled_labels,train,canonical,0.625,10
19,last,43,shuffled_labels,train,paraphrase,0.5416666666666666,10
19,mean,17,real,dev,canonical,1.0,0.01
19,mean,17,real,dev,paraphrase,1.0,0.01
19,mean,17,real,expression,canonical,0.5,0.01
19,mean,17,real,expression,paraphrase,0.5,0.01
19,mean,17,real,iid,canonical,1.0,0.01
19,mean,17,real,iid,paraphrase,1.0,0.01
19,mean,17,real,joint,canonical,0.5,0.01
19,mean,17,real,joint,paraphrase,0.5,0.01
19,mean,17,real,template,canonical,1.0,0.01
19,mean,17,real,template,paraphrase,1.0,0.01
19,mean,17,real,topic,canonical,1.0,0.01
19,mean,17,real,topic,paraphrase,1.0,0.01
19,mean,17,real,train,canonical,1.0,0.01
19,mean,17,real,train,paraphrase,1.0,0.01
19,mean,17,shuffled_labels,dev,canonical,0.6666666666666666,0.1
19,mean,17,shuffled_labels,dev,paraphrase,0.6666666666666666,0.1
19,mean,17,shuffled_labels,expression,canonical,0.3958333333333333,0.1
19,mean,17,shuffled_labels,expression,paraphrase,0.3541666666666667,0.1
19,mean,17,shuffled_labels,iid,canonical,0.6875,0.1
19,mean,17,shuffled_labels,iid,paraphrase,0.6458333333333334,0.1
19,mean,17,shuffled_labels,joint,canonical,0.46875,0.1
19,mean,17,shuffled_labels,joint,paraphrase,0.5,0.1
19,mean,17,shuffled_labels,template,canonical,0.6666666666666666,0.1
19,mean,17,shuffled_labels,template,paraphrase,0.7083333333333334,0.1
19,mean,17,shuffled_labels,topic,canonical,0.6614583333333334,0.1
19,mean,17,shuffled_labels,topic,paraphrase,0.6510416666666666,0.1
19,mean,17,shuffled_labels,train,canonical,0.6488095238095238,0.1
19,mean,17,shuffled_labels,train,paraphrase,0.6220238095238095,0.1
19,mean,29,real,dev,canonical,1.0,0.01
19,mean,29,real,dev,paraphrase,1.0,0.01
19,mean,29,real,expression,canonical,0.5,0.01
19,mean,29,real,expression,paraphrase,0.5,0.01
19,mean,29,real,iid,canonical,1.0,0.01
19,mean,29,real,iid,paraphrase,1.0,0.01
19,mean,29,real,joint,canonical,0.5,0.01
19,mean,29,real,joint,paraphrase,0.5,0.01
19,mean,29,real,template,canonical,1.0,0.01
19,mean,29,real,template,paraphrase,1.0,0.01
19,mean,29,real,topic,canonical,1.0,0.01
19,mean,29,real,topic,paraphrase,1.0,0.01
19,mean,29,real,train,canonical,1.0,0.01
19,mean,29,real,train,paraphrase,1.0,0.01
19,mean,29,shuffled_labels,dev,canonical,0.6666666666666666,10
19,mean,29,shuffled_labels,dev,paraphrase,0.6666666666666666,10
19,mean,29,shuffled_labels,expression,canonical,0.4166666666666667,10
19,mean,29,shuffled_labels,expression,paraphrase,0.4166666666666667,10
19,mean,29,shuffled_labels,iid,canonical,0.6041666666666666,10
19,mean,29,shuffled_labels,iid,paraphrase,0.6041666666666666,10
19,mean,29,shuffled_labels,joint,canonical,0.484375,10
19,mean,29,shuffled_labels,joint,paraphrase,0.4895833333333333,10
19,mean,29,shuffled_labels,template,canonical,0.5625,10
19,mean,29,shuffled_labels,template,paraphrase,0.7083333333333334,10
19,mean,29,shuffled_labels,topic,canonical,0.6354166666666666,10
19,mean,29,shuffled_labels,topic,paraphrase,0.6354166666666666,10
19,mean,29,shuffled_labels,train,canonical,0.6369047619047619,10
19,mean,29,shuffled_labels,train,paraphrase,0.6339285714285714,10
19,mean,43,real,dev,canonical,1.0,0.01
19,mean,43,real,dev,paraphrase,1.0,0.01
19,mean,43,real,expression,canonical,0.5,0.01
19,mean,43,real,expression,paraphrase,0.5,0.01
19,mean,43,real,iid,canonical,1.0,0.01
19,mean,43,real,iid,paraphrase,1.0,0.01
19,mean,43,real,joint,canonical,0.5,0.01
19,mean,43,real,joint,paraphrase,0.5,0.01
19,mean,43,real,template,canonical,1.0,0.01
19,mean,43,real,template,paraphrase,1.0,0.01
19,mean,43,real,topic,canonical,1.0,0.01
19,mean,43,real,topic,paraphrase,1.0,0.01
19,mean,43,real,train,canonical,1.0,0.01
19,mean,43,real,train,paraphrase,1.0,0.01
19,mean,43,shuffled_labels,dev,canonical,0.65625,10
19,mean,43,shuffled_labels,dev,paraphrase,0.65625,10
19,mean,43,shuffled_labels,expression,canonical,0.3541666666666667,10
19,mean,43,shuffled_labels,expression,paraphrase,0.3541666666666667,10
19,mean,43,shuffled_labels,iid,canonical,0.7291666666666666,10
19,mean,43,shuffled_labels,iid,paraphrase,0.6875,10
19,mean,43,shuffled_labels,joint,canonical,0.5,10
19,mean,43,shuffled_labels,joint,paraphrase,0.5,10
19,mean,43,shuffled_labels,template,canonical,0.625,10
19,mean,43,shuffled_labels,template,paraphrase,0.7083333333333334,10
19,mean,43,shuffled_labels,topic,canonical,0.6197916666666666,10
19,mean,43,shuffled_labels,topic,paraphrase,0.609375,10
19,mean,43,shuffled_labels,train,canonical,0.6458333333333334,10
19,mean,43,shuffled_labels,train,paraphrase,0.6428571428571429,10
23,last,17,real,dev,canonical,1.0,0.01
23,last,17,real,dev,paraphrase,1.0,0.01
23,last,17,real,expression,canonical,1.0,0.01
23,last,17,real,expression,paraphrase,1.0,0.01
23,last,17,real,iid,canonical,1.0,0.01
23,last,17,real,iid,paraphrase,1.0,0.01
23,last,17,real,joint,canonical,1.0,0.01
23,last,17,real,joint,paraphrase,1.0,0.01
23,last,17,real,template,canonical,1.0,0.01
23,last,17,real,template,paraphrase,1.0,0.01
23,last,17,real,topic,canonical,1.0,0.01
23,last,17,real,topic,paraphrase,1.0,0.01
23,last,17,real,train,canonical,1.0,0.01
23,last,17,real,train,paraphrase,1.0,0.01
23,last,17,shuffled_labels,dev,canonical,0.7708333333333334,10
23,last,17,shuffled_labels,dev,paraphrase,0.75,10
23,last,17,shuffled_labels,expression,canonical,0.8541666666666666,10
23,last,17,shuffled_labels,expression,paraphrase,0.8541666666666666,10
23,last,17,shuffled_labels,iid,canonical,0.7291666666666666,10
23,last,17,shuffled_labels,iid,paraphrase,0.7291666666666666,10
23,last,17,shuffled_labels,joint,canonical,0.9947916666666666,10
23,last,17,shuffled_labels,joint,paraphrase,0.953125,10
23,last,17,shuffled_labels,template,canonical,0.8125,10
23,last,17,shuffled_labels,template,paraphrase,0.8541666666666666,10
23,last,17,shuffled_labels,topic,canonical,0.6822916666666666,10
23,last,17,shuffled_labels,topic,paraphrase,0.6927083333333334,10
23,last,17,shuffled_labels,train,canonical,0.6726190476190477,10
23,last,17,shuffled_labels,train,paraphrase,0.6755952380952381,10
23,last,29,real,dev,canonical,1.0,0.01
23,last,29,real,dev,paraphrase,1.0,0.01
23,last,29,real,expression,canonical,1.0,0.01
23,last,29,real,expression,paraphrase,1.0,0.01
23,last,29,real,iid,canonical,1.0,0.01
23,last,29,real,iid,paraphrase,1.0,0.01
23,last,29,real,joint,canonical,1.0,0.01
23,last,29,real,joint,paraphrase,1.0,0.01
23,last,29,real,template,canonical,1.0,0.01
23,last,29,real,template,paraphrase,1.0,0.01
23,last,29,real,topic,canonical,1.0,0.01
23,last,29,real,topic,paraphrase,1.0,0.01
23,last,29,real,train,canonical,1.0,0.01
23,last,29,real,train,paraphrase,1.0,0.01
23,last,29,shuffled_labels,dev,canonical,0.8229166666666666,10
23,last,29,shuffled_labels,dev,paraphrase,0.65625,10
23,last,29,shuffled_labels,expression,canonical,0.7916666666666666,10
23,last,29,shuffled_labels,expression,paraphrase,0.7083333333333334,10
23,last,29,shuffled_labels,iid,canonical,0.7708333333333334,10
23,last,29,shuffled_labels,iid,paraphrase,0.5833333333333334,10
23,last,29,shuffled_labels,joint,canonical,0.515625,10
23,last,29,shuffled_labels,joint,paraphrase,0.484375,10
23,last,29,shuffled_labels,template,canonical,0.5625,10
23,last,29,shuffled_labels,template,paraphrase,0.5,10
23,last,29,shuffled_labels,topic,canonical,0.7552083333333334,10
23,last,29,shuffled_labels,topic,paraphrase,0.6354166666666666,10
23,last,29,shuffled_labels,train,canonical,0.7678571428571429,10
23,last,29,shuffled_labels,train,paraphrase,0.6160714285714286,10
23,last,43,real,dev,canonical,1.0,0.01
23,last,43,real,dev,paraphrase,1.0,0.01
23,last,43,real,expression,canonical,1.0,0.01
23,last,43,real,expression,paraphrase,1.0,0.01
23,last,43,real,iid,canonical,1.0,0.01
23,last,43,real,iid,paraphrase,1.0,0.01
23,last,43,real,joint,canonical,1.0,0.01
23,last,43,real,joint,paraphrase,1.0,0.01
23,last,43,real,template,canonical,1.0,0.01
23,last,43,real,template,paraphrase,1.0,0.01
23,last,43,real,topic,canonical,1.0,0.01
23,last,43,real,topic,paraphrase,1.0,0.01
23,last,43,real,train,canonical,1.0,0.01
23,last,43,real,train,paraphrase,1.0,0.01
23,last,43,shuffled_labels,dev,canonical,0.5520833333333334,10
23,last,43,shuffled_labels,dev,paraphrase,0.5520833333333334,10
23,last,43,shuffled_labels,expression,canonical,0.75,10
23,last,43,shuffled_labels,expression,paraphrase,0.7916666666666666,10
23,last,43,shuffled_labels,iid,canonical,0.5833333333333334,10
23,last,43,shuffled_labels,iid,paraphrase,0.625,10
23,last,43,shuffled_labels,joint,canonical,0.7708333333333334,10
23,last,43,shuffled_labels,joint,paraphrase,0.6197916666666666,10
23,last,43,shuffled_labels,template,canonical,0.6666666666666666,10
23,last,43,shuffled_labels,template,paraphrase,0.5416666666666666,10
23,last,43,shuffled_labels,topic,canonical,0.6041666666666666,10
23,last,43,shuffled_labels,topic,paraphrase,0.59375,10
23,last,43,shuffled_labels,train,canonical,0.5565476190476191,10
23,last,43,shuffled_labels,train,paraphrase,0.5386904761904762,10
23,mean,17,real,dev,canonical,1.0,0.01
23,mean,17,real,dev,paraphrase,1.0,0.01
23,mean,17,real,expression,canonical,0.5,0.01
23,mean,17,real,expression,paraphrase,0.5,0.01
23,mean,17,real,iid,canonical,1.0,0.01
23,mean,17,real,iid,paraphrase,1.0,0.01
23,mean,17,real,joint,canonical,0.5,0.01
23,mean,17,real,joint,paraphrase,0.5,0.01
23,mean,17,real,template,canonical,1.0,0.01
23,mean,17,real,template,paraphrase,1.0,0.01
23,mean,17,real,topic,canonical,1.0,0.01
23,mean,17,real,topic,paraphrase,1.0,0.01
23,mean,17,real,train,canonical,1.0,0.01
23,mean,17,real,train,paraphrase,1.0,0.01
23,mean,17,shuffled_labels,dev,canonical,0.6875,1
23,mean,17,shuffled_labels,dev,paraphrase,0.6875,1
23,mean,17,shuffled_labels,expression,canonical,0.4166666666666667,1
23,mean,17,shuffled_labels,expression,paraphrase,0.3958333333333333,1
23,mean,17,shuffled_labels,iid,canonical,0.7083333333333334,1
23,mean,17,shuffled_labels,iid,paraphrase,0.6666666666666666,1
23,mean,17,shuffled_labels,joint,canonical,0.4947916666666667,1
23,mean,17,shuffled_labels,joint,paraphrase,0.5,1
23,mean,17,shuffled_labels,template,canonical,0.625,1
23,mean,17,shuffled_labels,template,paraphrase,0.7083333333333334,1
23,mean,17,shuffled_labels,topic,canonical,0.65625,1
23,mean,17,shuffled_labels,topic,paraphrase,0.6354166666666666,1
23,mean,17,shuffled_labels,train,canonical,0.6636904761904762,1
23,mean,17,shuffled_labels,train,paraphrase,0.6369047619047619,1
23,mean,29,real,dev,canonical,1.0,0.01
23,mean,29,real,dev,paraphrase,1.0,0.01
23,mean,29,real,expression,canonical,0.5,0.01
23,mean,29,real,expression,paraphrase,0.5,0.01
23,mean,29,real,iid,canonical,1.0,0.01
23,mean,29,real,iid,paraphrase,1.0,0.01
23,mean,29,real,joint,canonical,0.5,0.01
23,mean,29,real,joint,paraphrase,0.5,0.01
23,mean,29,real,template,canonical,1.0,0.01
23,mean,29,real,template,paraphrase,1.0,0.01
23,mean,29,real,topic,canonical,1.0,0.01
23,mean,29,real,topic,paraphrase,1.0,0.01
23,mean,29,real,train,canonical,1.0,0.01
23,mean,29,real,train,paraphrase,1.0,0.01
23,mean,29,shuffled_labels,dev,canonical,0.6666666666666666,10
23,mean,29,shuffled_labels,dev,paraphrase,0.6666666666666666,10
23,mean,29,shuffled_labels,expression,canonical,0.3958333333333333,10
23,mean,29,shuffled_labels,expression,paraphrase,0.3333333333333333,10
23,mean,29,shuffled_labels,iid,canonical,0.625,10
23,mean,29,shuffled_labels,iid,paraphrase,0.625,10
23,mean,29,shuffled_labels,joint,canonical,0.5,10
23,mean,29,shuffled_labels,joint,paraphrase,0.4895833333333333,10
23,mean,29,shuffled_labels,template,canonical,0.6458333333333334,10
23,mean,29,shuffled_labels,template,paraphrase,0.7083333333333334,10
23,mean,29,shuffled_labels,topic,canonical,0.6302083333333334,10
23,mean,29,shuffled_labels,topic,paraphrase,0.6354166666666666,10
23,mean,29,shuffled_labels,train,canonical,0.6339285714285714,10
23,mean,29,shuffled_labels,train,paraphrase,0.6220238095238095,10
23,mean,43,real,dev,canonical,1.0,0.01
23,mean,43,real,dev,paraphrase,1.0,0.01
23,mean,43,real,expression,canonical,0.5,0.01
23,mean,43,real,expression,paraphrase,0.5,0.01
23,mean,43,real,iid,canonical,1.0,0.01
23,mean,43,real,iid,paraphrase,1.0,0.01
23,mean,43,real,joint,canonical,0.5,0.01
23,mean,43,real,joint,paraphrase,0.5,0.01
23,mean,43,real,template,canonical,1.0,0.01
23,mean,43,real,template,paraphrase,1.0,0.01
23,mean,43,real,topic,canonical,1.0,0.01
23,mean,43,real,topic,paraphrase,1.0,0.01
23,mean,43,real,train,canonical,1.0,0.01
23,mean,43,real,train,paraphrase,1.0,0.01
23,mean,43,shuffled_labels,dev,canonical,0.6458333333333334,10
23,mean,43,shuffled_labels,dev,paraphrase,0.6458333333333334,10
23,mean,43,shuffled_labels,expression,canonical,0.3333333333333333,10
23,mean,43,shuffled_labels,expression,paraphrase,0.3541666666666667,10
23,mean,43,shuffled_labels,iid,canonical,0.7291666666666666,10
23,mean,43,shuffled_labels,iid,paraphrase,0.7083333333333334,10
23,mean,43,shuffled_labels,joint,canonical,0.5,10
23,mean,43,shuffled_labels,joint,paraphrase,0.5,10
23,mean,43,shuffled_labels,template,canonical,0.625,10
23,mean,43,shuffled_labels,template,paraphrase,0.7083333333333334,10
23,mean,43,shuffled_labels,topic,canonical,0.6302083333333334,10
23,mean,43,shuffled_labels,topic,paraphrase,0.6302083333333334,10
23,mean,43,shuffled_labels,train,canonical,0.6130952380952381,10
23,mean,43,shuffled_labels,train,paraphrase,0.6160714285714286,10
28,last,17,real,dev,canonical,1.0,0.01
28,last,17,real,dev,paraphrase,1.0,0.01
28,last,17,real,expression,canonical,1.0,0.01
28,last,17,real,expression,paraphrase,1.0,0.01
28,last,17,real,iid,canonical,1.0,0.01
28,last,17,real,iid,paraphrase,1.0,0.01
28,last,17,real,joint,canonical,1.0,0.01
28,last,17,real,joint,paraphrase,0.9635416666666666,0.01
28,last,17,real,template,canonical,1.0,0.01
28,last,17,real,template,paraphrase,1.0,0.01
28,last,17,real,topic,canonical,0.9947916666666666,0.01
28,last,17,real,topic,paraphrase,0.9947916666666666,0.01
28,last,17,real,train,canonical,1.0,0.01
28,last,17,real,train,paraphrase,0.9970238095238095,0.01
28,last,17,shuffled_labels,dev,canonical,0.625,10
28,last,17,shuffled_labels,dev,paraphrase,0.53125,10
28,last,17,shuffled_labels,expression,canonical,0.8333333333333334,10
28,last,17,shuffled_labels,expression,paraphrase,0.7291666666666666,10
28,last,17,shuffled_labels,iid,canonical,0.625,10
28,last,17,shuffled_labels,iid,paraphrase,0.5625,10
28,last,17,shuffled_labels,joint,canonical,0.8541666666666666,10
28,last,17,shuffled_labels,joint,paraphrase,0.7760416666666666,10
28,last,17,shuffled_labels,template,canonical,0.6875,10
28,last,17,shuffled_labels,template,paraphrase,0.6041666666666666,10
28,last,17,shuffled_labels,topic,canonical,0.6354166666666666,10
28,last,17,shuffled_labels,topic,paraphrase,0.578125,10
28,last,17,shuffled_labels,train,canonical,0.6160714285714286,10
28,last,17,shuffled_labels,train,paraphrase,0.5684523809523809,10
28,last,29,real,dev,canonical,1.0,0.01
28,last,29,real,dev,paraphrase,1.0,0.01
28,last,29,real,expression,canonical,1.0,0.01
28,last,29,real,expression,paraphrase,1.0,0.01
28,last,29,real,iid,canonical,1.0,0.01
28,last,29,real,iid,paraphrase,1.0,0.01
28,last,29,real,joint,canonical,1.0,0.01
28,last,29,real,joint,paraphrase,0.9427083333333334,0.01
28,last,29,real,template,canonical,0.9791666666666666,0.01
28,last,29,real,template,paraphrase,1.0,0.01
28,last,29,real,topic,canonical,1.0,0.01
28,last,29,real,topic,paraphrase,1.0,0.01
28,last,29,real,train,canonical,1.0,0.01
28,last,29,real,train,paraphrase,0.9970238095238095,0.01
28,last,29,shuffled_labels,dev,canonical,0.7083333333333334,10
28,last,29,shuffled_labels,dev,paraphrase,0.5833333333333334,10
28,last,29,shuffled_labels,expression,canonical,0.7708333333333334,10
28,last,29,shuffled_labels,expression,paraphrase,0.5833333333333334,10
28,last,29,shuffled_labels,iid,canonical,0.7291666666666666,10
28,last,29,shuffled_labels,iid,paraphrase,0.5625,10
28,last,29,shuffled_labels,joint,canonical,0.71875,10
28,last,29,shuffled_labels,joint,paraphrase,0.59375,10
28,last,29,shuffled_labels,template,canonical,0.625,10
28,last,29,shuffled_labels,template,paraphrase,0.4583333333333333,10
28,last,29,shuffled_labels,topic,canonical,0.734375,10
28,last,29,shuffled_labels,topic,paraphrase,0.5729166666666666,10
28,last,29,shuffled_labels,train,canonical,0.6994047619047619,10
28,last,29,shuffled_labels,train,paraphrase,0.5565476190476191,10
28,last,43,real,dev,canonical,1.0,0.01
28,last,43,real,dev,paraphrase,1.0,0.01
28,last,43,real,expression,canonical,1.0,0.01
28,last,43,real,expression,paraphrase,1.0,0.01
28,last,43,real,iid,canonical,1.0,0.01
28,last,43,real,iid,paraphrase,1.0,0.01
28,last,43,real,joint,canonical,0.9635416666666666,0.01
28,last,43,real,joint,paraphrase,0.8697916666666666,0.01
28,last,43,real,template,canonical,0.9791666666666666,0.01
28,last,43,real,template,paraphrase,1.0,0.01
28,last,43,real,topic,canonical,1.0,0.01
28,last,43,real,topic,paraphrase,0.9947916666666666,0.01
28,last,43,real,train,canonical,1.0,0.01
28,last,43,real,train,paraphrase,0.9970238095238095,0.01
28,last,43,shuffled_labels,dev,canonical,0.5625,10
28,last,43,shuffled_labels,dev,paraphrase,0.6041666666666666,10
28,last,43,shuffled_labels,expression,canonical,0.5833333333333334,10
28,last,43,shuffled_labels,expression,paraphrase,0.6458333333333334,10
28,last,43,shuffled_labels,iid,canonical,0.5416666666666666,10
28,last,43,shuffled_labels,iid,paraphrase,0.6458333333333334,10
28,last,43,shuffled_labels,joint,canonical,0.6979166666666666,10
28,last,43,shuffled_labels,joint,paraphrase,0.6302083333333334,10
28,last,43,shuffled_labels,template,canonical,0.5416666666666666,10
28,last,43,shuffled_labels,template,paraphrase,0.5833333333333334,10
28,last,43,shuffled_labels,topic,canonical,0.5,10
28,last,43,shuffled_labels,topic,paraphrase,0.6041666666666666,10
28,last,43,shuffled_labels,train,canonical,0.5625,10
28,last,43,shuffled_labels,train,paraphrase,0.6160714285714286,10
28,mean,17,real,dev,canonical,1.0,0.01
28,mean,17,real,dev,paraphrase,1.0,0.01
28,mean,17,real,expression,canonical,0.5,0.01
28,mean,17,real,expression,paraphrase,0.5625,0.01
28,mean,17,real,iid,canonical,1.0,0.01
28,mean,17,real,iid,paraphrase,1.0,0.01
28,mean,17,real,joint,canonical,0.5,0.01
28,mean,17,real,joint,paraphrase,0.5,0.01
28,mean,17,real,template,canonical,1.0,0.01
28,mean,17,real,template,paraphrase,1.0,0.01
28,mean,17,real,topic,canonical,1.0,0.01
28,mean,17,real,topic,paraphrase,0.96875,0.01
28,mean,17,real,train,canonical,1.0,0.01
28,mean,17,real,train,paraphrase,1.0,0.01
28,mean,17,shuffled_labels,dev,canonical,0.6145833333333334,10
28,mean,17,shuffled_labels,dev,paraphrase,0.5208333333333334,10
28,mean,17,shuffled_labels,expression,canonical,0.5833333333333334,10
28,mean,17,shuffled_labels,expression,paraphrase,0.75,10
28,mean,17,shuffled_labels,iid,canonical,0.6458333333333334,10
28,mean,17,shuffled_labels,iid,paraphrase,0.5208333333333334,10
28,mean,17,shuffled_labels,joint,canonical,0.6666666666666666,10
28,mean,17,shuffled_labels,joint,paraphrase,0.6875,10
28,mean,17,shuffled_labels,template,canonical,0.5625,10
28,mean,17,shuffled_labels,template,paraphrase,0.5208333333333334,10
28,mean,17,shuffled_labels,topic,canonical,0.6510416666666666,10
28,mean,17,shuffled_labels,topic,paraphrase,0.53125,10
28,mean,17,shuffled_labels,train,canonical,0.6011904761904762,10
28,mean,17,shuffled_labels,train,paraphrase,0.5505952380952381,10
28,mean,29,real,dev,canonical,1.0,0.01
28,mean,29,real,dev,paraphrase,1.0,0.01
28,mean,29,real,expression,canonical,0.5,0.01
28,mean,29,real,expression,paraphrase,0.5416666666666666,0.01
28,mean,29,real,iid,canonical,1.0,0.01
28,mean,29,real,iid,paraphrase,1.0,0.01
28,mean,29,real,joint,canonical,0.5,0.01
28,mean,29,real,joint,paraphrase,0.5,0.01
28,mean,29,real,template,canonical,1.0,0.01
28,mean,29,real,template,paraphrase,0.9375,0.01
28,mean,29,real,topic,canonical,1.0,0.01
28,mean,29,real,topic,paraphrase,0.9479166666666666,0.01
28,mean,29,real,train,canonical,1.0,0.01
28,mean,29,real,train,paraphrase,1.0,0.01
28,mean,29,shuffled_labels,dev,canonical,0.65625,10
28,mean,29,shuffled_labels,dev,paraphrase,0.6666666666666666,10
28,mean,29,shuffled_labels,expression,canonical,0.4166666666666667,10
28,mean,29,shuffled_labels,expression,paraphrase,0.3958333333333333,10
28,mean,29,shuffled_labels,iid,canonical,0.5833333333333334,10
28,mean,29,shuffled_labels,iid,paraphrase,0.625,10
28,mean,29,shuffled_labels,joint,canonical,0.5,10
28,mean,29,shuffled_labels,joint,paraphrase,0.4895833333333333,10
28,mean,29,shuffled_labels,template,canonical,0.6041666666666666,10
28,mean,29,shuffled_labels,template,paraphrase,0.5625,10
28,mean,29,shuffled_labels,topic,canonical,0.6614583333333334,10
28,mean,29,shuffled_labels,topic,paraphrase,0.6666666666666666,10
28,mean,29,shuffled_labels,train,canonical,0.625,10
28,mean,29,shuffled_labels,train,paraphrase,0.6458333333333334,10
28,mean,43,real,dev,canonical,1.0,0.01
28,mean,43,real,dev,paraphrase,1.0,0.01
28,mean,43,real,expression,canonical,0.5,0.01
28,mean,43,real,expression,paraphrase,0.5208333333333334,0.01
28,mean,43,real,iid,canonical,1.0,0.01
28,mean,43,real,iid,paraphrase,1.0,0.01
28,mean,43,real,joint,canonical,0.5,0.01
28,mean,43,real,joint,paraphrase,0.5,0.01
28,mean,43,real,template,canonical,1.0,0.01
28,mean,43,real,template,paraphrase,0.9583333333333334,0.01
28,mean,43,real,topic,canonical,1.0,0.01
28,mean,43,real,topic,paraphrase,0.9375,0.01
28,mean,43,real,train,canonical,1.0,0.01
28,mean,43,real,train,paraphrase,1.0,0.01
28,mean,43,shuffled_labels,dev,canonical,0.5208333333333334,0.01
28,mean,43,shuffled_labels,dev,paraphrase,0.3854166666666667,0.01
28,mean,43,shuffled_labels,expression,canonical,0.4375,0.01
28,mean,43,shuffled_labels,expression,paraphrase,0.22916666666666666,0.01
28,mean,43,shuffled_labels,iid,canonical,0.5,0.01
28,mean,43,shuffled_labels,iid,paraphrase,0.3958333333333333,0.01
28,mean,43,shuffled_labels,joint,canonical,0.3333333333333333,0.01
28,mean,43,shuffled_labels,joint,paraphrase,0.359375,0.01
28,mean,43,shuffled_labels,template,canonical,0.3333333333333333,0.01
28,mean,43,shuffled_labels,template,paraphrase,0.5,0.01
28,mean,43,shuffled_labels,topic,canonical,0.53125,0.01
28,mean,43,shuffled_labels,topic,paraphrase,0.453125,0.01
28,mean,43,shuffled_labels,train,canonical,0.5416666666666666,0.01
28,mean,43,shuffled_labels,train,paraphrase,0.3869047619047619,0.01
