method,rank,seed,split,refit_probe_accuracy,frozen_probe_accuracy,content_recall1,content_mrr
none,0,17,iid,1.0,1.0,1.0,1.0
none,0,17,topic,1.0,1.0,1.0,1.0
none,0,17,template,1.0,1.0,1.0,1.0
none,0,17,expression,0.5,0.5,1.0,1.0
none,0,17,joint,0.5,0.5,0.9791666666666666,0.9895833333333334
difference_svd,1,17,iid,0.6458333333333334,0.5,1.0,1.0
difference_svd,1,17,topic,0.65625,0.5,1.0,1.0
difference_svd,1,17,template,0.375,0.5,1.0,1.0
difference_svd,1,17,expression,0.8958333333333334,0.5,1.0,1.0
difference_svd,1,17,joint,0.6822916666666666,0.5,0.9791666666666666,0.9895833333333334
difference_svd,8,17,iid,0.4375,0.5,1.0,1.0
difference_svd,8,17,topic,0.53125,0.5,1.0,1.0
difference_svd,8,17,template,0.5416666666666666,0.5,1.0,1.0
difference_svd,8,17,expression,0.25,0.5,1.0,1.0
difference_svd,8,17,joint,0.23958333333333334,0.5,0.9791666666666666,0.9895833333333334
random,1,17,iid,1.0,1.0,1.0,1.0
random,1,17,topic,1.0,1.0,1.0,1.0
random,1,17,template,1.0,1.0,1.0,1.0
random,1,17,expression,0.5,0.5,1.0,1.0
random,1,17,joint,0.5,0.5,0.9791666666666666,0.9895833333333334
random,1,29,iid,1.0,1.0,1.0,1.0
random,1,29,topic,1.0,1.0,1.0,1.0
random,1,29,template,1.0,1.0,1.0,1.0
random,1,29,expression,0.5,0.5,1.0,1.0
random,1,29,joint,0.5,0.5,0.9791666666666666,0.9895833333333334
random,1,43,iid,1.0,1.0,1.0,1.0
random,1,43,topic,1.0,1.0,1.0,1.0
random,1,43,template,1.0,1.0,1.0,1.0
random,1,43,expression,0.5,0.5,1.0,1.0
random,1,43,joint,0.5,0.5,0.9791666666666666,0.9895833333333334
random,8,17,iid,1.0,1.0,1.0,1.0
random,8,17,topic,1.0,1.0,1.0,1.0
random,8,17,template,1.0,1.0,1.0,1.0
random,8,17,expression,0.5,0.5,1.0,1.0
random,8,17,joint,0.5,0.5,0.9791666666666666,0.9895833333333334
random,8,29,iid,1.0,1.0,1.0,1.0
random,8,29,topic,1.0,1.0,1.0,1.0
random,8,29,template,1.0,1.0,1.0,1.0
random,8,29,expression,0.5,0.5,1.0,1.0
random,8,29,joint,0.5,0.5,0.9791666666666666,0.9895833333333334
random,8,43,iid,1.0,1.0,1.0,1.0
random,8,43,topic,1.0,1.0,1.0,1.0
random,8,43,template,1.0,1.0,1.0,1.0
random,8,43,expression,0.5,0.5,1.0,1.0
random,8,43,joint,0.5,0.5,0.9791666666666666,0.9895833333333334
