mode,seed,alpha,split,variant,mse,recall1,mrr
length_only,17,0.1,dev,canonical,0.3896163400437422,1.0,1.0
length_only,17,0.1,expression,canonical,82.73577236376042,0.0,0.4305555555555555
length_only,17,0.1,iid,canonical,0.4662633313834577,1.0,1.0
length_only,17,0.1,joint,canonical,69.16402387532804,0.0,0.2873263888888889
length_only,17,0.1,template,canonical,0.1643468056230548,1.0,1.0
length_only,17,0.1,topic,canonical,0.5049554260612664,1.0,1.0
length_only,17,0.1,train,canonical,0.5041606131004098,1.0,1.0
length_only,17,0.1,expression,paraphrase,123.69711752701075,0.0,0.3368055555555555
length_only,17,0.1,iid,paraphrase,0.5011742775542247,0.4583333333333333,0.7291666666666666
length_only,17,0.1,joint,paraphrase,83.7792643847344,0.0,0.3420138888888889
length_only,17,0.1,template,paraphrase,6.3479524147148565,0.6666666666666666,0.8333333333333334
length_only,17,0.1,topic,paraphrase,0.5308912841184398,0.4166666666666667,0.7083333333333334
length_only,29,0.01,dev,canonical,0.3874675702366163,1.0,1.0
length_only,29,0.01,expression,canonical,83.66994019435576,0.0,0.4305555555555555
length_only,29,0.01,iid,canonical,0.49828735036935096,1.0,1.0
length_only,29,0.01,joint,canonical,69.01201176023503,0.0,0.2881944444444444
length_only,29,0.01,template,canonical,0.15855044561085282,1.0,1.0
length_only,29,0.01,topic,canonical,0.5071743017683613,1.0,1.0
length_only,29,0.01,train,canonical,0.5125671630317766,1.0,1.0
length_only,29,0.01,expression,paraphrase,124.81948198028753,0.0,0.3368055555555555
length_only,29,0.01,iid,paraphrase,0.5354163477781396,0.375,0.6875
length_only,29,0.01,joint,paraphrase,83.62040359750601,0.0,0.3428819444444444
length_only,29,0.01,template,paraphrase,6.37282488791332,0.6666666666666666,0.8333333333333334
length_only,29,0.01,topic,paraphrase,0.5348342317846837,0.3958333333333333,0.6979166666666666
length_only,43,1,dev,canonical,0.40013765364923193,1.0,1.0
length_only,43,1,expression,canonical,82.05138880988909,0.0,0.4305555555555555
length_only,43,1,iid,canonical,0.4617696654700314,1.0,1.0
length_only,43,1,joint,canonical,68.70649465449671,0.0,0.2890625
length_only,43,1,template,canonical,0.16972338541014936,1.0,1.0
length_only,43,1,topic,canonical,0.4998014023870743,1.0,1.0
length_only,43,1,train,canonical,0.5057380136699693,1.0,1.0
length_only,43,1,expression,paraphrase,122.86087707344515,0.0,0.3368055555555555
length_only,43,1,iid,paraphrase,0.4956786186833975,0.2916666666666667,0.6458333333333334
length_only,43,1,joint,paraphrase,83.27487327511233,0.0,0.3428819444444445
length_only,43,1,template,paraphrase,6.479641121730892,0.625,0.8125
length_only,43,1,topic,paraphrase,0.5245218779960394,0.3229166666666667,0.6614583333333334
length_template,17,0.01,dev,canonical,0.4117664941567783,1.0,1.0
length_template,17,0.01,expression,canonical,82.59525241902155,0.0,0.4305555555555555
length_template,17,0.01,iid,canonical,0.4815294025270621,1.0,1.0
length_template,17,0.01,joint,canonical,71.1290843330837,0.0,0.2795138888888889
length_template,17,0.01,template,canonical,0.181341924098313,1.0,1.0
length_template,17,0.01,topic,canonical,0.5083101287407443,1.0,1.0
length_template,17,0.01,train,canonical,0.5027867618744827,1.0,1.0
length_template,17,0.01,expression,paraphrase,123.52064561379493,0.0,0.3368055555555555
length_template,17,0.01,iid,paraphrase,0.5184300797642474,0.5,0.75
length_template,17,0.01,joint,paraphrase,85.924604004939,0.0,0.3350694444444445
length_template,17,0.01,template,paraphrase,5.805794992887947,0.9583333333333334,0.9791666666666666
length_template,17,0.01,topic,paraphrase,0.5362618968479159,0.4583333333333333,0.7291666666666666
length_template,29,100,dev,canonical,0.41755925280682427,1.0,1.0
length_template,29,100,expression,canonical,83.05730668094384,0.0,0.4375
length_template,29,100,iid,canonical,0.4935269993353347,1.0,1.0
length_template,29,100,joint,canonical,72.98492084385354,0.0,0.2829861111111111
length_template,29,100,template,canonical,0.18790966031610332,1.0,1.0
length_template,29,100,topic,canonical,0.5841788611678269,1.0,1.0
length_template,29,100,train,canonical,0.5406609500595779,1.0,1.0
length_template,29,100,expression,paraphrase,124.10813954018137,0.0,0.3333333333333333
length_template,29,100,iid,paraphrase,0.529294572539196,0.4166666666666667,0.7083333333333334
length_template,29,100,joint,paraphrase,87.95918926118729,0.0,0.33767361111111116
length_template,29,100,template,paraphrase,5.403295692163627,0.9166666666666666,0.9583333333333334
length_template,29,100,topic,paraphrase,0.6123253190939296,0.4479166666666667,0.7239583333333334
length_template,43,0.01,dev,canonical,0.39301768371034534,1.0,1.0
length_template,43,0.01,expression,canonical,82.22254373285672,0.0,0.4305555555555555
length_template,43,0.01,iid,canonical,0.46131937766117753,1.0,1.0
length_template,43,0.01,joint,canonical,68.38171117859825,0.0,0.2829861111111111
length_template,43,0.01,template,canonical,0.1782334548693372,1.0,1.0
length_template,43,0.01,topic,canonical,0.48813643271449,1.0,1.0
length_template,43,0.01,train,canonical,0.5033949409558569,1.0,1.0
length_template,43,0.01,expression,paraphrase,123.06676515587415,0.0,0.3368055555555555
length_template,43,0.01,iid,paraphrase,0.49638252890722107,0.3333333333333333,0.6666666666666666
length_template,43,0.01,joint,paraphrase,82.91396209197039,0.0,0.3411458333333333
length_template,43,0.01,template,paraphrase,6.5745120472606216,0.7916666666666666,0.8958333333333334
length_template,43,0.01,topic,paraphrase,0.514064069391206,0.34375,0.671875
