mode,split,variant,accuracy
length,dev,canonical,0.6041666666666666
length,dev,paraphrase,0.5
length,expression,canonical,0.3333333333333333
length,expression,paraphrase,0.3333333333333333
length,iid,canonical,0.625
length,iid,paraphrase,0.5
length,joint,canonical,0.375
length,joint,paraphrase,0.375
length,template,canonical,0.625
length,template,paraphrase,0.7708333333333334
length,topic,canonical,0.5572916666666666
length,topic,paraphrase,0.5
length,train,canonical,0.6041666666666666
length,train,paraphrase,0.5
lexical_template_length,dev,canonical,1.0
lexical_template_length,dev,paraphrase,0.8854166666666666
lexical_template_length,expression,canonical,0.5
lexical_template_length,expression,paraphrase,0.3541666666666667
lexical_template_length,iid,canonical,1.0
lexical_template_length,iid,paraphrase,0.7708333333333334
lexical_template_length,joint,canonical,0.5
lexical_template_length,joint,paraphrase,0.5
lexical_template_length,template,canonical,1.0
lexical_template_length,template,paraphrase,1.0
lexical_template_length,topic,canonical,1.0
lexical_template_length,topic,paraphrase,0.8385416666666666
lexical_template_length,train,canonical,1.0
lexical_template_length,train,paraphrase,0.8273809523809523
